eb,operacion,tipo,municipio,titulo,liga
EB-LM1321,VENTA,edificio,Guadalajara,"ESTACIONAMIENTO "" GALICIA CENTRO""",https://www.aciertamax.com/property/estacionamiento-galicia-centro
EB-KQ9612,VENTA,edificio,Guadalajara,Hermosa edificio En Country Club,https://www.aciertamax.com/property/hermosa-edificio-en-country-club
EB-TY8718,VENTA,edificio,Guadalajara,VENTA PROPIEDAD COMERCIAL ITALIA PROVIDENCIA,https://www.aciertamax.com/property/venta-terreno-comercial-italia-providencia-italia-providencia
EB-PK4269,VENTA,casa con uso de suelo,Guadalajara,Se vende Hotel en Av. Vallarta,https://www.aciertamax.com/property/se-vende-hotel-en-av-vallarta
EB-UE1075,VENTA,edificio,Guadalajara,Edificio de locales comerciales y oficinas a la venta en Avenida Chapultepec,https://www.aciertamax.com/property/edificio-de-locales-comerciales-y-oficinas-a-la-venta-en-avenida-chapultepec
EB-WW7616,VENTA,bodega industrial,Guadalajara,"BODEGA EN VENTA, ZONA INDUSTRIAL",https://www.aciertamax.com/property/bodega-en-venta-zona-industrial-morelos
EB-LV9363,VENTA,edificio,Guadalajara,Hospital en Venta en Ladron de Guevara,https://www.aciertamax.com/property/hospital-en-venta-en-ladron-de-guevara
EB-UV1751,VENTA,oficina,Guadalajara,"Pisos de oficinas a la renta o venta en Elysian High Country, Country Club",https://www.aciertamax.com/property/pisos-de-oficinas-a-la-renta-en-elysian-high-country-country-club
EB-SJ0221,VENTA,oficina,Guadalajara,Oficinas en Venta en Corporativo Central Park Guadalajara.,https://www.aciertamax.com/property/oficinas-en-venta-en-corporativo-central-park-guadalajara
EB-OM5212,VENTA,terreno,Guadalajara,"TERRENO SOBRE AV. CHAPALITA PARA EDIFICIO O DEPARTAMENTOS, CHAPALITA, GUADALAJAR",https://www.aciertamax.com/property/terreno-sobre-av-chapalita-para-edificio-o-departamentos-chapalita-guadalajar
EB-WR5413,VENTA,bodega comercial,Guadalajara,BODEGA EN VENTAEN EL ROSARIO,https://www.aciertamax.com/property/bodega-en-ventaen-el-rosario
EB-NI6546,VENTA,edificio,Guadalajara,EDIFICIO LUVIANO EN VENTA EN LA COLONIA AMERICANA,https://www.aciertamax.com/property/edificio-luviano-en-venta
EB-NK3242,VENTA,edificio,Guadalajara,Edificio sobre Lopez Cotilla,https://www.aciertamax.com/property/edificio-sobre-lopez-cotilla
EB-WN9251,VENTA,oficina,Guadalajara,Hospital en Venta en Providencia,https://www.aciertamax.com/property/hospital-en-venta-en-providencia
EB-WC3442,VENTA,terreno comercial,Guadalajara,SE VENDE PROPIEDAD PARA DESARROLLO VERTICAL O COMERCIAL . AV. AMERICA EN GDL.,https://www.aciertamax.com/property/terreno-propiedad-para-desarrollo-vertical-o-comercial-av-america-en-gdl
EB-VG9021,VENTA,terreno comercial,Guadalajara,OPORTUNIDAD! LOCAL COMERCIAL SOBRE AV REVOLUCION,https://www.aciertamax.com/property/oportunidad-local-comercial-sobre-av-revolucion
EB-WV8653,VENTA,casa,Guadalajara,Casa en venta Lomas del Valle,https://www.aciertamax.com/property/casa-en-venta-lomas-del-valle-140b8f38-6513-4883-a9fa-8af690852c3c
EB-OL5598,VENTA,terreno,Guadalajara,Oportunidad Única: Terreno-Bodega en Venta en Zona Comercial de Guadalajara,https://www.aciertamax.com/property/oportunidad-unica-terreno-bodega-en-venta-en-zona-comercial-de-guadalajara
EB-OL5585,VENTA,bodega comercial,Guadalajara,Oportunidad Única: Bodega en Venta en Zona Comercial de Guadalajara,https://www.aciertamax.com/property/oportunidad-unica-bodega-en-venta-en-zona-comercial-de-guadalajara
EB-WB8250,VENTA,edificio,Guadalajara,"EDIFICIO COMPLETO EN VENTA EN AV. VALLARTA, COLONIA AMERICANA",https://www.aciertamax.com/property/edificio-completo-en-venta-en-av-vallarta-colonia-americana
EB-UC1322,VENTA,edificio,Guadalajara,"Venta de Edificio en Col. Americana, Guadalajara Jalisco",https://www.aciertamax.com/property/venta-de-edificio-en-guadalajara
EB-UV2846,VENTA,oficina,Guadalajara,"OFICINAS EN VENTA EN TORRE BANSI, LOPEZ MATEOS Piso 28",https://www.aciertamax.com/property/oficinas-en-venta-en-torre-bansi-lopez-mateos-piso-28
EB-PY9151,VENTA,bodega industrial,Guadalajara,BODEGA EN VENTA CON OFICINAS COL. SAN CARLOS,https://www.aciertamax.com/property/bodega-en-venta-con-oficinas-col-san-carlos
EB-SO4985,VENTA,terreno,Guadalajara,"EN ESQUINA, TERRENO COMERCIAL HABITACIONAL VERTICAL CS-3",https://www.aciertamax.com/property/en-esquina-terreno-comercial-habitacional-vertical-cs-3
EB-JV1505,VENTA,local comercial,Guadalajara,Local comercial en venta,https://www.aciertamax.com/property/local-comercial-en-venta-santa-elena-alcalde-oriente
EB-RH9703,VENTA,casa con uso de suelo,Guadalajara,Propiedad con Uso de Suelo para Comercio y Servicios,https://www.aciertamax.com/property/propiedad-con-uso-de-suelo-para-comercio-y-servicios
EB-WV8572,VENTA,casa,Guadalajara,Casa espectacular en venta en  colinas de Sn Javier,https://www.aciertamax.com/property/casa-espectacular-en-venta-en-colinas-de-sn-javier
EB-TK9175,VENTA,bodega comercial,Guadalajara,Bodega en venta en González Gallo I Guadalajara,https://www.aciertamax.com/property/excelente-bodega-en-gonzales-gallo-atencion-inversionistas-oportunidad-unica
EB-JS9723,VENTA,casa,Guadalajara,Casa Habitacion/ Locales comerciales /Oficinas,https://www.aciertamax.com/property/casa-habitacion-locales-comerciales-oficinas
EB-RR1893,VENTA,bodega industrial,Guadalajara,Bodega en VENTA  en Zona Industrial de Guadalajara,https://www.aciertamax.com/property/bodega-en-venta-y-renta-en-zona-industrial-de-guadalajara
EB-WD9487,VENTA,edificio,Guadalajara,"Edificio Comercial en venta, sobre Niños Héroes en esquina, a una cuadra de  Enr",https://www.aciertamax.com/property/edificio-comercial-en-venta-sobre-ninos-heroes-en-esquina-a-una-cuadra-de-enr
EB-VK9849,VENTA,edificio,Guadalajara,Edificio completo en Venta - excelente oportunidad de Inversión,https://www.aciertamax.com/property/edificio-completo-en-venta-excelente-oportunidad-de-inversion
EB-UL6830,VENTA,bodega comercial,Guadalajara,Excelente Bodega sobre Avenida Principal del Mercado de Abastos (enfocado en ubi,https://www.aciertamax.com/property/excelente-bodega-sobre-avenida-principal-del-mercado-de-abastos-enfocado-en-ubi
EB-VD9017,VENTA,terreno comercial,Guadalajara,"🏗️ Terreno Comercial en Venta sobre Av. Inglaterra | Jardines del Bosque, Gdl.",https://www.aciertamax.com/property/terreno-comercial-en-venta-sobre-av-inglaterra-jardines-del-bosque-gdl
EB-UQ4620,VENTA,edificio,Guadalajara,Hospital en Funcionamiento en Venta en Zona Oblatos,https://www.aciertamax.com/property/hospital-en-funcionamiento-en-venta-en-zona-oblatos
EB-RF9707,VENTA,edificio,Guadalajara,Edificio en venta en zona centro en Guadalajara sobre avenida Enrique Diaz de Le,https://www.aciertamax.com/property/edificio-en-venta-en-zona-centro-en-guadalajara-sobre-avenida-enrique-diaz-de-le
EB-NB6710,VENTA,edificio,Guadalajara,Edificio en VENTA Sobre Av Enrique días de León,https://www.aciertamax.com/property/edificio-en-renta-sobre-av-enrique-dias-de-leon
EB-UQ1747,VENTA,terreno industrial,Guadalajara,Terreno zona industrial en venta en Gobernador Curiel Guadalajara,https://www.aciertamax.com/property/terreno-en-venta-gobernador-luis-g-curiel
EB-JX5152,VENTA,local comercial,Guadalajara,EDIFICIO EN VENTA EN PLAZA COMERCIAL PUNTO CORONA,https://www.aciertamax.com/property/en-venta-plaza-comercial-punto-corona
EB-UZ5539,VENTA,local en centro comercial,Guadalajara,"GUADALAJARA, JALISCO, AV 8 DE JULIO 1896, LOCAL COMERCIAL EN VENTA",https://www.aciertamax.com/property/guadalajara-jalisco-av-8-de-julio-1896-local-comercial-en-venta
EB-RC9003,VENTA,edificio,Guadalajara,EDIFICIO CENTRICO IDEAL HOTEL BOUTIQUE,https://www.aciertamax.com/property/edificio-centrico-ideal-hotel-boutique
EB-VM6793,VENTA,bodega industrial,Guadalajara,Bodega Industrial Venta Zona Industrial lomas de polanco,https://www.aciertamax.com/property/bodega-industrial-venta-zona-industrial-lomas-de-polanco
EB-VN0728,VENTA,bodega industrial,Guadalajara,Bodega en renta a pie de las vías del tren Colonia Del Fresno,https://www.aciertamax.com/property/bodega-en-renta-a-pie-de-las-vias-del-tren-colonia-del-fresno
EB-MS0999,VENTA,edificio,Guadalajara,Edificio En Venta En Colonia Centro Guadalajara,https://www.aciertamax.com/property/edificio-en-venta-en-colonia-centro-guadalajara
EB-WT1062,VENTA,terreno,Guadalajara,"Terreno En Venta Sobre Av. Alcalde, Guadalajara",https://www.aciertamax.com/property/terreno-en-venta-sobre-av-alcalde-guadalajara
EB-TA9697,VENTA,oficina,Guadalajara,OFICINA EN VENTA EN RUBEN DARIO,https://www.aciertamax.com/property/oficina-en-venta-en-ruben-dario-circunvalacion-vallarta-guadalajara
EB-SH7713,VENTA,bodega comercial,Guadalajara,🏗️ BODEGA INDUSTRIAL en Av. Lázaro Cárdenas (ZONA DE ABASTOS),https://www.aciertamax.com/property/terreno-estrategico-en-av-lazaro-cardenas-oportunidad-unica-de-inversion
EB-OA7597,VENTA,edificio,Guadalajara,"Edificio en Venta, Arcos Vallarta, Guadalajara",https://www.aciertamax.com/property/edificio-en-venta-arcos-vallarta-guadalajara
EB-SC3429,VENTA,bodega comercial,Guadalajara,EDIFICIO EN VENTA EN AV WASHINGTON,https://www.aciertamax.com/property/bodega-funeraria-en-venta-en-av-washington
EB-VU8471,VENTA,edificio,Guadalajara,"Edificio en venta | Av. Revolución y Corona, GDL",https://www.aciertamax.com/property/edificio-en-venta-av-revolucion-y-corona-gdl
EB-RS5777,VENTA,bodega comercial,Guadalajara,Bodega en Mercado de Abastos,https://www.aciertamax.com/property/bodega-en-mercado-de-abastos-mercado-de-abastos
EB-UU5658,VENTA,edificio,Guadalajara,"Edificio en Venta Av. Federalismo Norte Jardines del Country, Guadalajara, Jal.",https://www.aciertamax.com/property/edificio-en-venta-av-federalismo-norte-jardines-del-country-guadalajara-jal
EB-WQ1420,VENTA,edificio,Guadalajara,Edificio a la venta en la zona centro de Guadalajara,https://www.aciertamax.com/property/edificio-a-la-venta-en-la-zona-centro-de-guadalajara
EB-VO0027,VENTA,local comercial,Guadalajara,"Local Comercial/Oficina en Venta en Ladrón de Guevara, Guadalajara, Jalisco",https://www.aciertamax.com/property/desarrollo-de-uso-mixto-con-oficinas-area-comercial-y-residencias-arcos-local-comercial
EB-WG2873,VENTA,edificio,Guadalajara,Hotel Boutique en Venta en Zona Centro de Guadalajara,https://www.aciertamax.com/property/hotel-boutique-en-venta-en-zona-centro-de-guadalajara
EB-VK0588,VENTA,oficina,Guadalajara,Venta y Renta de Edificio en Zona Minerva - Multiusos para Oficinas,https://www.aciertamax.com/property/venta-y-renta-de-edificio-multiusos-para-oficinas-en-zona-minerva
EB-VY4232,VENTA,oficina,Guadalajara,OFICINA EN VENTA EN ATRIVA,https://www.aciertamax.com/property/oficina-en-venta-en-atriva-vallarta-norte
EB-WS8330,VENTA,casa,Guadalajara,Lomas de Guevara,https://www.aciertamax.com/property/lomas-de-guevara-lomas-de-guevara-casa
EB-WF0541,VENTA,bodega comercial,Guadalajara,Bodega comercial en VENTA en Colón Industrial,https://www.aciertamax.com/property/bodega-comercial-en-venta-en-colon-industrial
EB-VD9068,VENTA,casa con uso de suelo,Guadalajara,🏢 Casa con Uso de Suelo Comercial en Venta en Ladrón de Guevara | Guadalajara,https://www.aciertamax.com/property/casa-con-uso-de-suelo-comercial-en-venta-en-ladron-de-guevara-guadalajara
EB-QL0991,VENTA,oficina,Guadalajara,Oficina  En Venta o Renta Corporativo Rubén Dario,https://www.aciertamax.com/property/oficina-en-venta-o-renta-corporativo-ruben-dario
EB-WN2908,VENTA,bodega comercial,Guadalajara,Bodega en Venta en Guadalajara,https://www.aciertamax.com/property/bodega-en-venta-en-guadalajara-quinta-velarde
EB-VF4662,VENTA,terreno comercial,Guadalajara,"Terreno Comercial en Venta – Av. Inglaterra, Jardines del Bosque GDL",https://www.aciertamax.com/property/terreno-comercial-en-venta-av-inglaterra-jardines-del-bosque-gdl
EB-WQ9956,VENTA,bodega comercial,Guadalajara,"BODEGA INDUSTRIAL EN VENTA | 1,345 M² TERRENO | 1,450 M² CONSTRUCCIÓN",https://www.aciertamax.com/property/bodega-industrial-en-venta-1-345-m-terreno-1-450-m-construccion
EB-VE6119,VENTA,bodega comercial,Guadalajara,"Bodega en Venta (Valor como Terreno) – Col. Ferrocarril $26,000,000",https://www.aciertamax.com/property/bodega-en-venta-valor-como-terreno-col-ferrocarril-26-000-000
EB-UG2600,VENTA,edificio,Guadalajara,Edificio de Oficinas en Venta – Torre Legacy López Mateos,https://www.aciertamax.com/property/edificio-en-venta-legacy-lopez-mateos
EB-IS1370,VENTA,local en centro comercial,Guadalajara,"Guadalajara, Jardines Plaza del sol, locales comerciales en venta",https://www.aciertamax.com/property/guadalajara-jardines-plaza-del-sol-local-comercial-jardines-de-plaza-del-sol-guadalajara
EB-WQ6222,VENTA,casa,Guadalajara,Hotel Boutique en Venta en Colonia Americana | Negocio en Funcionamiento,https://www.aciertamax.com/property/hotel-boutique-en-venta-en-colonia-americana-negocio-en-funcionamiento-americana
EB-WQ6080,VENTA,casa con uso de suelo,Guadalajara,Hotel Boutique en Venta en Colonia Americana | Negocio en Funcionamiento,https://www.aciertamax.com/property/hotel-boutique-en-venta-en-colonia-americana-negocio-en-funcionamiento
EB-VD6316,VENTA,bodega comercial,Guadalajara,"BODEGA EN VENTA – ZONA INDUSTRIAL, GUADALAJARA (ARROZ 395)",https://www.aciertamax.com/property/bodega-en-venta-zona-industrial-guadalajara-arroz-395
EB-RE0169,VENTA,terreno,Guadalajara,TERRENO COMERCIAL COLONIA MODERNA,https://www.aciertamax.com/property/terreno-comercial-colonia-moderna
EB-WZ9102,VENTA,casa,Guadalajara,Casa en Venta en Jardines de San Ignacio,https://www.aciertamax.com/property/casa-en-venta-en-jardines-de-san-ignacio-chapalita
EB-WV7398,VENTA,bodega comercial,Guadalajara,Bodega en Venta de Dos Plantas en col. Moderna,https://www.aciertamax.com/property/bodega-en-venta-de-dos-plantas-en-col-moderna
EB-SN3383,VENTA,bodega comercial,Guadalajara,"Bodega en Venta/Renta, Excelente Ubicación.",https://www.aciertamax.com/property/bodega-en-venta-renta-excelente-ubicacion
EB-VO5613,VENTA,edificio,Guadalajara,HOTEL BOUTIQUE  EQUIPADO  EN VENTA,https://www.aciertamax.com/property/hotel-boutique-equipado-en-venta
EB-WU8955,VENTA,casa,Guadalajara,CASA EN VENTA COLONIA MODERNA,https://www.aciertamax.com/property/casa-en-venta-colonia-moderna-7f717499-8af5-41ad-9a83-06c1bedf76c7
EB-UL8342,VENTA,casa,Guadalajara,"VENTA Casa con 8 locales en C. Galeana, Colonia Centro,  Guadalajara.",https://www.aciertamax.com/property/venta-casa-con-8-locales-en-c-galeana-colonia-centro-guadalajara
EB-UM4051,VENTA,edificio,Guadalajara,"EDIFICIO EN VENTA EN GUADALAJARA, JALISCO (COLONIA MODERNA)",https://www.aciertamax.com/property/edificio-en-venta-en-guadalajara-jalisco-colonia-moderna
EB-WY1336,VENTA,bodega comercial,Guadalajara,"Bodega En Venta En Col. Belisario Domínguez, Guadalajara",https://www.aciertamax.com/property/bodega-en-venta-en-col-belisario-dominguez-guadalajara-belisario-dominguez
EB-SE8868,VENTA,bodega comercial,Guadalajara,Bodega con Area Comercial,https://www.aciertamax.com/property/bodega-con-area-comercial
EB-WZ8185,VENTA,edificio,Guadalajara,EDIFICIO  EN VENTA MIXTO EN AV. ENRIQUE DIAZ DE LEON.,https://www.aciertamax.com/property/edificio-en-venta-mixto-en-av-enrique-diaz-de-leon-santa-teresita
EB-WG9245,VENTA,oficina,Guadalajara,"Oficina en venta, JARDINES DEL BOSQUE",https://www.aciertamax.com/property/odicina-en-venta-jardines-del-bosque
EB-SP0039,VENTA,casa,Guadalajara,Casa en venta con uso de suelo comercial ideal para proyecto vertical,https://www.aciertamax.com/property/casa-en-venta-con-uso-de-suelo-comercial-ideal-para-proyecto-vertical
EB-VL3084,VENTA,bodega comercial,Guadalajara,BODEGA EN VENTA FRENTE AL MERCADO DE ABASTOS,https://www.aciertamax.com/property/bodega-en-venta-frente-al-mercado-de-abastos
EB-QR7742,VENTA,bodega comercial,Guadalajara,BODEGA EN VENTA EN LA ESPERANZA,https://www.aciertamax.com/property/bodega-en-venta-en-la-esperanza-la-federacha
EB-VY4167,VENTA,oficina,Guadalajara,OFICINA EN VENTA EN ATRIVA,https://www.aciertamax.com/property/oficina-en-venta-en-atriva
EB-WZ5396,VENTA,departamento,Guadalajara,Central Park Loft en Venta,https://www.aciertamax.com/property/central-park-loft-en-venta
EB-WN0637,VENTA,edificio,Guadalajara,EDIFICIO EN VENTA EN AVENIDA UNIÓN EN COL AMERICANA,https://www.aciertamax.com/property/se-vende-oficina-en-avenida-union-colonia-americana
EB-WV1464,VENTA,edificio,Guadalajara,Edificio en Venta para Clínica en  zona Country Guadalajara,https://www.aciertamax.com/property/edificio-en-venta-para-clinica-en-zona-country-guadalajara
EB-WU6179,VENTA,departamento,Guadalajara,Penthouse de 300 m² en venta en Providencia con 4 estacionamientos,https://www.aciertamax.com/property/ph-penthouse-de-300-m-en-venta-en-aires-providencia
EB-WK4106,VENTA,bodega comercial,Guadalajara,"BODEGA EN VENTA, MAGNIFICA UBICACION ""18 MARZO/COLON INDUSTRIAL""",https://www.aciertamax.com/property/bodega-en-venta-magnifica-ubicacion-18-marzo-colon-industrial
EB-VE9805,VENTA,edificio,Guadalajara,OPORTUNIDAD EDIFICIO EN VENTA SOBRE CHAPULTEPEC,https://www.aciertamax.com/property/oportunidad-edificio-en-venta-sobre-chapultepec
EB-VE9798,VENTA,local comercial,Guadalajara,EDIFICIO EN VENTA EN CHAPULTEPEC,https://www.aciertamax.com/property/edificio-en-venta-en-chapultepec
EB-SO0180,VENTA,local comercial,Guadalajara,LOCALES COMERCIALES EN VENTA COLONIA MODERNA,https://www.aciertamax.com/property/bodegas-comerciales-en-venta-colonia-moderna
EB-VS9081,VENTA,local comercial,Guadalajara,Locales en Venta en Federalismo,https://www.aciertamax.com/property/locales-en-venta-en-federalismo
EB-WS4175,VENTA,casa,Guadalajara,CASA CON VALOR ARTÍSTICO PARA RESTAURAR EN COLONIA ARCOS VALLARTA,https://www.aciertamax.com/property/casa-con-valor-artistico-para-restaurar-en-colonia-arcos-vallarta
EB-WN2676,VENTA,oficina,Guadalajara,EDIFICIO DE OFICINAS EN VENTA EN COLONIA AMERICANA.,https://www.aciertamax.com/property/edificio-de-oficinas-en-venta-en-colonia-americana
EB-WG9151,VENTA,oficina,Guadalajara,Oficina en Venta a 1 Cuadra de Lopez Mateos y Lazaro Cardenas,https://www.aciertamax.com/property/oficina-en-venta-a-1-cuadra-de-lopez-mateos-y-lazaro-cardenas
EB-VS9745,VENTA,oficina,Guadalajara,Oficina en venta en Av. México | Amueblada y equipada | Torre Novena México,https://www.aciertamax.com/property/oficina-en-venta-en-av-mexico-amueblada-y-equipada-torre-novena-mexico
EB-SR9426,VENTA,casa con uso de suelo,Guadalajara,Oficinas en Venta Calle Turquesa (Expo GDL),https://www.aciertamax.com/property/oficinas-en-venta-calle-turquesa-expo-gdl
EB-TI8431,VENTA,terreno,Guadalajara,Terreno en esquina Zona San Juan Bosco 1508m2 Guadalajara,https://www.aciertamax.com/property/terreno-en-esquina-zona-san-juan-bosco-1508m2-guadalajara-19-950-000
EB-RQ2408,VENTA,casa,Guadalajara,Casa y locales comerciales en venta,https://www.aciertamax.com/property/casa-y-locales-comerciales-en-venta
EB-WQ5003,VENTA,departamento,Guadalajara,"Departamento a la Venta en Torres Myth, Country Club,",https://www.aciertamax.com/property/departamento-a-la-venta-en-torres-myth-country-club
EB-QG1916,VENTA,oficina,Guadalajara,Oficina en Venta en Ladron de Guevara,https://www.aciertamax.com/property/oficina-en-venta-en-chapultepec-ladron-de-guevara
EB-QG1860,VENTA,oficina,Guadalajara,Oficina en Venta en Ladron de Guevara,https://www.aciertamax.com/property/oficina-en-venta-ladron-de-guevara-oficina
EB-VC1443,VENTA,local comercial,Guadalajara,Local comercial en venta en el centro de Guadalajara Jalisco,https://www.aciertamax.com/property/local-comercial-en-venta-en-el-centro-de-guadalajara-jalisco
EB-WU4433,VENTA,departamento,Guadalajara,Departamento Torre Nerea 200,https://www.aciertamax.com/property/departamento-torre-nerea-200
EB-VK6613,VENTA,casa con uso de suelo,Guadalajara,OFICINA EN  VENTA a MINUTOS DE LA MINERVA y Av. NIÑOS HEROES,https://www.aciertamax.com/property/oficina-en-venta-a-minutos-de-la-minerva-y-av-ninos-heroes
EB-QT7371,VENTA,nave industrial,Guadalajara,Bodega en venta en Mezquitan Country,https://www.aciertamax.com/property/bodega-en-venta-en-guadalajara-por-country-club
EB-WD0498,VENTA,local comercial,Guadalajara,EDIFICIO CENTRO GUADALAJARA,https://www.aciertamax.com/property/edificio-centro-guadalajara
EB-PK4453,VENTA,casa,Guadalajara,Casa Amueblada en Venta (Jardines del bosque),https://www.aciertamax.com/property/casa-en-venta-jardines-del-bosque-a7e978ba-e099-4275-8cfa-2bc3cf0767c0
EB-UU8278,VENTA,local comercial,Guadalajara,"Local comercial en venta Zona Santuario Guadalajara | 610 m², gran oportunidad",https://www.aciertamax.com/property/local-comercial-en-venta-zona-santuario-guadalajara-610-m-gran-oportunidad
EB-WN5171,VENTA,bodega comercial,Guadalajara,Bodega Comercial Colonia La Perla 1250m2,https://www.aciertamax.com/property/bodega-comercial-colonia-la-perla-1250m2
EB-TM0621,VENTA,casa,Guadalajara,Gran casa en Venta ideal para hostal u oficinas,https://www.aciertamax.com/property/gran-casa-en-venta-ideal-para-hostal-u-oficinas
EB-WG3102,VENTA,local comercial,Guadalajara,SE TRASPASA  CAFETERIA / TIENDA SOUVENIRS  JOYERO DE GUADALAJARA. (CABAÑAS),https://www.aciertamax.com/property/se-vende-cafeteria-tienda-souvenirs-centro-joyero-de-guadalajara
EB-MU3697,VENTA,local comercial,Guadalajara,"GUADALAJARA, JALISCO,  ANALCO LOCAL COMERCIAL VENTA",https://www.aciertamax.com/property/col-analco-venta-guadalajara-jalisco-analco
EB-WT1219,VENTA,local comercial,Guadalajara,"COMPLEJO EN VENTA EN COLINAS DE LA NORMAL, GUADALAJARA",https://www.aciertamax.com/property/complejo-en-venta-en-colinas-de-la-normal-guadalajara
EB-QG5219,VENTA,oficina,Guadalajara,Oficina en Venta en Ladrón de Guevara,https://www.aciertamax.com/property/oficina-en-venta-en-ladron-de-guevara-ladron-de-guevara-guadalajara
EB-SG0462,VENTA,local comercial,Guadalajara,"Terreno Comercial, a media cuadra Arquitectura UdG, Huentitan el Alto",https://www.aciertamax.com/property/locales-y-terraza-de-eventos-a-media-cuadra-arquitectura-udg-huentitan-el-alto
EB-TJ0660,VENTA,casa en condominio,Guadalajara,Casa En Venta En Colonia Providencia,https://www.aciertamax.com/property/casa-en-venta-en-colonia-providencia-lomas-de-guevara
EB-WU9013,VENTA,terreno comercial,Guadalajara,Terreno en venta sobre Av. Topacio – Bosques de la Victoria uso de suelo mixto,https://www.aciertamax.com/property/terreno-en-venta-sobre-av-topacio-bosques-de-la-victoria-uso-de-suelo-mixto
EB-WU8967,VENTA,terreno,Guadalajara,Terreno en venta sobre Av. Topacio – Bosques de la Victoria,https://www.aciertamax.com/property/terreno-en-venta-sobre-av-topacio-bosques-de-la-victoria
EB-WZ5173,VENTA,departamento,Guadalajara,"DEPARTAMENTO 3 REC, DOS PLANTAS EN VENTA - PROVIDENCIA | LATITUD",https://www.aciertamax.com/property/departamento-3-rec-dos-plantas-en-venta-providencia-latitud
EB-QQ8295,VENTA,oficina,Guadalajara,OFICINA EN VENTA EN DISTRITO REPUBLICA,https://www.aciertamax.com/property/oficina-en-venta-en-distrito-republica-ladron-de-guevara
EB-QG5298,VENTA,oficina,Guadalajara,Oficina en Venta en Ladrón de Guevara,https://www.aciertamax.com/property/oficina-en-venta-en-ladron-de-guevara-ladron-de-guevara-oficina
EB-WQ1172,VENTA,casa,Guadalajara,casa ideal oficinas venta o renta ladron de guevara,https://www.aciertamax.com/property/casa-ideal-oficinas-venta-o-renta-ladron-de-guevara
EB-RR0587,VENTA,local comercial,Guadalajara,Local en venta y renta Juan Pablo ll,https://www.aciertamax.com/property/local-en-venta-y-renta-juan-pablo-ll
EB-UU6373,VENTA,edificio,Guadalajara,RENTABLE HOTEL DE LOFTS EN VENTA CON 26 UNIDADES EN MEDRANO,https://www.aciertamax.com/property/venta-edificio-con-26-hostales-activos
EB-WY0410,VENTA,casa,Guadalajara,Casa en venta y renta en Colomos Providencia,https://www.aciertamax.com/property/casa-en-venta-y-renta-en-providencia-colomos-providencia
EB-NT8544,VENTA,oficina,Guadalajara,Oficinas Corporativas en Venta | Plaza del Sol | Zona Expo Guadalajara,https://www.aciertamax.com/property/coworking-zona-expo-plaza-del-sol
EB-OA1947,VENTA,terreno,Guadalajara,"Predio en venta, ubicación ideal para torre de oficinas o departamentos",https://www.aciertamax.com/property/predio-en-venta-ubicacion-ideal-para-torre-de-oficinas-o-departamentos
EB-WW4220,VENTA,casa,Guadalajara,"Se vende edificio en Arcos Sur, oportunidad de inversión",https://www.aciertamax.com/property/se-vende-edificio-en-arcos-sur-oportunidad-de-inversion
EB-WP5592,VENTA,edificio,Guadalajara,Se vende edificio en Arcos Sur,https://www.aciertamax.com/property/se-vende-edificio-en-arcos-sur
EB-VF4639,VENTA,terreno comercial,Guadalajara,"🏗️ Terreno Comercial en Venta sobre Av. Inglaterra | Dentro de Periférico, GDL",https://www.aciertamax.com/property/terreno-comercial-en-venta-sobre-av-inglaterra-dentro-de-periferico-gdl
EB-VA7756,VENTA,bodega comercial,Guadalajara,"BODEGA CERCA ZONA OBREGÓN, CALZ. INDEPENDENCIA",https://www.aciertamax.com/property/bodega-cerca-de-obregon
EB-VI9493,VENTA,casa,Guadalajara,CASA EN VENTA PROVIDENCIA,https://www.aciertamax.com/property/casa-en-venta-providencia-5389c080-1de9-46d7-b122-fa8212a669f3
EB-US7986,VENTA,local comercial,Guadalajara,"Local comercial a la renta o venta en Elysian High Country, Country Club",https://www.aciertamax.com/property/local-comercial-a-la-renta-en-elysian-high-country-colomos-providencia
EB-VW6536,VENTA,casa con uso de suelo,Guadalajara,Propiedad Comercial en Providencia sobre Av. Terranova – Alta Visibilidad e Inve,https://www.aciertamax.com/property/propiedad-comercial-en-providencia-sobre-av-terranova-alta-visibilidad-e-inve
EB-QQ8247,VENTA,local comercial,Guadalajara,"JAVIER MINA, GUADALAJARA, JALISCO LOCAL COMERCIAL EN VENTA",https://www.aciertamax.com/property/javier-mina-guadalajara-jalisco-local-comercial-en-venta
EB-XA6785,VENTA,departamento,Guadalajara,Penthouse en Sant Uriel – Chapalita | Vista Panorámica,https://www.aciertamax.com/property/penthouse-en-sant-uriel-chapalita-vista-panoramica-chapalita-guadalajara
EB-TA1383,VENTA,bodega comercial,Guadalajara,🏗️ BODEGA INDUSTRIAL en ZONA ABASTOS Oportunidad Única de Inversión,https://www.aciertamax.com/property/bodega-industrial-en-zona-abastos-oportunidad-unica-de-inversion
EB-CG9799,VENTA,terreno comercial,Guadalajara,"Terreno Comercial para "" Edificacion Vertical""",https://www.aciertamax.com/property/terreno-comercial-para-edificacion-vertical
EB-WV8420,VENTA,departamento,Guadalajara,Departamento amplio en Country Club,https://www.aciertamax.com/property/departamento-amplio-en-country-club
EB-TM6420,VENTA,bodega comercial,Guadalajara,Espectacular ubicación de bodegas en Tlaquepaque a pasos de la línea 3,https://www.aciertamax.com/property/espectacular-ubicacion-de-bodegas-en-tlaquepaque-a-pasos-de-la-linea-3
EB-RP1038,VENTA,edificio,Guadalajara,Se vende edificio de oportunidad  con ubicación privilegiada,https://www.aciertamax.com/property/se-vende-edificio-con-ubicacion-privilegiada
EB-WS5719,VENTA,casa,Guadalajara,CASA  EN VENTA EN SANTA TERESITA – IDEAL PARA INVERSIÓN,https://www.aciertamax.com/property/casa-en-venta-en-santa-teresita-ideal-para-inversion
EB-VY6313,VENTA,departamento,Guadalajara,Departamentos en venta en Providencia de 2 y 3 recámaras,https://www.aciertamax.com/property/departamentos-en-venta-en-providencia-de-2-y-3-recamaras-colomos-providencia-guadalajara
EB-WD6476,VENTA,bodega comercial,Guadalajara,"Bodega comercial en venta en Artesanos, Guadalajara.",https://www.aciertamax.com/property/local-comercial-en-venta-en-artesanos-guadalajara
EB-VA8048,VENTA,casa con uso de suelo,Guadalajara,"CASA EN VENTA CON USO COMERCIAL ""VALLARTA PONIENTE""",https://www.aciertamax.com/property/casa-en-venta-con-uso-comercial-vallarta-poniente
EB-UX4470,VENTA,edificio,Guadalajara,"Edificio en venta, Col. Guadalajara Centro, Guadalajara, Jal.",https://www.aciertamax.com/property/edificio-en-venta-col-guadalajara-centro-guadalajara-jal
EB-QV8358,VENTA,casa,Guadalajara,¡Casa sobre López Mateos Ideal para Núcleo Médico u Oficinas! 🏢🏠,https://www.aciertamax.com/property/casa-sobre-lopez-mateos-ideal-para-nucleo-medico-u-oficinas
EB-WX4880,VENTA,departamento,Guadalajara,"Preventa Departamentos TORRE RÍO | Providencia, Guadalajara",https://www.aciertamax.com/property/preventa-departamentos-torre-rio-providencia-guadalajara-providencia-2a-secc-guadalajara
EB-WW7539,VENTA,departamento,Guadalajara,Departamento en venta Providencia,https://www.aciertamax.com/property/departamento-en-venta-providencia-8a6e1ae9-d000-4409-8bfa-14e22b79c7cd
EB-WT8078,VENTA,edificio,Guadalajara,Edificio Corporativo en renta sobre Calle Vidrio,https://www.aciertamax.com/property/oficinas-corporativas-en-venta-y-o-renta-sobre-calle-vidrio
EB-WK4423,VENTA,casa con uso de suelo,Guadalajara,Oficinas en venta en Arcos Vallarta Minerva,https://www.aciertamax.com/property/oficinas-en-venta-zona-minerva
EB-WZ8194,VENTA,casa,Guadalajara,"Hermosa Casa Antigua en Venta *Col. Centro, gdl*",https://www.aciertamax.com/property/hermosa-casa-antigua-en-venta-col-centro-gdl
EB-VK2717,VENTA,casa,Guadalajara,Casa en venta Providencia 1ra Sección -  Para remodelar,https://www.aciertamax.com/property/casa-en-venta-para-remodelar-en-providencia-1era-seccion
EB-VJ0934,VENTA,casa con uso de suelo,Guadalajara,Casa renovada en venta en Colonia Chapalita con uso comercial,https://www.aciertamax.com/property/casa-renovada-en-venta-en-colonia-chapalita-con-uso-comercial
EB-VV7664,VENTA,bodega comercial,Guadalajara,"Bodega en VENTA, Col. El Rosario",https://www.aciertamax.com/property/bodega-en-renta-col-el-rosario-de-la-loza
EB-VG9083,VENTA,bodega comercial,Guadalajara,"Bodega en venta en Oblatos, Alvaró Obregón Guadalajara precio $12,000,000",https://www.aciertamax.com/property/bodega-en-venta-en-oblatos-alvaro-obregon-guadalajara-precio-12-000-000
EB-PI6606,VENTA,departamento,Guadalajara,"Departamento en venta en Masaya Residencial, Colomos Providencia",https://www.aciertamax.com/property/departamento-de-lujo-en-renta-providencia-colomos-providencia
EB-WS3428,VENTA,local comercial,Guadalajara,Local comercial en venta | Av. México,https://www.aciertamax.com/property/local-comercial-en-venta-av-mexico-vallarta-san-jorge
EB-WJ7153,VENTA,bodega comercial,Guadalajara,Bodega en venta en Colonia Independencia,https://www.aciertamax.com/property/bodega-en-venta-en-colonia-independencia
EB-VV8360,VENTA,bodega comercial,Guadalajara,Bodega en VENTA con departamentos en colonia POSTES CUATES,https://www.aciertamax.com/property/bodega-en-venta-con-departamentos-en-colonia-postes-cuates
EB-VT1716,VENTA,oficina,Guadalajara,"Oficinas en Venta como Inversión – Edificio LEBEN, Providencia",https://www.aciertamax.com/property/oficinas-en-venta-como-inversion-edificio-leven-providencia
EB-WX2323,VENTA,departamento,Guadalajara,"Se Vende Departamento en Av. Patria y Américas, Torre Diamante",https://www.aciertamax.com/property/se-vende-departamento-en-av-patria-y-americas-torre-diamante
EB-VT1700,VENTA,oficina,Guadalajara,Casa para oficina en VENTA en JARDINES DEL COUNTRY,https://www.aciertamax.com/property/casa-en-venta-en-jardines-del-country-ecc7111e-5273-4488-b380-d90dd7b90db0
EB-VA3289,VENTA,casa,Guadalajara,CASA EN VENTA IDEAL PARA OFICINAS,https://www.aciertamax.com/property/casa-en-venta-ideal-para-oficinas-jardines-del-bosque-centro
EB-VE9047,VENTA,oficina,Guadalajara,"OFICINAS EN VENTA EN CORPORATIVO COUNTRY CLUB, ZONA FINANCIERA UP3",https://www.aciertamax.com/property/oficinas-en-venta-en-corporativo-country-club-zona-financiera-up3-country-club
EB-WS0706,VENTA,casa,Guadalajara,CASA EN VENTA PROVIDENCIA ZAPOPAN JALISCO,https://www.aciertamax.com/property/casa-en-venta-providencia-zapopan-jalisco
EB-VG1221,VENTA,local comercial,Guadalajara,LOCAL - COMERCIAL EN VENTA,https://www.aciertamax.com/property/local-comercial-en-venta-lomas-de-oblatos-1a-secc-guadalajara
EB-WS2334,VENTA,edificio,Guadalajara,Edificio en venta frente a la rotonda de los hombres ilustres de Jalisco,https://www.aciertamax.com/property/edificio-en-venta-frente-a-la-rotonda-de-los-hombres-ilustres-de-jalisco-guadalajara-centro-edificio
EB-WM4631,VENTA,casa con uso de suelo,Guadalajara,"GRAN OPORTUNIAD DE INVERSION EN PROVIDENCIA, EDIFICIO DE 10 RECAMARAS EN VENTA.",https://www.aciertamax.com/property/gran-oportuniad-de-inversion-en-providencia-edificio-de-10-recamaras-en-venta
EB-VA3836,VENTA,local comercial,Guadalajara,"LOCAL EN VENTA  EN AVENIDA LA PAZ, COLONIA AMERICANA  | ATE",https://www.aciertamax.com/property/local-en-venta-en-avenida-la-paz-colonia-americana-ate-americana
EB-UU5689,VENTA,bodega comercial,Guadalajara,BODEGA RENTADA EN VENTA – ZONA INDUSTRIAL DE GDL (TRIGO 370),https://www.aciertamax.com/property/bodega-rentada-en-venta-zona-industrial-de-gdl-trigo-370
EB-VT9241,VENTA,departamento,Guadalajara,DEPARTAMENTO PENTHOUSE EN VENTA DE 3 O 4 RECÁMARAS.,https://www.aciertamax.com/property/departamento-penthouse-en-venta-de-3-o-4-recamaras
EB-QF7674,VENTA,edificio,Guadalajara,OPORTUNIDAD DE INVERSION EDIFICIO EN VENTA GUADALAJARA CENTRO,https://www.aciertamax.com/property/oportunidad-de-inversion-edificio-en-venta-guadalajara-centro
EB-QF7622,VENTA,bodega comercial,Guadalajara,BODEGA EN VENTA CENTRO DE GUADALAJARA JALISCO,https://www.aciertamax.com/property/bodega-en-venta-centro-de-guadalajara-jalisco
EB-QF7455,VENTA,edificio,Guadalajara,EDIFICIO COMERCIAL EN VENTA CON BODEGA Y DEPARTAMENTOS  GUADALAJARA CENTRO,https://www.aciertamax.com/property/edificio-comercial-en-venta-con-bodega-y-departamentos-guadalajara-centro
EB-WT6756,VENTA,departamento,Guadalajara,Venta de PH en Providencia 1a Secc,https://www.aciertamax.com/property/venta-de-ph-en-providencia-1a-secc
EB-VH3744,VENTA,casa,Guadalajara,"Casa en venta, Col. Italia Providencia, Guadalajara, Jal.",https://www.aciertamax.com/property/casa-en-venta-col-italia-providencia-guadalajara-jal
EB-WU9000,VENTA,casa,Guadalajara,"RESIDENCIA EN VENTA EN JOYAS DEL NILO, GUADALAJARA",https://www.aciertamax.com/property/residencia-en-venta-en-joyas-del-nilo-guadalajara
EB-WP6822,VENTA,local comercial,Guadalajara,"LOCAL COMERCIAL EN VENTA ""INQUILINO  AAA (Oxxo"" – Colonia Arcos Vallarta",https://www.aciertamax.com/property/local-comercial-en-venta-inquilino-aaa-oxxo-colonia-arcos-vallarta
EB-SM1158,VENTA,local comercial,Guadalajara,LOCAL - COMERCIAL EN VENTA,https://www.aciertamax.com/property/local-comercial-en-venta-lomas-de-oblatos-1a-secc
EB-WJ9404,VENTA,bodega comercial,Guadalajara,Bodega Comercial Guadalajara | Ideal para Desarrollo Habitacional o Comercial,https://www.aciertamax.com/property/bodega-comercial-guadalajara-ideal-para-desarrollo-habitacional-o-comercial
EB-XA2227,VENTA,casa,Guadalajara,CASA EN VENTA DE OPORTUNIDAD EN EL COUNTRY,https://www.aciertamax.com/property/casa-en-venta-de-oportunidad-en-el-country
EB-WS5616,VENTA,departamento,Guadalajara,PH EN PROVIDENCIA CON ROOFTOP,https://www.aciertamax.com/property/ph-en-providencia-con-rooftop
EB-QP3021,VENTA,casa,Guadalajara,¡Oportunidad Única! Casa y Oficina con Uso de Suelo Vertical,https://www.aciertamax.com/property/oportunidad-unica-casa-y-oficina-en-venta-en-colonia-moderna
EB-WS9188,VENTA,casa,Guadalajara,Casa Venta Col Americana / Lafayette / Av Chapultepec / Américas GtaNiños Héroes,https://www.aciertamax.com/property/casa-venta-col-americana-lafayette-av-chapultepec-americas-gtaninos-heroes
EB-WZ5170,VENTA,departamento,Guadalajara,DEPARTAMENTO 2 PLANTAS EN VENTA - PROVIDENCIA | LATITUD,https://www.aciertamax.com/property/departamento-2-plantas-en-venta-providencia-latitud-prados-de-providencia
EB-XA0533,VENTA,departamento,Guadalajara,Depa en Venta en PB en providencia con Jacuzzi y terraza privada,https://www.aciertamax.com/property/depa-en-venta-en-pb-en-providencia-con-jacuzzi
EB-WS8409,VENTA,casa,Guadalajara,Providencia,https://www.aciertamax.com/property/providencia-2a2192e1-551d-4366-8d57-2142e37b4cae
EB-QT7430,VENTA,departamento,Guadalajara,Excelentes departamentos en pre venta!,https://www.aciertamax.com/property/excelentes-departamentos-en-pre-venta-providencia-1a-secc-guadalajara
EB-QJ9943,VENTA,local comercial,Guadalajara,LOCAL EN PREVENTA EN PRINCIPIA LIVING DISTRIC,https://www.aciertamax.com/property/local-en-preventa-en-principia-living-distric-quinta-velarde-guadalajara
EB-WN8400,VENTA,terreno,Guadalajara,Terreno Comercial en Venta con ubicación privilegiada sobre Av. Patria.,https://www.aciertamax.com/property/terreno-comercial-en-venta-con-ubicacion-privilegiada-sobre-av-patria
EB-UN4840,VENTA,edificio,Guadalajara,"Edificio en venta con locales y un departamento, Jardines de la Cruz",https://www.aciertamax.com/property/edificio-en-venta-con-locales-y-un-departamento-jardines-de-la-cruz
EB-XA7845,VENTA,departamento,Guadalajara,Departamento en Venta en Providencia,https://www.aciertamax.com/property/departamento-en-venta-en-providencia-4377abea-5ee9-443f-81a3-a6de253be11c
EB-QG9934,VENTA,oficina,Guadalajara,"OFICINA EN VENTA EN TORRE C&amp;C EN COUNTRY CLUB, AV. AMÉRICAS",https://www.aciertamax.com/property/oficina-en-venta-en-torre-c-amp-c-en-country-club-av-americas-country-club-guadalajara
EB-WY1039,VENTA,departamento,Guadalajara,DEPARTAMENTO 3 REC LISTO PARA ENTREGA EN LADRON DE GUEVARA  | CMEX,https://www.aciertamax.com/property/departamento-3-rec-listo-para-entrega-en-ladron-de-guevara-cmex
EB-QZ6638,VENTA,casa,Guadalajara,"Jalisco,Guadalajara,Huentitán El Bajo,Casa,Venta",https://www.aciertamax.com/property/jalisco-guadalajara-huentitan-el-bajo-casa-venta
EB-WY0639,VENTA,casa,Guadalajara,"Casa en venta en Lomas de Guevara, sobre Av de López Mateos precio $9,800,000",https://www.aciertamax.com/property/casa-en-venta-en-lomas-de-guevara-sobre-av-de-lopez-mateos-precio-9-800-000
EB-VE9051,VENTA,oficina,Guadalajara,"OFICINAS EN VENTA EN CORPORATIVO COUNTRY CLUB, ZONA FINANCIERA UP4",https://www.aciertamax.com/property/oficinas-en-venta-en-corporativo-country-club-zona-financiera-up4-country-club
EB-WE1795,VENTA,local comercial,Guadalajara,PH Comercial u Oficina en Venta/Renta sobre Av. Américas,https://www.aciertamax.com/property/ph-comercial-u-oficina-en-venta-renta-sobre-av-americas-ladron-de-guevara
EB-WE1791,VENTA,oficina,Guadalajara,PH Comercial u Oficina en Venta/Renta sobre Av. Américas,https://www.aciertamax.com/property/ph-comercial-u-oficina-en-venta-renta-sobre-av-americas
EB-WT5478,VENTA,departamento,Guadalajara,DEPARTAMENTOS BOUTIQUE EN PROVIDENCIA | GUADALAJARA,https://www.aciertamax.com/property/departamentos-boutique-en-providencia-guadalajara
EB-UW5806,VENTA,casa,Guadalajara,Propiedad como terreno en san juan bosco gdl,https://www.aciertamax.com/property/propiedad-como-terreno-en-san-juan-bosco-gdl
EB-UH1064,VENTA,casa,Guadalajara,Casa con uso comercial,https://www.aciertamax.com/property/casa-con-uso-comercial-tetlan
EB-UE7652,VENTA,bodega comercial,Guadalajara,Increíble bodega en venta en la mejor zona de Guadalajara,https://www.aciertamax.com/property/increible-bodega-en-venta-en-la-mejor-zona-de-guadalajara
EB-WN3815,VENTA,casa,Guadalajara,"VENTA DE CASA U OFICINAS, COL. AMERICANA",https://www.aciertamax.com/property/venta-de-casa-u-oficinas-col-americana
EB-WH3872,VENTA,departamento,Guadalajara,Hermoso y amplio departamento en Planta Baja Colomos providencia,https://www.aciertamax.com/property/hermoso-y-amplio-departamento-en-planta-baja-colomos-providencia
EB-WZ9185,VENTA,departamento,Guadalajara,🔴¡Departamento Penthouse con terraza privada de 80 m2!,https://www.aciertamax.com/property/departamento-penthouse-con-terraza-privada-de-80-m2
EB-WZ2729,VENTA,casa,Guadalajara,CASA EN VENTA EN RESIDENCIAL VICTORIA,https://www.aciertamax.com/property/casa-en-venta-en-residencial-victoria-7216d1b5-b606-47f0-8950-2a3687475a12
EB-WV2591,VENTA,departamento,Guadalajara,DEPARTAMENTO 3 REC EN VENTA EN EL  COUNTRY  | ES,https://www.aciertamax.com/property/departamento-3-rec-en-venta-en-el-country-es
EB-WY1164,VENTA,departamento,Guadalajara,Departamento en Planta Baja en Warhol Providencia (Colomos),https://www.aciertamax.com/property/departamento-en-planta-baja-en-warhol-providencia-colomos-colomos-providencia-guadalajara
EB-WT7389,VENTA,departamento,Guadalajara,Departamento en Venta a Estrenar en WARHOL | Colomos Providencia | Planta Baja,https://www.aciertamax.com/property/departamento-en-venta-a-estrenar-en-warhol-colomos-providencia-planta-baja
EB-WX4860,VENTA,departamento,Guadalajara,"Preventa Departamentos TORRE RÍO | Providencia, Guadalajara",https://www.aciertamax.com/property/preventa-departamentos-torre-rio-providencia-guadalajara-providencia-2a-secc
EB-WX3881,VENTA,departamento,Guadalajara,Departamento en venta Providencia,https://www.aciertamax.com/property/departamento-en-venta-providencia-836a7794-1af1-44d5-8679-28d58f423403
EB-XA4356,VENTA,departamento,Guadalajara,Departamento en Venta en Providencia,https://www.aciertamax.com/property/departamento-en-venta-en-providencia-9445c0dd-e6a8-413e-bd5c-d489937291d0
EB-WX1780,VENTA,departamento,Guadalajara,Departamento VENTA Providencia,https://www.aciertamax.com/property/departamento-venta-providencia-prados-de-providencia-departamento
EB-WS7526,VENTA,bodega comercial,Guadalajara,Bodega en VENTA en colonia POSTES CUATES,https://www.aciertamax.com/property/bodega-en-venta-con-departamentos-en-colonia-postes-cuates-postes-cuates-federalismo
EB-UU5664,VENTA,bodega comercial,Guadalajara,"BODEGA RENTADA EN VENTA – ZONA INDUSTRIAL, GUADALAJARA (TRIGO 367)",https://www.aciertamax.com/property/bodega-rentada-en-venta-zona-industrial-guadalajara-trigo-367
EB-WW8324,VENTA,casa,Guadalajara,CASA EN VENTA EL SANTUARIO GUADALAJARA,https://www.aciertamax.com/property/casa-en-venta-el-santuario-guadalajara-el-santuario
EB-VM8494,VENTA,edificio,Guadalajara,Edificio en Venta en Av. Hidalgo – Centro de Guadalajara,https://www.aciertamax.com/property/edificio-en-venta-en-av-hidalgo-centro-de-guadalajara
EB-ME6653,VENTA,departamento,Guadalajara,DEPARTAMENTOS EN PRE-VENTA EN COUNTRY CLUB DE 2 RECAMARAS,https://www.aciertamax.com/property/departamentos-pre-venta-zona-country-de-2-recamaras
EB-WV3253,VENTA,casa,Guadalajara,COLONIA MODERNA    SE VENDE RESIDENCIA,https://www.aciertamax.com/property/colonia-moderna-se-vende-residencia
EB-SM7466,VENTA,bodega comercial,Guadalajara,Bodega con Casa en Venta en San Juan Bosco,https://www.aciertamax.com/property/bodega-con-casa-en-venta-en-san-juan-bosco
EB-VE9045,VENTA,oficina,Guadalajara,"OFICINAS EN VENTA EN CORPORATIVO COUNTRY CLUB, ZONA FINANCIERA UP1",https://www.aciertamax.com/property/oficinas-en-venta-en-corporativo-country-club-zona-financiera-up1-country-club-guadalajara
EB-WN7148,VENTA,departamento,Guadalajara,Departamento en venta Edificio Casa México,https://www.aciertamax.com/property/departamento-en-venta-edificio-casa-mexico-ladron-de-guevara-guadalajara
EB-VF4470,VENTA,casa,Guadalajara,CASA EN VENTA EN SOL 253 - CASA PARA REMODELAR USO DE OFICINA O CASA HABITACION,https://www.aciertamax.com/property/sol-2533-casa-para-remodelar-uso-de-oficina-o-casa-habitacion
EB-PN5145,VENTA,local comercial,Guadalajara,LOCAL COMERCIAL JUNTO A LA TRATORÍA!,https://www.aciertamax.com/property/local-comercial-junto-a-la-tratoria
EB-WG7888,VENTA,casa con uso de suelo,Guadalajara,"Propiedad en venta con 5 departamentos, 3 locales, esquina en calz independencia",https://www.aciertamax.com/property/propiedad-en-venta-con-5-departamentos-y-3-locales-col-independencia
EB-WZ8730,VENTA,casa,Guadalajara,Casa en oportunidad providencia a remodelación o reconstrucción,https://www.aciertamax.com/property/casa-en-oportunidad-providencia-a-remodelacion-o-reconstruccion
EB-VE9057,VENTA,oficina,Guadalajara,"OFICINAS EN VENTA EN CORPORATIVO COUNTRY CLUB, ZONA FINANCIERA UP2",https://www.aciertamax.com/property/oficinas-en-venta-en-corporativo-country-club-zona-financiera-up2-country-club
EB-EQ9085,VENTA,local comercial,Guadalajara,LOCAL EN VENTA EN THALATHA,https://www.aciertamax.com/property/local-en-venta-en-av-gobernador-curiel-en-guadalajara
EB-WV2666,VENTA,departamento,Guadalajara,DEPARTAMENTO EN VENTA  EN COLONIA AMERICANA,https://www.aciertamax.com/property/departamento-en-venta-en-colonia-americana-e5e1657f-cf7d-4d76-b2a9-66bc60ab40c4
EB-WM2931,VENTA,departamento,Guadalajara,Amplio Departamento en Espacio Chapalita,https://www.aciertamax.com/property/amplio-departamento-en-espacio-chapalita
EB-WG2996,VENTA,departamento,Guadalajara,Departamento Amueblado Renta y Venta Torre Alara Montevideo,https://www.aciertamax.com/property/departamento-amueblado-renta-y-venta-torre-alara-montevideo
EB-UE6675,VENTA,oficina,Guadalajara,Oficina en venta Héredit ANDARES,https://www.aciertamax.com/property/oficina-en-venta-y-renta-heredit-andares
EB-RS8223,VENTA,departamento,Guadalajara,PENTHOUSE DE LUJO AMUEBLADO CON GRAN VISTA EN VENTA EN LADRON DE GUEVARA,https://www.aciertamax.com/property/penthouse-de-lujo-amueblado-con-gran-vista-en-venta-en-ladron-de-guevara
EB-XA6994,VENTA,departamento,Guadalajara,Departamento en venta en Torre Berilio Square,https://www.aciertamax.com/property/departamento-en-venta-en-torre-berilio-square-italia-providencia
EB-WU8812,VENTA,departamento,Guadalajara,Departamento D9 en Venta: Torre Altivez a unos minutos de la glorieta Chapalita,https://www.aciertamax.com/property/departamento-d9-en-venta-torre-altivez-a-unos-minutos-de-la-glorieta-chapalita-chapalita
EB-WS6729,VENTA,departamento,Guadalajara,Depa en Latitud Providencia amueblado,https://www.aciertamax.com/property/depa-en-latitud-providencia-amueblado
EB-WZ1997,VENTA,departamento,Guadalajara,DEPARTAMENTO EN CHAPULTEPEC EN VENTA | HORIZONTES CHAPULTEPEC TORRE MONTMARTRE,https://www.aciertamax.com/property/departamento-en-chapultepec-en-venta-horizontes-chapultepec-torre-montmartre-95f5cfa0-0483-4f59-8594-afe14702cb02
EB-WY1199,VENTA,departamento,Guadalajara,"DEPARTAMENTO EN VENTA EN GUADALAJARA, JALISCO (COLONIA AMERICANA)",https://www.aciertamax.com/property/departamento-en-venta-en-guadalajara-jalisco-colonia-americana-obrera-guadalajara
EB-WJ5834,VENTA,terreno comercial,Guadalajara,TERRENO CON VOCACION COMERCIAL EN VENTA EN REFORMA,https://www.aciertamax.com/property/terreno-con-vocacion-comercial-en-venta-en-reforma
EB-TF7362,VENTA,local comercial,Guadalajara,"Venta de Local Comercial en Plaza Orange $8,000,000.00 , Insurgentes, GDL",https://www.aciertamax.com/property/venta-de-local-comercial-en-plaza-orange-8-000-000-00-insurgentes-gdl
EB-WR5108,VENTA,local comercial,Guadalajara,FELIPE ÁNGELES BODEGA COMERCIAL EN VENTA,https://www.aciertamax.com/property/felipe-angeles-bodega-comercial-en-venta-jardines-de-guadalupe-local-comercial
EB-WV2577,VENTA,departamento,Guadalajara,DEPARTAMENTO 2 REC EN VENTA EN EL  COUNTRY  | ES,https://www.aciertamax.com/property/departamento-2-rec-en-venta-en-el-country-es
EB-WH2181,VENTA,edificio,Guadalajara,"Edificio con 3 Niveles Independientes en Excelente Ubicación Arcos, Guadalajara",https://www.aciertamax.com/property/edificio-con-3-niveles-independientes-en-excelente-ubicacion-arcos-guadalajara-arcos-guadalajara
EB-VZ8511,VENTA,edificio,Guadalajara,EDIFICIO EN VENTA | PROPIEDAD CON USO MIXTO  | AV. INGLATERRA,https://www.aciertamax.com/property/edificio-en-venta-propiedad-con-uso-mixto-av-inglaterra
EB-WS4450,VENTA,casa,Guadalajara,"CASA  ESTILO MEXICANO CONTEMPORANEO, ZONA CENTRO DE GUADALAJARA",https://www.aciertamax.com/property/casa-estilo-mexicano-contemporaneo-zona-centro-de-guadalajara-guadalajara-centro-guadalajara
EB-UJ9389,VENTA,departamento,Guadalajara,DEPARTAMENTO DE 2 RECÁMARAS EN PROVIDENCIA,https://www.aciertamax.com/property/departamento-de-2-recamaras-en-providencia
EB-ME6668,VENTA,departamento,Guadalajara,DEPARTAMENTOS EN PRE-VENTA ZONA COUNTRY CLUB DE 2 RECAMARAS,https://www.aciertamax.com/property/departamentos-pre-venta-zona-country-de-2-recamaras-country-club
EB-XA2716,VENTA,terreno,Guadalajara,Terreno en Venta a media cuadra de Av Chapultepec,https://www.aciertamax.com/property/terreno-en-venta-a-media-cuadra-de-av-chapultepec-americana
EB-WZ2691,VENTA,departamento,Guadalajara,"DEPARTAMENTO EN VENTA EN ""ALARA MONTEVIDEO"" PROVIDENCIA",https://www.aciertamax.com/property/departamento-en-venta-en-alara-montevideo-providencia
EB-WU6169,VENTA,departamento,Guadalajara,Departamento en piso alto de 2 recámaras en Providencia,https://www.aciertamax.com/property/5b-departamento-de-2-recamaras-en-venta-en-aires-providencia
EB-UM6132,VENTA,local comercial,Guadalajara,OPORTUNIDAD DE ESPACIO COMERCIAL EN EL CENTRO DE GUADALAJARA,https://www.aciertamax.com/property/oportunidad-de-espacio-comercial-en-el-centro-de-guadalajara
EB-WZ7553,VENTA,casa,Guadalajara,CASA EN VENTA VALLARTA SUR,https://www.aciertamax.com/property/casa-en-venta-vallarta-sur-1663df0d-1fb2-4d9e-81ff-1e2c317ee2b5
EB-WV7271,VENTA,departamento,Guadalajara,"Departamento venta 3 recámaras 218m2 Lomas de Guevara $7,700,000",https://www.aciertamax.com/property/departamento-venta-3-recamaras-218m2-lomas-de-guevara-7-950-000
EB-WU6147,VENTA,departamento,Guadalajara,Departamento de 2 recámaras con baño y vestidor en Providencia,https://www.aciertamax.com/property/2b-departamento-de-2-recamaras-en-venta-en-aires-providencia
EB-WZ5376,VENTA,departamento,Guadalajara,Penthouse Torre Parker en Venta,https://www.aciertamax.com/property/penthouse-torre-parker-en-venta
EB-WT0351,VENTA,casa,Guadalajara,VENTURA ANAYA CASA MUY AMPLIA EN VENTA,https://www.aciertamax.com/property/ventura-anaya-casa-muy-amplia-en-venta-los-martires
EB-WB5768,VENTA,edificio,Guadalajara,Edificio en Venta en Circunvalación Belisario Guadalajara,https://www.aciertamax.com/property/edificio-en-venta-en-circunvalacion-belisario-guadalajara
EB-XA4805,VENTA,casa,Guadalajara,Casa con uso comercial en Venta San Andrés/Parque San Rafael /Jardines de la Paz,https://www.aciertamax.com/property/casa-con-uso-comercial-en-venta-san-andres-parque-san-rafael-jardines-de-la-paz
EB-WW1650,VENTA,casa,Guadalajara,Casa con uso comercial en Venta San Andrés / San Rafael,https://www.aciertamax.com/property/casa-con-uso-comercial-en-venta-san-andres-san-rafael-san-andres
EB-WU4624,VENTA,casa,Guadalajara,Casa con uso comercial en Venta San Andrés / San Rafael,https://www.aciertamax.com/property/casa-con-uso-comercial-en-venta-san-andres-san-rafael
EB-VD7288,VENTA,departamento,Guadalajara,DEPARTAMENTO EN VENTA COLONIA AMERICANA TORRE LUMINA,https://www.aciertamax.com/property/departamento-en-venta-colonia-americana-ladron-de-guevara-departamento
EB-WU6038,VENTA,departamento,Guadalajara,Departamento en venta en Providencia | 2 recámaras y 2 estacionamientos,https://www.aciertamax.com/property/departamento-en-venta-en-aires-providencia-1b
EB-WB8424,VENTA,local comercial,Guadalajara,"LOCAL COMERCIAL, CENTRO BARRANQUITAS, GUADALAJARA, JALISCO.",https://www.aciertamax.com/property/local-comercial-centro-barranquitas-guadalajara-jalisco
EB-WZ1860,VENTA,departamento,Guadalajara,ÚLTIMOS DEPARTAMENTOS  2 REC+ FLEX EN VENTA - COLOMOS PROVIDENCIA,https://www.aciertamax.com/property/ultimos-departamentos-2-rec-flex-en-venta-colomos-providencia-colomos-providencia
EB-WC1312,VENTA,local comercial,Guadalajara,LOCAL COMERCIAL EN VENTA ALVARO OBREGÓN GUADALAJARA JALISCO,https://www.aciertamax.com/property/local-comercial-en-venta-alvaro-obregon-guadalajara-jalisco
EB-WN7044,VENTA,departamento,Guadalajara,Departamento en venta Edificio Casa México,https://www.aciertamax.com/property/departamento-en-venta-edificio-casa-mexico
EB-WU6596,VENTA,departamento,Guadalajara,"PREVENTA DEPARTAMENTO 3 REC EN LÓPEZ MATEOS, GUADALAJARA | BRE",https://www.aciertamax.com/property/preventa-departamento-3-rec-en-lopez-mateos-guadalajara-bre
EB-PS5681,VENTA,departamento,Guadalajara,Se vende Departamento en Colomos Providencia,https://www.aciertamax.com/property/se-vende-departamento-en-colomos-providencia-colomos-providencia
EB-WT7275,VENTA,departamento,Guadalajara,Departamento en Venta a Estrenar en WARHOL | Colomos Providencia | 93 m² | GDL,https://www.aciertamax.com/property/departamento-en-venta-a-estrenar-en-warhol-colomos-providencia-93-m-gdl
EB-UP3460,VENTA,local comercial,Guadalajara,"LOCAL EN VENTA en Jardines de San José, sobre Av. Colón",https://www.aciertamax.com/property/local-en-venta-en-jardines-de-san-jose-sobre-av-colon
EB-VS5148,VENTA,edificio,Guadalajara,CLINICA EN VENTA EN COLONIA MIRAVALLE,https://www.aciertamax.com/property/clinica-en-venta-en-colonia-miravalle
EB-WZ7657,VENTA,casa,Guadalajara,Casa Venta en el centro Guadalajara con 2 locales comerciales,https://www.aciertamax.com/property/casa-venta-en-el-centro-guadalajara-con-2-locales-comerciales
EB-WY1022,VENTA,departamento,Guadalajara,DEPARTAMENTO 2 REC LISTO PARA ENTREGA EN LADRON DE GUEVARA  | CMEX,https://www.aciertamax.com/property/departamento-2-rec-listo-para-entrega-en-ladron-de-guevara-cmex
EB-VD1811,VENTA,edificio,Guadalajara,EDIFICIO EN VENTA MEZQUITAN,https://www.aciertamax.com/property/edificio-en-venta-mezquitan-country-mezquitan
EB-WV9535,VENTA,departamento,Guadalajara,ARES | Departamento Premium de 2 Recámaras en LUXIA Justo Sierra,https://www.aciertamax.com/property/ares-departamento-premium-de-2-recamaras-en-luxia-justo-sierra
EB-WY1372,VENTA,departamento,Guadalajara,Departamento en venta en Warhol Providencia (Colomos),https://www.aciertamax.com/property/departamento-en-venta-en-warhol-providencia-colomos-colomos-providencia-departamento
EB-XA0428,VENTA,departamento,Guadalajara,Se vende depa en Providencia São Paulo Vertical con terraza gigante,https://www.aciertamax.com/property/se-vende-depa-en-providencia-sao-paulo-vertical-con-terraza-gigante
EB-WV6007,VENTA,departamento,Guadalajara,"Departamento en Venta, Col, Arcos Vallarta, Guadalajara, Jalisco",https://www.aciertamax.com/property/departamento-en-venta-col-arcos-vallarta-guadalajara-jalisco-arcos-vallarta
EB-WV3394,VENTA,casa,Guadalajara,Casa venta Jardines del Bosque Guadalajara,https://www.aciertamax.com/property/casa-venta-jardines-del-bosque-guadalajara-jardines-del-bosque-norte-guadalajara
EB-WC3235,VENTA,departamento,Guadalajara,Departamento en venta en Sao Paulo Vertical,https://www.aciertamax.com/property/departamento-en-venta-en-sao-paulo-vertical-7818336f-3372-412f-b1b7-dc3f5881ec75
EB-WT8479,VENTA,departamento,Guadalajara,Departamento a Estrenar en Torre Elysian | Piso 17,https://www.aciertamax.com/property/departamento-a-estrenar-en-torre-elysian-piso-17
EB-WN2126,VENTA,bodega comercial,Guadalajara,✅ BODEGA EN VENTA - ZONA CENTRO GDL ✅,https://www.aciertamax.com/property/bodega-en-venta-zona-centro-gdl
EB-WX3589,VENTA,departamento,Guadalajara,Departamento en venta Providencia,https://www.aciertamax.com/property/departamento-en-venta-providencia-ef68a6fc-9608-418f-950b-18da2bbe1cf3
EB-UI7423,VENTA,casa,Guadalajara,"Casa en venta, Col. San Andrés, Guadalajara, Jal.",https://www.aciertamax.com/property/casa-en-venta-col-san-andres-guadalajara-jal
EB-WU9825,VENTA,departamento,Guadalajara,DEPARTAMENTO EN VENTA EN SANTORA ARCOS VALLARTA · GUADALAJARA,https://www.aciertamax.com/property/departamento-en-venta-en-santora-arcos-vallarta-guadalajara
EB-XA7703,VENTA,departamento,Guadalajara,Departamento en Venta Torre Tribeca en La Colonia Americana,https://www.aciertamax.com/property/departamento-en-venta-torre-tribeca-en-la-colonia-americana-obrera
EB-WX4847,VENTA,departamento,Guadalajara,"Preventa Departamentos TORRE RÍO | Providencia, Guadalajara",https://www.aciertamax.com/property/preventa-departamentos-torre-rio-providencia-guadalajara
EB-VS9915,VENTA,casa,Guadalajara,Casa con locales comerciales en venta en Colonia Las Torres,https://www.aciertamax.com/property/casa-con-locales-comerciales-en-venta-en-colonia-las-torres
EB-VK4329,VENTA,local comercial,Guadalajara,LOCAL COMERCIAL EN VENTA EN COLONIA AMERICANA,https://www.aciertamax.com/property/local-comercial-en-venta-colonia-americana-americana
EB-UH8512,VENTA,edificio,Guadalajara,Edificio en venta en Zona Analco,https://www.aciertamax.com/property/edificio-en-venta-en-el-centro-de-guadalajara-analco
EB-RD1644,VENTA,local comercial,Guadalajara,LOCAL EXCELENTE UBICACION AMERICANA,https://www.aciertamax.com/property/local-excelente-ubicacion-americana
EB-LT0261,VENTA,bodega industrial,Guadalajara,Bodega en venta Colonia Atlas,https://www.aciertamax.com/property/bodega-en-venta-colonia-atlas
EB-WZ1467,VENTA,departamento,Guadalajara,DEPARTAMENTO EN VENTA,https://www.aciertamax.com/property/departamento-en-venta-8ff53632-8f10-4d4d-8654-24cd70be916a
EB-WZ1447,VENTA,departamento,Guadalajara,DEPARTAMENTO EN VENTA Guadalajara,https://www.aciertamax.com/property/departamento-en-venta-guadalajara-colomos-providencia-guadalajara
EB-VO0023,VENTA,oficina,Guadalajara,"Oficina en Venta en Colonia Ladrón de Guevara, Guadalajara, Jalisco",https://www.aciertamax.com/property/desarrollo-de-uso-mixto-con-oficinas-area-comercial-y-residencias-arcos-guadalajara
EB-XA4441,VENTA,departamento,Guadalajara,DEPARTAMENTO  EN VENTA EN LADRON DE GUEVARA CON TERRAZA,https://www.aciertamax.com/property/departamento-en-venta-en-ladron-de-guevara-con-terraza
EB-UB0247,VENTA,departamento,Guadalajara,Departamento En Venta En Colonia Lomas Providencia,https://www.aciertamax.com/property/departamento-en-venta-en-colonia-lomas-providencia
EB-XA4438,VENTA,departamento,Guadalajara,Departamento en venta en Providencia | 110 m² y opción amueblado,https://www.aciertamax.com/property/departamento-en-venta-en-providencia-110-m-y-opcion-amueblado
EB-WZ4949,VENTA,casa,Guadalajara,CASA EN VENTA · JARDINES DEL BOSQUE,https://www.aciertamax.com/property/casa-en-venta-jardines-del-bosque-fb3fdcd5-e3a2-4010-86e6-b68220b7390b
EB-WY0048,VENTA,casa,Guadalajara,Casa en Venta – Jardines Alcalde,https://www.aciertamax.com/property/casa-en-venta-jardines-alcalde-ce1d2f33-cff1-42b1-b025-035cf508cb64
EB-WT3298,VENTA,departamento,Guadalajara,Departamento en PREVENTA · Colonia Moderna,https://www.aciertamax.com/property/departamento-en-pre-venta-colonia-moderna
EB-VO0021,VENTA,oficina,Guadalajara,"Oficina en Venta en Colonia Ladrón de Guevara, Guadalajara, Jalisco",https://www.aciertamax.com/property/desarrollo-de-uso-mixto-con-oficinas-area-comercial-y-residencias-arcos
EB-WS9280,VENTA,casa,Guadalajara,Casa Céntrica en Venta Ideal para Vivir u Oficinas,https://www.aciertamax.com/property/casa-centrica-en-venta-ideal-para-vivir-u-oficinas-del-fresno-1a-seccion-guadalajara
EB-WT0897,VENTA,quinta,Guadalajara,Terraza de Eventos en Venta GDL,https://www.aciertamax.com/property/terraza-de-eventos-en-venta-gdl
EB-TX5952,VENTA,departamento,Guadalajara,Departamento modelo B 85m2 - Torre Tria Providencia,https://www.aciertamax.com/property/departamento-modelo-b-85m2-torre-tria-providencia
EB-WZ2004,VENTA,departamento,Guadalajara,DEPARTAMENTO EN VENTA EN CHAPULTEPEC GDL| HORIZONTES CHAPULTEPEC MONTMARTRE,https://www.aciertamax.com/property/departamento-en-venta-en-chapultepec-gdl-horizontes-chapultepec-montmartre-americana
EB-PK1966,VENTA,terreno industrial,Guadalajara,Terreno en Parque Industrial Zona Tala STETRU 2,https://www.aciertamax.com/property/terreno-en-parque-industrial-zona-tala-stetru
EB-WV9629,VENTA,departamento,Guadalajara,EROS | Departamento Premium de 1 Recámara en LUXIA Justo Sierra,https://www.aciertamax.com/property/eros-departamento-premium-de-1-recamara-en-luxia-justo-sierra
EB-XA4726,VENTA,casa,Guadalajara,Casa en Venta Chapultepec Country /Plaza Midtown / Glorieta Colón / Ayuntamiento,https://www.aciertamax.com/property/casa-en-venta-chapultepec-country-plaza-midtown-glorieta-colon-ayuntamiento-ayuntamiento-guadalajara
EB-WW1453,VENTA,casa,Guadalajara,Casa en Venta Chapultepec Country /Plaza Midtown / Glorieta Colón / Ayuntamiento,https://www.aciertamax.com/property/casa-en-venta-chapultepec-country-plaza-midtown-glorieta-colon-ayuntamiento-ayuntamiento
EB-WS6351,VENTA,casa,Guadalajara,"Casa nueva en venta en Colonia Autocinema, Conjunto Residencias Cádiz, Gdl",https://www.aciertamax.com/property/casa-nueva-en-venta-en-colonia-autocinema-conjunto-residencias-cadiz-gdl
EB-WV9594,VENTA,departamento,Guadalajara,CRONOS | Departamento Premium de 2 Recámaras en LUXIA Justo Sierra,https://www.aciertamax.com/property/cronos-departamento-premium-de-2-recamaras-en-luxia-justo-sierra
EB-VA8072,VENTA,departamento,Guadalajara,"Departamento nuevo a la venta en Elysian High Country, Country Club",https://www.aciertamax.com/property/departamento-nuevo-a-la-renta-o-venta-en-elysian-high-country-country-club-country-club-guadalajara
EB-WZ1504,VENTA,departamento,Guadalajara,O Tower departamento en venta piso 8,https://www.aciertamax.com/property/o-tower-departamento-en-venta-piso-8
EB-WU8779,VENTA,departamento,Guadalajara,Departamento en Venta Torre O TOWER - Punto Sao Paulo - Providencia,https://www.aciertamax.com/property/departamento-en-venta-torre-o-tower-punto-sao-paulo-providencia-a7f47650-e139-4bfd-a4bc-5c8fc0ef562f
EB-WW2054,VENTA,casa,Guadalajara,"Casa Nueva En Venta En Col. Jardínes Alcalde, Guadalajara",https://www.aciertamax.com/property/casa-nueva-en-venta-en-col-jardines-alcalde-guadalajara
EB-XA6160,VENTA,departamento,Guadalajara,DEPARTAMENTOS EN VENTA en Bravante. Cerca de Galería del Calzado,https://www.aciertamax.com/property/departamentos-en-venta-en-bravante-cerca-de-galeria-del-calzado
EB-WY0948,VENTA,departamento,Guadalajara,DEPARTAMENTO 1 REC LISTO PARA ENTREGA EN LADRON DE GUEVARA  | CMEX,https://www.aciertamax.com/property/departamento-listo-para-entrega-en-ladron-de-guevara-cmex
EB-WT5481,VENTA,departamento,Guadalajara,DEPARTAMENTOS BOUTIQUE EN PROVIDENCIA | GUADALAJARA,https://www.aciertamax.com/property/departamentos-boutique-en-providencia-guadalajara-providencia-3a-secc
EB-WN7097,VENTA,departamento,Guadalajara,Departamento en venta Edificio Casa México,https://www.aciertamax.com/property/departamento-en-venta-edificio-casa-mexico-ladron-de-guevara
EB-WW2683,VENTA,casa,Guadalajara,"Casa en Venta, Col, Rancho Nuevo, Guadalajara, Jalisco",https://www.aciertamax.com/property/casa-en-venta-col-rancho-nuevo-guadalajara-jalisco
EB-SK1967,VENTA,casa con uso de suelo,Guadalajara,Esquina Comercial en Federalismo a dos cuadras de Ávila Camacho,https://www.aciertamax.com/property/esquina-comercial-en-federalismo-a-dos-cuadras-de-avila-camacho
EB-WS6373,VENTA,departamento,Guadalajara,Departamento en VENTA · Jardines del Country,https://www.aciertamax.com/property/departamento-en-venta-jardines-del-country-3af25716-98f8-4dba-9c43-358c0d07595f
EB-WV9609,VENTA,departamento,Guadalajara,APOLO | Departamento Premium de 2 Recámaras en LUXIA Justo Sierra,https://www.aciertamax.com/property/apolo-departamento-premium-de-2-recamaras-en-luxia-justo-sierra
EB-WS1971,VENTA,departamento,Guadalajara,En venta dos recamaras dos baños estacionamiento techado Americana,https://www.aciertamax.com/property/en-venta-dos-recamaras-dos-banos-estacionamiento-techado-americana
EB-WX2690,VENTA,departamento,Guadalajara,"VENTA DEPARTAMENTO TORRE COORDENADA Zona Country 74 m2, 2 recámaras",https://www.aciertamax.com/property/venta-departamento-torre-coordenada-cerca-country-74-m2-2-recamaras
EB-WW4951,VENTA,departamento,Guadalajara,Departamento Nuevo  en Venta en zona Country en Guadalajara,https://www.aciertamax.com/property/departamento-nuevo-en-venta-en-zona-country-en-guadalajara
EB-WT9036,VENTA,departamento,Guadalajara,Departamento López Mateos 401,https://www.aciertamax.com/property/departamento-lopez-mateos-401
EB-WS4228,VENTA,departamento,Guadalajara,DEPARTAMENTO VENTA MIDTOWN!!,https://www.aciertamax.com/property/departamento-venta-en-midtown
EB-VI3793,VENTA,departamento,Guadalajara,DEPARTAMENTOS de 1 RECAMARA EN VENTA Y Renta EN  PROVIDENCIA ZONA FINANCIERA,https://www.aciertamax.com/property/departamentos-en-torre-artea-zona-financiera
EB-RF9891,VENTA,departamento,Guadalajara,"DEPARTAMENTO EN VENTA EN BRASILIA 10, COLOMOS PROVIDENCIA",https://www.aciertamax.com/property/brasilia-colomos-patria
EB-WU6160,VENTA,departamento,Guadalajara,Departamento en piso alto con estudio en Providencia,https://www.aciertamax.com/property/5a-departamento-con-estudio-en-venta-en-aires-providencia
EB-XA4710,VENTA,departamento,Guadalajara,Penthouse Amueblado en Venta Col. Moderna,https://www.aciertamax.com/property/penthouse-amueblado-en-venta-col-moderna-moderna-guadalajara
EB-WZ4190,VENTA,departamento,Guadalajara,Departamento en Venta Cerca de Chapultepec y Colonia Americana,https://www.aciertamax.com/property/departamento-en-venta-cerca-de-chapultepec-y-colonia-americana
EB-XA2713,VENTA,departamento,Guadalajara,Depa en Zona MINERVA Soho Morelos,https://www.aciertamax.com/property/depa-en-zona-minerva-soho-morelos-ladron-de-guevara-guadalajara
EB-VF2102,VENTA,casa,Guadalajara,Casa en Venta en Esquina Guadalajara Centro,https://www.aciertamax.com/property/casa-en-venta-en-guadalajara-centro-guadalajara-centro-guadalajara
EB-XA6275,VENTA,departamento,Guadalajara,Departamento en venta en Providencia,https://www.aciertamax.com/property/departamento-en-venta-en-providencia-22f4c249-aab4-4ee9-abbb-7e642b93c6d2
EB-WW7253,VENTA,casa,Guadalajara,"Casa En Venta En Col. Jardines De La Cruz, Guadalajara",https://www.aciertamax.com/property/casa-en-venta-en-col-jardines-de-la-cruz-guadalajara
EB-WB8348,VENTA,bodega comercial,Guadalajara,Bodega-Oficinas en Venta,https://www.aciertamax.com/property/bodega-oficinas-en-venta-las-conchas
EB-PL1261,VENTA,casa,Guadalajara,Dos departamentos  con local en esquina en colonia del Fresno,https://www.aciertamax.com/property/departamento-con-local-en-esquina-en-co-del-fresno
EB-WW1027,VENTA,casa en condominio,Guadalajara,Casa nueva en condominio GRAN SAN RAFAEL,https://www.aciertamax.com/property/casa-nueva-en-condominio-gran-san-rafael
EB-WU6109,VENTA,departamento,Guadalajara,Departamento con estudio en venta en Providencia | 1 recámara,https://www.aciertamax.com/property/2a-departamento-con-estudio-en-venta-en-aires-providencia
EB-WT0287,VENTA,departamento,Guadalajara,VENECIANA PRE VENTA EXLCUSIVA,https://www.aciertamax.com/property/veneciana-pre-venta-exlcusiva-90161378-a5ea-416a-aef5-fdf29a48473e
EB-WS7075,VENTA,departamento,Guadalajara,"Departamentos en Preventa en Jardines de Guadalupe, Zapopan, Jalisco",https://www.aciertamax.com/property/departamentos-en-preventa-en-jardines-de-guadalupe-zapopan-jalisco
EB-WV2556,VENTA,departamento,Guadalajara,DEPARTAMENTO DE OPORTUNIDAD EN VENTA ESSENTIA-ZONA COUNTRY GUADALAJARA,https://www.aciertamax.com/property/departamento-de-oportunidad-en-venta-essentia-zona-country-guadalajara-country-club
EB-VL4898,VENTA,local comercial,Guadalajara,Local comercial y departamento en Santa Tere,https://www.aciertamax.com/property/local-comercial-y-departamento-en-santa-tere
EB-WV8500,VENTA,departamento,Guadalajara,Departamento Amueblado en Venta | Colonia Americana,https://www.aciertamax.com/property/departamento-amueblado-en-venta-colonia-americana-americana
EB-WV1531,VENTA,bodega comercial,Guadalajara,BODEGA EN VENTA SOBRE AV 08 DE JULIO,https://www.aciertamax.com/property/bodega-en-venta-sobre-av-08-de-julio-lomas-de-polanco-guadalajara
EB-WT6498,VENTA,departamento,Guadalajara,"DEPARTAMENTOS BOUTIQUE EN VENTA | JARDINES DEL BOSQUE, GUADALAJARA",https://www.aciertamax.com/property/departamentos-boutique-en-venta-jardines-del-bosque-guadalajara
EB-WN6962,VENTA,departamento,Guadalajara,Departamento en Edificio Casa México,https://www.aciertamax.com/property/departamento-en-edificio-casa-mexico
EB-WV3505,VENTA,departamento,Guadalajara,VENTA DEPARTAMENTO EN AV AMERICAS ZONA FINANCIERA/VIANTO,https://www.aciertamax.com/property/venta-departamento-en-av-americas-zona-financiera-vianto-circunvalacion-americas
EB-US1935,VENTA,local comercial,Guadalajara,LOCAL EN VENTA EN ESQUINA ESTEBAN LOERA A UNA CUADRA DE REPUBLICA,https://www.aciertamax.com/property/local-en-venta-en-esquina-esteban-loera-a-una-cuadra-de-republica
EB-UE5144,VENTA,casa,Guadalajara,"Edificio con 6 departamentos en venta en Analco, Guadalajara",https://www.aciertamax.com/property/edificio-de-dos-niveles-en-venta-casa-con-departamentos-en-analco-guadalajara
EB-WB3677,VENTA,casa con uso de suelo,Guadalajara,CASA EN VENTA CON USO DE SUELO COMERCIAL EN POLANCO,https://www.aciertamax.com/property/casa-en-venta-con-uso-de-suelo-comercial-en-polanco
EB-VM2932,VENTA,local en centro comercial,Guadalajara,Local en Plaza Belisario,https://www.aciertamax.com/property/local-en-plaza-belisario-b5c8ea80-c5c5-4122-890b-94669f08463c
EB-UZ0815,VENTA,terreno,Guadalajara,"Propiedad en venta de uso habitacional y comercial, Zona Oblatos, Guadalajara",https://www.aciertamax.com/property/casa-en-venta-con-uso-de-suelo-comercial-san-marcos-oriente
EB-WU2990,VENTA,departamento,Guadalajara,Privada París departamento en venta | Arcos Vallarta,https://www.aciertamax.com/property/privada-paris-departamento-en-venta-arcos-vallarta
EB-WT3793,VENTA,casa en condominio,Guadalajara,"Casa Nueva en Venta en Col. Loma Bonita, Guadalajara",https://www.aciertamax.com/property/casa-nueva-en-venta-en-col-loma-bonita-guadalajara
EB-VJ9851,VENTA,local comercial,Guadalajara,"LOCALES COMERCIALES EN VENTA ""CENTRAL VIEJA CAMIONERA""",https://www.aciertamax.com/property/locales-comerciales-en-venta-central-vieja-camionera
EB-VA4808,VENTA,local comercial,Guadalajara,LOCAL EN VENTA EN COL EL CARMEN,https://www.aciertamax.com/property/local-en-venta-en-col-el-carmen
EB-VP8971,VENTA,casa,Guadalajara,Casa en venta en colinas de Huentitan,https://www.aciertamax.com/property/casa-en-venta-en-colinas-de-huentitan-colinas-de-huentitan
EB-WT6909,VENTA,departamento,Guadalajara,DEPARTAMENTO NUEVO COLONIA AMERICANA,https://www.aciertamax.com/property/departamento-nuevo-colonia-americana-americana-guadalajara
EB-WS6317,VENTA,departamento,Guadalajara,Departamento en VENTA · Jardines del Country,https://www.aciertamax.com/property/departamento-en-venta-jardines-del-country-41b9484a-2eb7-4dde-be75-3d7d1ef42e50
EB-WV7022,VENTA,oficina,Guadalajara,PISO COMPLETO DE OFICINAS EN VENTA O RENTA COLONIA LADRON DE GUEVARA GUADALAJARA,https://www.aciertamax.com/property/piso-completo-de-oficinas-en-venta-o-renta-colonia-ladron-de-guevara-guadalajara
EB-WT3367,VENTA,departamento,Guadalajara,Departamento en PREVENTA · Colonia Moderna,https://www.aciertamax.com/property/departamento-en-pre-venta-colonia-americana
EB-WT9523,VENTA,departamento,Guadalajara,Departamento Colomos 1930,https://www.aciertamax.com/property/departamento-colomos-1930
EB-WV8602,VENTA,departamento,Guadalajara,"DEPARTAMENTO EN VENTA EN TORRE MARSELLESA COLONIA AMERICANA, SE ACEPTAN MASCOTAS",https://www.aciertamax.com/property/departamento-en-venta-en-torre-marsellesa-colonia-americana-se-aceptan-mascotas
EB-WS7076,VENTA,departamento,Guadalajara,"Departamentos en Preventa en Jardines de Guadalupe, Zapopan, Jalisco",https://www.aciertamax.com/property/departamentos-en-preventa-en-jardines-de-guadalupe-zapopan-jalisco-jardines-de-guadalupe
EB-VO0013,VENTA,oficina,Guadalajara,"Oficina en Venta en Colonia Ladrón de Guevara, Guadalajara, Jalisco",https://www.aciertamax.com/property/desarrollo-de-uso-mixto-con-oficinas-area-comercial-y-residencias
EB-WT3326,VENTA,departamento,Guadalajara,Departamento en PREVENTA · Colonia Moderna,https://www.aciertamax.com/property/departamento-en-pre-venta-colonia-moderna-moderna
EB-WW5364,VENTA,departamento,Guadalajara,Departamento en venta en planta baja ubicado en zona Minerva,https://www.aciertamax.com/property/departamento-en-venta-planta-baja-ubicado-en-zona-minerva
EB-WU6091,VENTA,departamento,Guadalajara,Departamento de 1 recámara en venta en Providencia con balcón,https://www.aciertamax.com/property/departamento-en-venta-en-aires-providencia-1d
EB-WI1478,VENTA,local comercial,Guadalajara,Local Comercial en Venta,https://www.aciertamax.com/property/local-comercial-en-venta-nueva-espana
EB-WR9061,VENTA,departamento,Guadalajara,"Depto de 2 recamaras en Moderna, GDL | Roof garden y zona co-working",https://www.aciertamax.com/property/depto-de-2-recamaras-en-moderna-gdl-roof-garden-y-zona-co-working
EB-WI1771,VENTA,local comercial,Guadalajara,Local Comercial Venta,https://www.aciertamax.com/property/local-comercial-venta-nueva-espana
EB-WU6617,VENTA,departamento,Guadalajara,PREVENTA DEPARTAMENTO 1 REC EN LÓPEZ MATEOS  GUADALAJARA | BRE,https://www.aciertamax.com/property/preventa-departamento-1-rec-en-lopez-mateos-guadalajara-bre
EB-VO9128,VENTA,local en centro comercial,Guadalajara,Local Comercial Plaza B Olímpica,https://www.aciertamax.com/property/local-comercial-plaza-b-olimpica
EB-WZ2139,VENTA,departamento,Guadalajara,Departamento av. americas 2 recamaras URBAN LIFE,https://www.aciertamax.com/property/departamento-av-americas-2-recamaras-urban-life
EB-WZ1848,VENTA,departamento,Guadalajara,ÚLTIMOS DEPARTAMENTOS 1 Y 2 REC EN VENTA - COLOMOS PROVIDENCIA,https://www.aciertamax.com/property/ultimos-departamentos-1-y-2-rec-en-venta-colomos-providencia-colomos-providencia
EB-WT1036,VENTA,bodega comercial,Guadalajara,Bodega con Departamento a 8 min del Centro Médico de Guadalajara,https://www.aciertamax.com/property/bodega-con-departamento-a-8-min-del-centro-medico-de-guadalajara-san-juan-bosco
EB-UC5513,VENTA,departamento,Guadalajara,Departamento en venta con 2 Locales Comerciales,https://www.aciertamax.com/property/departamento-en-venta-con-2-locales-comerciales
EB-OB2541,VENTA,departamento,Guadalajara,"DUKE Preventa, enganche de $599mil",https://www.aciertamax.com/property/duke-preventa-enganche-de-599mil
EB-XA4171,VENTA,departamento,Guadalajara,Departamento en PREVENTA en Torre Doce Morelos,https://www.aciertamax.com/property/departamento-en-preventa-en-torre-doce-morelos-d93635ec-f054-4431-a6d8-948ea6f39f65
EB-WD9016,VENTA,casa,Guadalajara,🏠 Amplia casa en zona centrica 📍 col. Rancho blanco.,https://www.aciertamax.com/property/amplia-casa-en-zona-centrica-col-rancho-blanco
EB-WS8460,VENTA,casa en condominio,Guadalajara,Arena Guadalajara,https://www.aciertamax.com/property/arena-guadalajara
EB-WZ5710,VENTA,departamento,Guadalajara,Departamento en Venta ideal Airbnb,https://www.aciertamax.com/property/departamento-en-venta-ideal-airbnb
EB-WS9664,VENTA,departamento,Guadalajara,"Departamento en Venta 2 Recámaras Torre Alcalde 88 m² Alberca, Gym, terraza",https://www.aciertamax.com/property/departamento-en-venta-2-recamaras-torre-alcalde-88-m-alberca-gym-terraza
EB-WE0544,VENTA,casa,Guadalajara,Casa en venta en Rancho Nuevo,https://www.aciertamax.com/property/casa-en-venta-en-rancho-nuevo-rancho-nuevo-1ra-seccion-guadalajara
EB-WY0761,VENTA,local comercial,Guadalajara,Local en venta en colonia americana,https://www.aciertamax.com/property/local-en-venta-en-colonia-americana-americana
EB-WW0381,VENTA,casa,Guadalajara,"Casa en Venta en Guadalajara, Calle Brillante, Col. El Retiro",https://www.aciertamax.com/property/casa-en-venta-en-guadalajara-calle-brillante-col-el-retiro-el-retiro
EB-VU9501,VENTA,local comercial,Guadalajara,"Local en renta en Colonia Americana, planta baja, 93 m² sobre Av. Díaz de León",https://www.aciertamax.com/property/local-en-venta-en-colonia-americana-planta-baja-93-m-sobre-av-diaz-de-leon
EB-NO9835,VENTA,departamento,Guadalajara,Departamentos  dos recamaras en la Colonia Americana (preventa),https://www.aciertamax.com/property/depa-en-scala-towers-siqueiros
EB-WY1424,VENTA,departamento,Guadalajara,Departamento en venta en Warhol Providencia (Colomos),https://www.aciertamax.com/property/departamento-en-venta-en-warhol-providencia-colomos-b5155007-45f0-4c90-b268-cce15148ecfe
EB-WT7416,VENTA,departamento,Guadalajara,Loft en Venta a Estrenar en WARHOL | Colomos Providencia | GDL,https://www.aciertamax.com/property/loft-en-venta-a-estrenar-en-warhol-colomos-providencia-gdl
EB-WB8122,VENTA,departamento,Guadalajara,"DEPARTAMENTO /CONSULTORIO / OFICINA EN VENTA EN ARCOS, GUADALAJARA",https://www.aciertamax.com/property/departamento-consultorio-oficina-en-venta-en-arcos-guadalajara
EB-TZ2357,VENTA,bodega comercial,Guadalajara,"Propiedad en Zona Centro de Guadalajara,  ideal para Bodega y oficinas!",https://www.aciertamax.com/property/propiedad-en-venta-a-5-cuadras-del-cucs-y-centro-medico-de-occidente
EB-UZ0734,VENTA,departamento,Guadalajara,Depto 1 Rec La Fayette Guadalajara desde $4.2 MDP Alberca Gym,https://www.aciertamax.com/property/depto-1-rec-la-fayette-guadalajara-desde-4-2-mdp-alberca-gym
EB-WS7347,VENTA,departamento,Guadalajara,"Torre Bottura | Departamentos en Venta 1 Recámara + Vestidor, Arcos Vallarta",https://www.aciertamax.com/property/torre-bottura-departamentos-en-venta
EB-WW6833,VENTA,casa,Guadalajara,MEDRANO CASA RECIEN REMODELADA EN VENTA,https://www.aciertamax.com/property/medrano-casa-recien-remodelada-en-venta-3e7eaf96-11a8-4a32-a55b-b528c4582e0b
EB-WS7081,VENTA,departamento,Guadalajara,"Departamentos en Preventa en Jardines de Guadalupe, Zapopan, Jalisco",https://www.aciertamax.com/property/departamentos-en-preventa-en-jardines-de-guadalupe-zapopan-jalisco-jardines-de-guadalupe-guadalajara
EB-UX4451,VENTA,bodega comercial,Guadalajara,Bodega en Venta,https://www.aciertamax.com/property/bodega-en-venta-jardines-de-guadalupe
EB-QX6840,VENTA,casa,Guadalajara,"Edificio en venta ideal para inversionistas en Col. Rancho Nuevo, Guadalajara",https://www.aciertamax.com/property/edificio-en-venta-ideal-para-inversionistas-en-col-rancho-nuevo-guadalajara
EB-WU5085,VENTA,departamento,Guadalajara,Departamento en Venta,https://www.aciertamax.com/property/departamento-en-venta-e4e2ebbb-722c-4253-a9e4-eb239302bae6
EB-SB0483,VENTA,local comercial,Guadalajara,"*Jalisco, Guadalajara, La Perla, Local Comercial en Venta*",https://www.aciertamax.com/property/jalisco-guadalajara-la-perla-local-comercial-en-venta
EB-TR9040,VENTA,local comercial,Guadalajara,Consultorios en PREVENTA en Chapalita,https://www.aciertamax.com/property/consultorios-en-preventa-chapalita-chapalita
EB-WZ4485,VENTA,casa,Guadalajara,"Casa 4 recámaras de 252m2 Oblatos Guadalajara $4,000,000",https://www.aciertamax.com/property/casa-4-recamaras-de-252m2-oblatos-guadalajara-4-000-000
EB-WU5057,VENTA,departamento,Guadalajara,Departamento en Venta,https://www.aciertamax.com/property/departamento-en-venta-50f24459-1e51-40d9-b9a2-952edba21d8d
EB-VB9263,VENTA,oficina,Guadalajara,Oficinas en Venta en Torre NOUS,https://www.aciertamax.com/property/oficinas-en-venta-tipo-coworking-en-torre-nous
EB-VU0766,VENTA,casa,Guadalajara,"Casa en Venta Rancho Nuevo, Guadalajara",https://www.aciertamax.com/property/casa-en-venta-rancho-nuevo-guadalajara-rancho-nuevo-1ra-seccion-guadalajara
EB-XA0403,VENTA,departamento,Guadalajara,Departmento amueblado zona Country Guadalajara,https://www.aciertamax.com/property/departmento-amueblado-zona-country-guadalajara-lomas-del-country
EB-WZ8128,VENTA,departamento,Guadalajara,Departamento Scala Towers,https://www.aciertamax.com/property/departamento-scala-towers
EB-WU4815,VENTA,casa,Guadalajara,Casa en Colonia Francisco Villa,https://www.aciertamax.com/property/casa-en-venta-en-col-francisco-villa-cerca-de-polanco-en-guadalajara-jalisco
EB-WT6507,VENTA,departamento,Guadalajara,"DEPARTAMENTOS BOUTIQUE EN VENTA | JARDINES DEL BOSQUE, GUADALAJARA",https://www.aciertamax.com/property/departamentos-boutique-en-venta-jardines-del-bosque-guadalajara-jardines-del-bosque-norte
EB-WT3394,VENTA,departamento,Guadalajara,Departamento en PREVENTA · Colonia Moderna,https://www.aciertamax.com/property/departamento-en-pre-venta-colonia-americana-moderna
EB-WZ2802,VENTA,terreno,Guadalajara,Terreno en Esquina Comercial en Venta – Calzada Independencia Norte,https://www.aciertamax.com/property/terreno-en-esquina-comercial-en-venta-calzada-independencia-norte
EB-WX2939,VENTA,terreno comercial,Guadalajara,Terreno Comercial en Venta en Calzada Independencia Norte,https://www.aciertamax.com/property/terreno-comercial-en-venta-en-calzada-independencia-norte
EB-SG7443,VENTA,local comercial,Guadalajara,"Local en venta, 2do. nivel Plaza Orange",https://www.aciertamax.com/property/local-en-venta-2do-nivel-plaza-orange
EB-XA5255,VENTA,departamento,Guadalajara,"Preventa de Departamentos en Av. Américas, Col. Ladrón de Guevara | Desde $3,873",https://www.aciertamax.com/property/preventa-de-departamentos-en-av-americas-col-ladron-de-guevara-desde-3-873
EB-WW6963,VENTA,casa,Guadalajara,FRACCIONAMIENTO COLON CASA REMODELADA OPORTUNIDAD,https://www.aciertamax.com/property/fraccionamiento-colon-casa-remodelada-oportunidad-colon
EB-WT8778,VENTA,casa,Guadalajara,"Casa en Venta, Col, El Carmen, Guadalajara, Jalisco",https://www.aciertamax.com/property/casa-en-venta-col-el-carmen-guadalajara-jalisco
EB-VX0761,VENTA,departamento,Guadalajara,Departamento Tipo TOWNHOUSE  en ORZA LOFT | Planta Baja,https://www.aciertamax.com/property/departamento-tipo-townhouse-en-orza-loft
EB-XA5215,VENTA,departamento,Guadalajara,Departamento amueblado en venta | Sant Mäarten Lofts – Col. Americana,https://www.aciertamax.com/property/departamento-amueblado-en-venta-sant-maarten-lofts-col-americana
EB-WV3800,VENTA,casa,Guadalajara,4172 Manuel González,https://www.aciertamax.com/property/manuel-gonzalez-4172
EB-WV1528,VENTA,edificio,Guadalajara,EDIFICIO EN VENTA TETLÁN RÍO VERDE,https://www.aciertamax.com/property/edificio-en-venta-tetlan-rio-verde-tetlan-rio-verde-guadalajara
EB-WG3116,VENTA,bodega comercial,Guadalajara,Bodega en Venta Zona Oblatos Guadalajara,https://www.aciertamax.com/property/bodega-en-venta-zona-oblatos-guadalajara
EB-VA1217,VENTA,casa,Guadalajara,"Casa en venta, Col. del Fresno, Guadalajara, Jal.",https://www.aciertamax.com/property/casa-en-venta-col-del-fresno-guadalajara-jal
EB-WS8843,VENTA,casa,Guadalajara,"Casa en Venta, col, Jardines de San Francisco, Guadalajara , Jal",https://www.aciertamax.com/property/casa-en-venta-col-jardines-de-san-francisco-guadalajara-jal
EB-TP7339,VENTA,casa,Guadalajara,"Mercado de Abastos Casa Habitación, Departamento y Local Comercial",https://www.aciertamax.com/property/mercado-de-abastos-casa-habitacion-departamento-y-local-comercial-las-torres-guadalajara
EB-WS7085,VENTA,departamento,Guadalajara,"Departamentos en Preventa en Jardines de Guadalupe, Zapopan, Jalisco",https://www.aciertamax.com/property/departamentos-en-preventa-en-jardines-de-guadalupe-zapopan-jalisco-jardines-de-guadalupe-departamento
EB-PT0211,VENTA,local comercial,Guadalajara,Local Comercial sobre Calle Pablo Valdez,https://www.aciertamax.com/property/local-comercial-pablo-valdez
EB-JS0745,VENTA,departamento,Guadalajara,"Reducción de Precio!!  Casa Habitación, Departamento y Local Comercial",https://www.aciertamax.com/property/mercado-de-abastos-casa-habitacion-departamento-y-local-comercial-las-torres
EB-JO8602,VENTA,casa,Guadalajara,"Mercado de Abastos Casa Habitación, Departamento y Local Comercial",https://www.aciertamax.com/property/mercado-de-abastos-casa-habitacion-departamento-y-local-comercial
EB-WW5043,VENTA,departamento,Guadalajara,Departamento PH en Preventa en Colomos Providencia,https://www.aciertamax.com/property/departamento-ph-en-preventa-en-colomos-providencia-colomos-providencia
EB-WV5934,VENTA,departamento,Guadalajara,"Increíble Departamento en Venta en Planta Baja, Acervo Living",https://www.aciertamax.com/property/increible-departamento-en-venta-en-planta-baja-acervo-living
EB-WW4288,VENTA,departamento,Guadalajara,APROVECHA!! ULTIMOS DEPARTAMENTOS EN VENTA A UNA CUADRA DE LA EXPO GUADALAJARA.,https://www.aciertamax.com/property/aprovecha-ultimos-departamentos-en-venta-a-una-cuadra-de-la-expo-guadalajara
EB-UE6576,VENTA,terreno,Guadalajara,VENTA TERRENO EL CARMEN GUADALAJARA,https://www.aciertamax.com/property/venta-terreno-el-carmen-guadalajara
EB-WL4458,VENTA,local comercial,Guadalajara,"Local en Venta en Lomas del Paraíso II, Guadalajara",https://www.aciertamax.com/property/local-en-venta-en-lomas-del-paraiso-ii-guadalajara
EB-WG9619,VENTA,departamento,Guadalajara,"Departamento en venta, Torre Margot, col, Chapalita , Guadalajara, jal",https://www.aciertamax.com/property/departamento-en-venta-torre-margot-col-chapalita-guadalajara-jal-chapalita
EB-XA6411,VENTA,casa,Guadalajara,¡OPORTUNIDAD ÚNICA EN SANTA TERESITA! Casa en venta con Local Comercial,https://www.aciertamax.com/property/oportunidad-unica-en-santa-teresita-propiedad-con-local-comercial
EB-XA0485,VENTA,casa en condominio,Guadalajara,"Casa en venta Jardines de San José, 4 recámaras remodelada, 3 Niveles",https://www.aciertamax.com/property/casa-en-venta-jardines-de-san-jose-4-recamaras-remodelada-3-niveles
EB-WW7702,VENTA,casa,Guadalajara,Casa en la Colonia Morelos,https://www.aciertamax.com/property/casa-en-la-colonia-morelos
EB-WW2470,VENTA,casa,Guadalajara,"Casa en Venta, Col, Insurgente, Guadalajara, Jalisco",https://www.aciertamax.com/property/casa-en-venta-col-insurgente-guadalajara-jalisco
EB-WS8540,VENTA,bodega comercial,Guadalajara,Bodega,https://www.aciertamax.com/property/bodega-lomas-de-independencia-bodega-comercial
EB-WG6894,VENTA,local comercial,Guadalajara,Local en Venta en La Colonia Oblatos Guadalajara Jal,https://www.aciertamax.com/property/casa-en-venta-en-la-colonia-oblatos-guadalajara-jal
EB-XA5782,VENTA,casa,Guadalajara,Casa en Venta,https://www.aciertamax.com/property/casa-en-venta-del-fresno-1a-seccion-guadalajara
EB-XA2918,VENTA,terreno,Guadalajara,Terreno uso de suelo mixto en venta Colonia nueva españa,https://www.aciertamax.com/property/terreno-uso-de-suelo-mixto-en-venta-colonia-nueva-espana
EB-WU6276,VENTA,casa,Guadalajara,Venta Casa 4 recámaras Álamo Industrial atrás de la Corona,https://www.aciertamax.com/property/venta-casa-4-recamaras-alamo-industrial-atras-de-la-corona
EB-SU7638,VENTA,casa,Guadalajara,"Guadalajara, Jalisco, El Porvenir, Casa en Venta",https://www.aciertamax.com/property/guadalajara-jalisco-el-porvenir-casa-en-venta
EB-WY1331,VENTA,local comercial,Guadalajara,Local de dos niveles en Venta en Plaza México – Excelente Ubicación,https://www.aciertamax.com/property/local-en-venta-en-plaza-mexico-excelente-ubicacion
EB-WW4315,VENTA,departamento,Guadalajara,"DEPARTAMENTOS EN VENTA EN ARCOS VALLARTA, ¡VIVE CERCA DE TODO!",https://www.aciertamax.com/property/departamentos-en-venta-en-arcos-vallarta-vive-cerca-de-todo
EB-WS7397,VENTA,departamento,Guadalajara,"Torre Bottura | Departamentos en Venta 1 Recámara + Clóset, Arcos Vallarta",https://www.aciertamax.com/property/torre-bottura-departamentos-en-venta-arcos-vallarta
EB-KC6825,VENTA,casa,Guadalajara,Excelente casa para fines comerciales en VENTA sobre Av Colon,https://www.aciertamax.com/property/excelente-casa-para-fines-comerciales-en-venta-sobre-av-colon
EB-VD6312,VENTA,departamento,Guadalajara,"DEPARTAMENTO EN VENTA COLONIA MODERNA 2 RECÁMARAS,ROOF TOP, ALBERCA, BODEGA, AME",https://www.aciertamax.com/property/departamento-en-venta-colonia-moderna-2-recamaras-roof-top-alberca-bodega-ame
EB-VL1036,VENTA,casa,Guadalajara,Casa en Venta en Zona Industrial,https://www.aciertamax.com/property/casa-en-venta-en-zona-industrial
EB-WN6744,VENTA,casa,Guadalajara,RANCHO NUEVO CASA DUPLEX PLANTA ALTA EN VENTA,https://www.aciertamax.com/property/rancho-nuevo-casa-duplex-planta-alta-en-venta-rancho-nuevo-1ra-seccion
EB-VI5306,VENTA,local en centro comercial,Guadalajara,Local comercial en renta en Plaza Exhimoda Zapopan,https://www.aciertamax.com/property/local-comercial-en-renta-en-plaza-exhimoda-zapopan
EB-WT8904,VENTA,departamento,Guadalajara,"Departamento en Venta, Col, Margarita Maza de Juaréz, Guadalajara, Jal",https://www.aciertamax.com/property/departamento-en-venta-col-margarita-maza-de-juarez-guadalajara-jal
EB-XA2377,VENTA,departamento,Guadalajara,Preventa frente al Expiatorio Proyecto Histórico,https://www.aciertamax.com/property/preventa-frente-al-expiatorio-proyecto-historico-americana-guadalajara
EB-PN0118,VENTA,casa,Guadalajara,CASA CON DOS LOCALES COMERCIALES,https://www.aciertamax.com/property/casa-con-dos-locales-comerciales-san-miguel-de-mezquitan
EB-XA5998,VENTA,casa,Guadalajara,RANCHO NUEVO CASA DUPLEX PLANTA BAJA EN VENTA,https://www.aciertamax.com/property/rancho-nuevo-casa-duplex-planta-baja-en-venta-e55b6362-13c1-4dac-83ab-1f80b93c1839
EB-WS8841,VENTA,departamento,Guadalajara,MEZQUITAN DEPARTAMENTO EN VENTA EN AV FEDERALISMO,https://www.aciertamax.com/property/mezquitan-departamento-en-venta-en-av-federalismo
EB-WK6512,VENTA,local comercial,Guadalajara,LOCAL EN VENTA COLONIA ATLAS,https://www.aciertamax.com/property/local-en-venta-colonia-atlas
EB-WW6737,VENTA,departamento,Guadalajara,"Departamento en Venta, Col, Moderna, Guadalajara, Jalisco",https://www.aciertamax.com/property/departamento-en-venta-col-moderna-guadalajara-jalisco
EB-WV5497,VENTA,departamento,Guadalajara,Departamento Nuevo de Dos Habitaciones en Santa Tere Guadalajara Dos Cuartos,https://www.aciertamax.com/property/departamento-nuevo-de-dos-habitaciones-en-santa-tere-guadalajara-dos-cuartos
EB-WU5110,VENTA,departamento,Guadalajara,Departamento en Venta,https://www.aciertamax.com/property/departamento-en-venta-ec2d2782-57ea-424c-8695-92805a5a1bd5
EB-WC0403,VENTA,departamento,Guadalajara,Tu espacio en la Colonia Americana desde $3.09 MDP,https://www.aciertamax.com/property/tu-espacio-en-la-colonia-americana-desde-3-09-mdp
EB-XA5213,VENTA,departamento,Guadalajara,Invierte e un departamento para estancias cortas,https://www.aciertamax.com/property/invierte-e-un-departamento-para-estancias-cortas
EB-QJ9903,VENTA,local comercial,Guadalajara,LOCAL EN PREVENTA EN PRINCIPIA LIVING DISTRIC,https://www.aciertamax.com/property/local-en-preventa-en-principia-living-distric
EB-WZ3255,VENTA,departamento,Guadalajara,Preventa en Jardines del Country - Torre Fauna,https://www.aciertamax.com/property/preventa-en-jardines-del-country-torre-fauna-jardines-del-country-departamento
EB-WY1175,VENTA,departamento,Guadalajara,"DEPARTAMENTO EN VENTA EN GUADALAJARA, JALISCO (COLONIA AMERICANA)",https://www.aciertamax.com/property/departamento-en-venta-en-guadalajara-jalisco-colonia-americana-obrera
EB-WZ8838,VENTA,departamento,Guadalajara,"Departamento en Venta, Col, La perla, Guadalajara, Jalisco",https://www.aciertamax.com/property/departamento-en-venta-col-la-perla-guadalajara-jalisco
EB-WZ2310,VENTA,casa,Guadalajara,"Lomas de Rio Verde, Santa Cecilia, Prepa 18 Udg",https://www.aciertamax.com/property/lomas-de-rio-verde-santa-cecilia-prepa-18-udg
EB-WZ1621,VENTA,casa,Guadalajara,Isla Socorro 2720,https://www.aciertamax.com/property/isla-socorro-2720
EB-NO9869,VENTA,departamento,Guadalajara,Departamentos tipo estudio en la Colonia Americana (Preventa),https://www.aciertamax.com/property/depa-en-scala-towers-dali
EB-JJ3720,VENTA,local en centro comercial,Guadalajara,OPORTUNIDAD LOCAL EN PLAZA,https://www.aciertamax.com/property/oportunidad-local-en-plaza
EB-JV9839,VENTA,departamento,Guadalajara,EXPO GUADALAJARA,https://www.aciertamax.com/property/expo-guadalajara
EB-WW6854,VENTA,casa,Guadalajara,LOMAS DEL PARAÍSO CASA EN VENTA,https://www.aciertamax.com/property/lomas-del-paraiso-casa-en-venta-lomas-del-paraiso-1a-seccion
EB-VY7983,VENTA,local comercial,Guadalajara,LOCAL EN VENTA FRENTE A CENTRO MEDICO DE OCCIDENTE,https://www.aciertamax.com/property/local-en-venta-frente-a-centro-medico-de-occidente-independencia-oriente-guadalajara
EB-RQ5187,VENTA,local comercial,Guadalajara,VENTA DE LOCAL FRENTE A CENTRO MEDICO DE OCCIDENTE,https://www.aciertamax.com/property/venta-de-local-frente-a-centro-medico-de-occidente
EB-WS1755,VENTA,departamento,Guadalajara,"Departamentos en Preventa en la Colonia Americana en Guadalajara, Jalisco",https://www.aciertamax.com/property/departamentos-en-preventa-en-la-colonia-americana-en-guadalajara-jalisco
EB-XA2374,VENTA,departamento,Guadalajara,Preventa frente al Expiatorio Proyecto Histórico,https://www.aciertamax.com/property/preventa-frente-al-expiatorio-proyecto-historico-americana
EB-TR3335,VENTA,departamento,Guadalajara,DEPTOS PREVENTA PROVIDENCIA ONTARIO,https://www.aciertamax.com/property/deptos-preventa-providencia-ontario
EB-WU2190,VENTA,departamento,Guadalajara,Principia Living departamento nuevo en Venta a estrenar,https://www.aciertamax.com/property/estrena-departamento-en-venta-quinta-velarde
EB-WS1756,VENTA,departamento,Guadalajara,"Departamentos en Preventa en la Colonia Americana en Guadalajara, Jalisco",https://www.aciertamax.com/property/departamentos-en-preventa-en-la-colonia-americana-en-guadalajara-jalisco-americana
EB-WY1749,VENTA,departamento,Guadalajara,"Departamento en Venta en Torre XX de Noviembre, Centro de Guadalajara",https://www.aciertamax.com/property/departamento-en-venta-en-torre-xx-de-noviembre-centro-de-guadalajara
EB-UX5851,VENTA,local comercial,Guadalajara,"Local en venta, Col. San Juan Bosco, Guadalajara, Jal.",https://www.aciertamax.com/property/local-en-venta-col-san-juan-bosco-guadalajara-jal
EB-RJ7301,VENTA,oficina,Guadalajara,Oficina en venta o renta mercado de abastos,https://www.aciertamax.com/property/oficina-en-venta-o-renta-mercado-de-abastos
EB-WP0419,VENTA,casa,Guadalajara,Casa en Venta en TETLAN. Con potencial comercial,https://www.aciertamax.com/property/casa-en-venta-en-tetlan-con-potencial-comercial
EB-WS1757,VENTA,departamento,Guadalajara,"Departamentos en Preventa en la Colonia Americana en Guadalajara, Jalisco",https://www.aciertamax.com/property/departamentos-en-preventa-en-la-colonia-americana-en-guadalajara-jalisco-americana-guadalajara
EB-WS8451,VENTA,departamento,Guadalajara,8 de julio,https://www.aciertamax.com/property/8-de-julio-8-de-julio
EB-WA9004,VENTA,local comercial,Guadalajara,Local comercial a la Venta o Renta. Sta Teresita,https://www.aciertamax.com/property/local-comercial-a-la-venta-o-renta
EB-SU1251,VENTA,local en centro comercial,Guadalajara,"PRECIO DE REMATE,    San Juan de Dios Local Comercial en Venta",https://www.aciertamax.com/property/san-juan-de-dios-se-vende-bodega-comercial-san-juan-de-dios
EB-SU1178,VENTA,bodega comercial,Guadalajara,SAN JUAN DE DIOS SE VENDE BODEGA COMERCIAL,https://www.aciertamax.com/property/san-juan-de-dios-se-vende-bodega-comercial
EB-RL7723,VENTA,local en centro comercial,Guadalajara,SE VENDE LOCAL EQUIPADO PARA RESTAURANT BAR,https://www.aciertamax.com/property/se-vende-local-equipado-para-restaurant-bar
EB-RL7699,VENTA,local comercial,Guadalajara,Se remata‼️VENTA DE LOCAL COMERCIAL EQUIPADO PARA RESTAURANT BAR,https://www.aciertamax.com/property/renta-de-local-comercial-equipado-para-restaurant-bar
EB-WW2111,VENTA,departamento,Guadalajara,"Departamento En Planta Baja En Venta En Col. Jardines Del Sur, Guadalajara",https://www.aciertamax.com/property/departamento-en-planta-baja-en-venta-en-col-jardines-del-sur-guadalajara
EB-WU8819,VENTA,departamento,Guadalajara,Departamento Nuevo de Una Habitación en Santa Tere Guadalajara,https://www.aciertamax.com/property/departamento-de-una-habitacion-en-santa-tere-guadalajara-nuevo
EB-WU5132,VENTA,departamento,Guadalajara,Departamento en Venta,https://www.aciertamax.com/property/departamento-en-venta-82d1e54d-a25c-4cca-8c77-4bc7654f38bd
EB-WV6481,VENTA,casa,Guadalajara,"Casa en venta, colonia Blanco y Cuellar",https://www.aciertamax.com/property/casa-en-venta-colonia-blanco-y-cuellar-blanco-y-cuellar-1ra
EB-WZ7149,VENTA,departamento,Guadalajara,"Departamento Nuevo cerca de Centro Médico de Occidente y CUCS , en Guadalajara!!",https://www.aciertamax.com/property/departamento-nuevo-cerca-de-centro-medico-de-occidente-y-cucs-en-guadalajara
EB-WV6083,VENTA,local comercial,Guadalajara,Local y Bodega comercial en Calle 54,https://www.aciertamax.com/property/local-y-bodega-comercial-en-calle-54
EB-WM0418,VENTA,casa,Guadalajara,CASA EN VENTA ALAMO INDUSTRIAL,https://www.aciertamax.com/property/casa-en-venta-alamo-industrial-parque-industrial-el-alamo-guadalajara
EB-OP2707,VENTA,casa,Guadalajara,EL RETIRO GUADALAJARA JALISCO.,https://www.aciertamax.com/property/el-retiro-guadalajara-jalisco-el-retiro
EB-WV2486,VENTA,casa,Guadalajara,Casa en Venta en Col. Santa Maria,https://www.aciertamax.com/property/casa-en-venta-en-col-santa-maria-santa-maria-guadalajara
EB-IB9443,VENTA,local en centro comercial,Guadalajara,TRASPASO DE LOCAL COMERCIAL - MIDTOWN,https://www.aciertamax.com/property/traspaso-de-local-comercial-midtown
EB-UU1406,VENTA,departamento,Guadalajara,MARIA JOSE LIVING,https://www.aciertamax.com/property/maria-jose-living
EB-TR6516,VENTA,local comercial,Guadalajara,Consultorios en PREVENTA Chapalita,https://www.aciertamax.com/property/consultorios-en-preventa-chapalita
EB-XA8632,VENTA,departamento,Guadalajara,Se vende departamento remodelado en Jardines del Sur,https://www.aciertamax.com/property/se-vende-departamento-remodelado-en-jardines-del-sur
EB-WY1303,VENTA,local comercial,Guadalajara,"LOCAL COMERCIAL EN VENTA EN GUADALAJARA, JALISCO (GOMEZ FARIAS)",https://www.aciertamax.com/property/local-comercial-en-venta-en-guadalajara-jalisco-gomez-farias
EB-WT0296,VENTA,casa,Guadalajara,ZALATE CASA A UNAS CUADRAS DE MALECÓN EN VENTA,https://www.aciertamax.com/property/zalate-casa-a-unas-cuadras-de-malecon-en-venta-joaquin-aaron-casa
EB-WU8632,VENTA,edificio,Zapopan,PLAZA PANORAMICA BUGAMBILIAS,https://www.aciertamax.com/property/plaza-panoramica-bugambilias-bugambilias
EB-WZ6447,VENTA,terreno comercial,Zapopan,TERRENO COMERCIAL PASEO VALLE REAL,https://www.aciertamax.com/property/terreno-comercial-en-avenida-paseo-valle-real
EB-WX2916,VENTA,departamento,Zapopan,Departamento en Santa Ana 360,https://www.aciertamax.com/property/departamento-en-santa-ana-360-a92b09b3-f110-4e8b-99fa-44f6d4fdc6ca
EB-VJ3071,VENTA,terreno comercial,Zapopan,"TERRENO ""EL BAJIO""",https://www.aciertamax.com/property/terreno-el-bajio-5f18ab93-d047-4542-b969-e08334ba0d3c
EB-SK2071,VENTA,terreno comercial,Zapopan,"Super Terreno Av. Vallarta frente a KIA 20,000 m2 Ideal Hotel",https://www.aciertamax.com/property/super-terreno-av-vallarta-frente-a-kia-25-000-m2-ideal-hotel
EB-WT7845,VENTA,rancho,Zapopan,Rancho en Tesistan,https://www.aciertamax.com/property/rancho-en-tesistan-san-francisco-tesistan
EB-LL1814,VENTA,terreno comercial,Zapopan,PROYECTO COMERCIAL BUGAMBILIAS,https://www.aciertamax.com/property/proyecto-comercial-bugambilias
EB-WT1144,VENTA,terreno,Zapopan,"Terreno En Venta En San Juan De Ocotán, Zapopan",https://www.aciertamax.com/property/terreno-en-venta-en-san-juan-de-ocotan-zapopan-san-juan-de-ocotan-zapopan
EB-TO4926,VENTA,rancho,Zapopan,"Rancho/Terreno en Venta en Santa Lucía Zapopan, Jalisco",https://www.aciertamax.com/property/rancho-terreno-en-venta-en-santa-lucia-zapopan-jalisco
EB-SP4582,VENTA,terreno,Zapopan,TERRENO EN VENTA DENTRO DEL PARQUE INDUSTRIAL TECHNOLOGY PARK,https://www.aciertamax.com/property/terreno-en-venta-dentro-del-parque-industrial-technology-park
EB-VW3972,VENTA,terreno industrial,Zapopan,TERRENO INDUSTRIAL EN VENTA EN LOS MOLINOS,https://www.aciertamax.com/property/terreno-industrial-en-venta-en-los-molinos
EB-WR5992,VENTA,terreno comercial,Zapopan,TERRENO COMERCIAL EN VENTA EN LA SALIDA DE GUADALAJARA,https://www.aciertamax.com/property/terreno-comercial-en-venta-en-la-salida-de-guadalajara-bosques-de-la-primavera
EB-OE2080,VENTA,nave industrial,Zapopan,Nave industrial ubicada en Capithal Park Colotlan,https://www.aciertamax.com/property/nave-industrial-ubicada-en-capithal-park-colotlan
EB-MJ7938,VENTA,edificio,Zapopan,Hotel en venta,https://www.aciertamax.com/property/hotel-hg-en-venta
EB-PW4026,VENTA,casa en condominio,Zapopan,CASA EN VENTA EN FRACCIONAMIENTO LOS JALES EN ZAPOPAN CON ALBERCA Y MUY AMPLIA,https://www.aciertamax.com/property/casa-en-venta-en-fraccionamiento-los-jales-en-zapopan-con-alberca-y-muy-amplia
EB-SG0993,VENTA,terreno industrial,Zapopan,"Terreno apto para desarrollo industrial , comercial o habitacional",https://www.aciertamax.com/property/terreno-en-carretera-a-colotlan-km-12
EB-BI8561,VENTA,terreno,Zapopan,Terreno 8.7 hectareas Venta Astillero Con agua y uso suelo Industrial,https://www.aciertamax.com/property/terreno-8-7-hectareas-venta-astillero-con-agua-y-uso-suelo-industrial
EB-HE7191,VENTA,terreno,Zapopan,TERRENO COMERCIAL  EN VENTA,https://www.aciertamax.com/property/terreno-comercial-en-venta-san-francisco-tesistan
EB-WI3726,VENTA,oficina,Zapopan,PISO COMPLETO DE OFICINAS EN VENTA EN ZONA ANDARES TRIPLE A,https://www.aciertamax.com/property/piso-completo-de-oficinas-en-venta-en-zona-andares-triple-a-puerta-de-hierro-zapopan
EB-CJ2049,VENTA,terreno,Zapopan,"Terreno En Venta En Copalita, Jalisco",https://www.aciertamax.com/property/terreno-en-venta-en-copalita-jalisco
EB-MW4668,VENTA,rancho,Zapopan,Rancho en Venta del Astillero,https://www.aciertamax.com/property/rancho-en-venta-del-astillero
EB-LB5659,VENTA,oficina,Zapopan,Oficina En Venta En Corporativo Dos Puntas Andares,https://www.aciertamax.com/property/oficina-en-venta-en-corporativo-dos-puntas-andares
EB-VI9399,VENTA,terreno,Zapopan,🌎 3 HECTÁREAS EN VENTA EN LA VENTA DEL ASTILLERO | OPORTUNIDAD PARA DESARROLLAD,https://www.aciertamax.com/property/terreno-en-la-venta-del-astillero-9ae4549b-df76-426a-8403-e54b9746a8dd
EB-TO7335,VENTA,terreno,Zapopan,Terreno comercial con amplia bodega,https://www.aciertamax.com/property/terreno-comercial-con-amplia-bodega
EB-WI9287,VENTA,terreno,Zapopan,"Terreno en Venta para Parque Industrial o Coto en Santa Ana Tepetitlan, Zapopan",https://www.aciertamax.com/property/terreno-en-venta-para-parque-industrial-o-coto-en-santa-ana-tepetitlan-zapopan-santa-ana-tepetitlan
EB-VZ1338,VENTA,terreno comercial,Zapopan,Terreno Comercial en Venta en Esquina en Zapopan,https://www.aciertamax.com/property/terreno-comercial-en-venta-en-esquina-en-zapopan
EB-TH3015,VENTA,bodega comercial,Zapopan,Bodega En Venta En El Colli Urbano,https://www.aciertamax.com/property/bodega-en-venta-y-renta-en-el-colli-urbano
EB-OT0965,VENTA,rancho,Zapopan,Rancho En Venta En Nextipac,https://www.aciertamax.com/property/rancho-en-venta-en-nextipac
EB-UW6712,VENTA,terreno industrial,Zapopan,LOTES INDUSTRIALES EN VENTA AXIS,https://www.aciertamax.com/property/lotes-industriales-en-venta-axis-valle-de-los-molinos-zapopan
EB-VR7204,VENTA,bodega comercial,Zapopan,"BODEGA EN VENTA EM ZAPOPAN, NORTE (NEXTIPARK BY KIVA)",https://www.aciertamax.com/property/bodega-en-venta-em-zapopan-norte-nextipark-by-kiva
EB-WZ5269,VENTA,departamento,Zapopan,Legacy Tower Penthouse en Venta,https://www.aciertamax.com/property/legacy-tower-penthouse-en-venta
EB-WG8299,VENTA,terreno comercial,Zapopan,Terreno Comercial en Renta,https://www.aciertamax.com/property/terreno-comercial-en-renta-el-tigre
EB-SV6951,VENTA,terreno,Zapopan,TERRENO EN VENTA EN ZAPOPAN CON USOS DE SUELO COMERCIAL O HABITACIONAL,https://www.aciertamax.com/property/terreno-en-venta-en-zapopan-con-usos-de-suelo-comercial-o-habitacional
EB-TY7491,VENTA,nave industrial,Zapopan,V NAVE IND NEXTIPARK INDUSTRIAL PARK NAVE 148 ZAPOPAN JALISCO,https://www.aciertamax.com/property/v-nave-ind-nextipark-industrial-park-nave-148-zapopan-jalisco
EB-WI3742,VENTA,oficina,Zapopan,MEDIO PISO DE OFICINAS EN VENTA EN ZONA ANDARES TRIPLE A,https://www.aciertamax.com/property/medio-piso-de-oficinas-en-venta-en-zona-andares-triple-a-puerta-de-hierro
EB-WL0666,VENTA,bodega industrial,Zapopan,BODEGAS EN VENTA LOMAS DE ZAPOPAN,https://www.aciertamax.com/property/bodegas-en-venta-lomas-de-zapopan-lomas-de-zapopan
EB-EH6043,VENTA,terreno,Zapopan,Venta de Terreno en Zapopan,https://www.aciertamax.com/property/terreno-el-arbolado
EB-LB5865,VENTA,oficina,Zapopan,Oficina En Venta En Corporativo Dos Puntas Andares,https://www.aciertamax.com/property/oficina-en-venta-en-corporativo-dos-puntas-andares-puerta-de-hierro
EB-WR2365,VENTA,bodega industrial,Zapopan,Bodega Industrial en Venta Col. El Mante,https://www.aciertamax.com/property/bodega-industrial-en-venta-col-el-mante
EB-WK7354,VENTA,terreno,Zapopan,SE VENDE TERRERO EN NEXTIPAC (CAMINO AL ALEMAN ZAPOPAN),https://www.aciertamax.com/property/se-vende-terreno-industrial-nextipac-camino-al-aleman-zapopan
EB-SJ1663,VENTA,terreno,Zapopan,"Se vende terreno industrial (Zapopan) Camino al Aleman, en Nextipac",https://www.aciertamax.com/property/se-vende-terreno-comercial-zapopan-camino-al-aleman-nextipac
EB-LS0412,VENTA,casa,Zapopan,Casa en venta en Acueducto,https://www.aciertamax.com/property/casa-en-venta-en-acueducto
EB-PL3568,VENTA,terreno industrial,Zapopan,Parque industrial  Colotlan,https://www.aciertamax.com/property/parque-industrial-colotlan-tesistan
EB-VH2802,VENTA,bodega industrial,Zapopan,"BODEGAS DE CAMARA FRIA EN VENTA EN BELENES, ZAPOPAN",https://www.aciertamax.com/property/bodegas-de-camara-fria-en-venta-en-belenes-zapopan-898a618a-9f73-4e70-a4fd-34d476c6243e
EB-MM7821,VENTA,casa con uso de suelo,Zapopan,FINCA  LA MORA ZAP CON USO DE SUELO PROYECTO USO MIXTO VERTICAL COMERCI,https://www.aciertamax.com/property/finca-ex-hda-de-la-mora-zap-con-uso-de-suelo-proyecto-uso-mixto-vertical-comerci
EB-WF8865,VENTA,casa en condominio,Zapopan,Casa en Bosque de los Lagos!!!!,https://www.aciertamax.com/property/casa-en-bosque-de-los-lagos-bosque-de-los-lagos-zapopan
EB-LS0536,VENTA,terreno,Zapopan,"Precioso terreno para desarrollo habitacional o bodegas  5,194 mts2",https://www.aciertamax.com/property/precioso-terreno-para-desarrollo-habitacional-o-bodeguitas-5-194-mts2
EB-WZ2913,VENTA,terreno,Zapopan,TERRENO EN VENTA YA ESCRITURADO DENTRO DE HACIENDA SAN ACASIO,https://www.aciertamax.com/property/terreno-en-venta-ya-escriturado-dentro-de-hacienda-san-acasio
EB-WU5039,VENTA,casa en condominio,Zapopan,CASA EN VENTA EN FRACC. PUERTA DE HIERRO ZAPOPAN,https://www.aciertamax.com/property/casa-en-venta-en-fracc-puerta-de-hierro-zapopan
EB-MA8386,VENTA,bodega industrial,Zapopan,Nave/Bodega Industrial en Venta. Zona de Agua Blanca Industrial. Zapopan. Jalisc,https://www.aciertamax.com/property/bodega-en-venta-ubicada-en-la-zona-de-agua-blanca-industrial-zapopan-jalisco
EB-UI1174,VENTA,bodega comercial,Zapopan,"BODEGA EN VENTA EN PARQUE INDUSTRIAL , LOMAS DE ZAPOPAN",https://www.aciertamax.com/property/bodega-en-venta-en-parque-industrial-lomas-de-zapopan-lomas-de-zapopan-zapopan
EB-TC4396,VENTA,casa,Zapopan,Residencia inteligente con alberca !,https://www.aciertamax.com/property/residencia-inteligente-con-alberca
EB-VR7216,VENTA,bodega comercial,Zapopan,"BODEGA EN VENTA EN ZAPOPAN, NORTE (NEXTIPARK BY KIVA)",https://www.aciertamax.com/property/bodega-en-venta-en-zapopan-norte-nextipark-by-kiva-nextipac
EB-WX3044,VENTA,edificio,Zapopan,Edificio en Venta sobre Av Patria,https://www.aciertamax.com/property/edificio-en-venta-sobre-av-patria
EB-WW1427,VENTA,casa,Zapopan,"Venta Propiedad Ideal Para Oficinas, Edificios, Laboratorio etc",https://www.aciertamax.com/property/venta-propiedad-ideal-para-oficinas-edificios-laboratorio-etc
EB-VA5902,VENTA,terreno,Zapopan,TERRENO EN VENTA EN PARQUE INDUSTRIAL,https://www.aciertamax.com/property/terreno-en-venta-en-parque-industrial-nextipac
EB-SF1092,VENTA,casa,Zapopan,"*PROPIEDAD EN VENTA, ZONA ANDARES (OFICINAS, CLINICAS) *)*",https://www.aciertamax.com/property/propiedad-en-venta-zona-andares-oficinas-clinicas
EB-VF6711,VENTA,terreno industrial,Zapopan,TERRENOS INDUSTRIALES EN VENTA EN SPRING PARK (FRENTE A TECHNOLOGY PARK),https://www.aciertamax.com/property/terrenos-industriales-en-venta-en-spring-park-frente-a-technology-park-1bbd5865-69ca-4386-9eae-bbf810125e2d
EB-XA4292,VENTA,casa en condominio,Zapopan,Casa en venta El Bosque Residencial,https://www.aciertamax.com/property/casa-en-venta-el-bosque-residencial-el-bajio
EB-WV5155,VENTA,casa en condominio,Zapopan,VENTA RESIDENCIA CONDOMINIO EL BOSQUE RESIDENCIAL ZAPOPAN Acabados de autor,https://www.aciertamax.com/property/venta-residencia-condominio-el-bosque-residencial-zapopan-acabados-de-autor
EB-VS4316,VENTA,bodega industrial,Zapopan,"Bodega de uso mixto en venta, Santa Ana Tepetitlán",https://www.aciertamax.com/property/bodega-de-uso-mixto-en-venta-santa-ana-tepetitlan
EB-WY3447,VENTA,terreno,Zapopan,Terreno en VENTA a unas cuadras de Colomos,https://www.aciertamax.com/property/terreno-en-venta-a-unas-cuadras-de-colomos
EB-WU2788,VENTA,casa en condominio,Zapopan,Residencia en Venta Fracc Puerta de Hierro,https://www.aciertamax.com/property/residencia-en-venta-fracc-puerta-de-hierro
EB-TI7883,VENTA,casa en condominio,Zapopan,Casa en Venta en Esquina en Fraccionamiento Villa Verona,https://www.aciertamax.com/property/casa-en-venta-en-esquina-en-fraccionamiento-villa-verona
EB-WZ3342,VENTA,departamento,Zapopan,"DEPARTAMENTO EN VENTA | ZAPOPAN, JALISCO",https://www.aciertamax.com/property/departamento-en-venta-zapopan-jalisco-puerta-plata
EB-VD6353,VENTA,terreno industrial,Zapopan,"LOTES INDUSTRIALES EN VENTA  ALDEA PARK , ZAPOPAN",https://www.aciertamax.com/property/lotes-industriales-en-venta-aldea-park-zapopan-2f434382-f02a-4266-aeaf-1d37db59ecb3
EB-RY4786,VENTA,terreno comercial,Zapopan,"Terreno en Venta uso Comercial E Industrial en Av Guadalajara, Zapopan.",https://www.aciertamax.com/property/terreno-en-renta-o-venta-uso-comercial-e-industrial-en-av-guadalajara-zapopan
EB-VD8864,VENTA,bodega industrial,Zapopan,🏭 Bodega Industrial en Venta en Agua Blanca Industrial | Zapopan,https://www.aciertamax.com/property/bodega-industrial-en-venta-en-agua-blanca-industrial-zapopan
EB-WU7593,VENTA,casa en condominio,Zapopan,RESIDENCIA EN VENTA VALLE REAL UBICADA EN ESQUINA,https://www.aciertamax.com/property/residencia-en-venta-valle-real-ubicada-en-esquina
EB-UE4819,VENTA,casa,Zapopan,CASA EN VENTA RANCHO CONTENTO ZAPOPAN,https://www.aciertamax.com/property/casa-en-venta-rancho-contento-zapopan-rancho-contento
EB-RC0892,VENTA,terreno,Zapopan,Terreno en venta sobre carretera entre Campo Lago y Rancho Contento,https://www.aciertamax.com/property/terreno-en-vneta-sobre-carretera-entre-campo-lago-y-rancho-contento
EB-QC1798,VENTA,casa en condominio,Zapopan,CASA EN VENTA EN RANCHO CONTENTO,https://www.aciertamax.com/property/casa-en-venta-en-rancho-contento-e48e602b-d886-41a3-827a-36b3a9691038
EB-WV5801,VENTA,casa,Zapopan,"Casa en Venta en Lomas Altas, Zapopan",https://www.aciertamax.com/property/casa-en-venta-en-lomas-altas-zapopan-95446342-359c-4a26-91da-dbd8752cf0b7
EB-RE2051,VENTA,terreno,Zapopan,Terreno en Venta sobre Carretera a Nogales cercano a Rancho contento,https://www.aciertamax.com/property/terreno-en-venta-sobre-carretera-a-nogales-cercano-a-rancho-contento
EB-QS2817,VENTA,nave industrial,Zapopan,NAVE EN VENTA ZONA ITESO,https://www.aciertamax.com/property/nave-en-venta-zona-iteso
EB-WZ4733,VENTA,terreno industrial,Zapopan,TERRENO EN VENTA EN SANTA ISABEL,https://www.aciertamax.com/property/terreno-en-venta-en-santa-isabel-santa-isabel-terreno-industrial
EB-PE6515,VENTA,terreno,Zapopan,Se vende Terreno en Circuito Madrigal,https://www.aciertamax.com/property/se-vende-terreno-en-circuito-madrigal
EB-WW0149,VENTA,casa en condominio,Zapopan,Residencia de Lujo en PREVENTA Valle Real,https://www.aciertamax.com/property/residencia-de-lujo-en-preventa-valle-real
EB-WT3863,VENTA,casa en condominio,Zapopan,"Residencia en Preventa en Valle Real – Zapopan, Jalisco",https://www.aciertamax.com/property/residencia-en-preventa-en-valle-real-zapopan-jalisco
EB-WZ0593,VENTA,casa,Zapopan,EXCLUSIVA RESIDENCIA EN VALLE REAL,https://www.aciertamax.com/property/exclusiva-residencia-en-valle-real-valle-real-zapopan
EB-NU7919,VENTA,bodega comercial,Zapopan,Bodega En Venta En Colonia Real De Valdepeñas,https://www.aciertamax.com/property/bodega-en-venta-en-colonia-real-de-valdepenas-real-de-valdepenas
EB-WZ4825,VENTA,terreno,Zapopan,Terreno en venta en Ciudad del Sol | 960 m² y 24 m de frente,https://www.aciertamax.com/property/terreno-en-venta-en-ciudad-del-sol-960-m-y-24-m-de-frente
EB-VA5910,VENTA,terreno,Zapopan,TERRENO EN VENTA EN PARQUE INDUSTRIAL,https://www.aciertamax.com/property/terreno-en-venta-en-parque-industrial-nextipac-zapopan
EB-VY6927,VENTA,terreno comercial,Zapopan,TERRENO COMERCIAL EN VENTA SANTA LUCIA,https://www.aciertamax.com/property/terreno-comercial-en-venta-santa-lucia
EB-VE9262,VENTA,terreno industrial,Zapopan,VENTA DE LOTES EN PARQUE INDUSTRIAL COLOTLAN,https://www.aciertamax.com/property/venta-de-lotes-en-parque-industrial-colotlan-8fd22450-a078-4fc0-bcb7-1aaf2a7f1529
EB-WM8939,VENTA,terreno comercial,Zapopan,Terreno con Uso de Suelo Barrial | Ideal para Desarrollo Habitacional/Comercial,https://www.aciertamax.com/property/terreno-de-960-m-con-uso-de-suelo-mixto-barrial-ideal-para-desarrollo-habit
EB-CH3207,VENTA,terreno comercial,Zapopan,EXCELENTE TERRENO COMERCIAL EN VENTA,https://www.aciertamax.com/property/excelente-terreno-comercial-en-venta-hacienda-copala
EB-MJ1762,VENTA,bodega comercial,Zapopan,Bodega en Venta  Zapopan entre periférico y López Mateos Sur,https://www.aciertamax.com/property/bodega-en-venta-de-1-599-m-en-zapopan-jalisco
EB-VS1581,VENTA,edificio,Zapopan,"Hotel en Venta en El Bajio, Zapopan, Jalisco.",https://www.aciertamax.com/property/en-venta-hotel-de-lujo-en-excelente-ubicacion-zapopan-jalisco-san-jose-del-bajio-zapopan
EB-JO0743,VENTA,edificio,Zapopan,"En Venta! Hotel de Lujo en Excelente ubicación, Zapopan, Jalisco.",https://www.aciertamax.com/property/en-venta-hotel-de-lujo-en-excelente-ubicacion-zapopan-jalisco
EB-WU6354,VENTA,departamento,Zapopan,PENT HOUSE EN VENTA Condominio Blue Loft - ALBERCA Y GRAN TERRAZA PROPIAS,https://www.aciertamax.com/property/pent-house-en-venta-condominio-blue-loft-alberca-y-gran-terraza-propias-puerta-del-roble-departamento
EB-VX3801,VENTA,oficina,Zapopan,OFICINA EN JARDINES DE GUADALUPE,https://www.aciertamax.com/property/oficina-en-jardines-guadalupe
EB-PI9144,VENTA,bodega comercial,Zapopan,Bodega Zona Sur Periferico-Lopez Mateos,https://www.aciertamax.com/property/bodega-zona-sur-periferico-lopez-mateos
EB-WU3107,VENTA,casa en condominio,Zapopan,Casa en Zapopan Venta Coto Villa Verona,https://www.aciertamax.com/property/casa-en-zapopan-venta-coto-villa-verona-villa-verona-zapopan
EB-WS2384,VENTA,terreno,Zapopan,Terreno en venta en Colinas de San Javier,https://www.aciertamax.com/property/terreno-en-venta-en-colinas-de-san-javier-4b7d628a-0053-4d57-b89c-916a3c615ac5
EB-LL9270,VENTA,terreno comercial,Zapopan,Excelente terreno comercial en Soriana las Águilas!,https://www.aciertamax.com/property/excelente-terreno-comercial-en-soriana-las-aguilas
EB-XA7920,VENTA,casa,Zapopan,Bugambilias Casa en Venta Nueva,https://www.aciertamax.com/property/bugambilias-casa-en-venta-nueva
EB-XA4602,VENTA,casa,Zapopan,Residencia en VENTA en VALLE REAL,https://www.aciertamax.com/property/residencia-en-venta-en-valle-real-9cd21080-4486-4bc4-8699-f782dc878395
EB-VE8990,VENTA,terreno industrial,Zapopan,TERRENOS EN VENTA EN PARQUE INDUSTRIAL NEXTIPARK,https://www.aciertamax.com/property/terrenos-en-venta-en-parque-industrial-nextipark-07e399de-fec5-4cc5-a4ae-9d8c60895ead
EB-XA4442,VENTA,departamento,Zapopan,"Departamento en Venta en Aura Altitud, Zona Puerta de Hierro",https://www.aciertamax.com/property/departamento-en-venta-en-aura-latitud-zona-puerta-de-hierro
EB-MS7729,VENTA,casa en condominio,Zapopan,Casa en Venta en Los Frailes,https://www.aciertamax.com/property/casa-en-venta-en-los-frailes-residencial-los-frailes
EB-WS9419,VENTA,casa,Zapopan,CASA VENTA Puerta de Hierro,https://www.aciertamax.com/property/casa-venta-puerta-de-hierro-a282fcd8-7c13-4386-90a3-d0bbb948eafd
EB-WS6419,VENTA,casa,Zapopan,"Residencia en Venta en Coto Reserva Real, Zapopan, Jalisco.",https://www.aciertamax.com/property/residencia-en-venta-en-coto-reserva-real-zapopan-jalisco-valle-real-casa
EB-WL9560,VENTA,bodega industrial,Zapopan,Bodega en venta y renta TREX Industrial Park,https://www.aciertamax.com/property/bodega-en-renta-trex-industrial-park
EB-CS8724,VENTA,rancho,Zapopan,RANCHO SAN ESTEBAN EN VENTA,https://www.aciertamax.com/property/rancho-san-esteban-en-venta
EB-XA7812,VENTA,departamento,Zapopan,"Departamento de Lujo en Venta – Torre Hyatt Andares, Zapopan",https://www.aciertamax.com/property/departamento-de-lujo-en-venta-torre-hyatt-andares-zapopan-puerta-de-hierro
EB-WW0456,VENTA,terreno,Zapopan,Terreno en Venta en Ciudad Granja,https://www.aciertamax.com/property/terreno-en-venta-en-ciudad-granja-2dc8039d-c354-4867-9e72-768fce0bb7fb
EB-WV6806,VENTA,bodega industrial,Zapopan,BODEGA EN VENTA PARQUE TREX,https://www.aciertamax.com/property/bodega-en-venta-parque-trex
EB-WU0695,VENTA,oficina,Zapopan,"OFICINA EN VENTA EN LAS ÁGUILAS, LA CALMA | ZAPOPAN",https://www.aciertamax.com/property/oficina-en-venta-en-las-aguilas-la-calma-zapopan
EB-WY0892,VENTA,casa en condominio,Zapopan,Casa en venta Valle Real,https://www.aciertamax.com/property/casa-de-oportunidad-en-venta-valle-real-valle-real-zapopan
EB-WS9312,VENTA,casa,Zapopan,Las Cañadas Casa en Venta,https://www.aciertamax.com/property/las-canadas-casa-en-venta-50e21825-1719-4dfa-ac56-f4595595cfae
EB-VA9361,VENTA,bodega comercial,Zapopan,BODEGAS EN VENTA LOMAS DE ZAPOPAN,https://www.aciertamax.com/property/bodegas-en-venta-lomas-de-zapopan
EB-WS5899,VENTA,terreno,Zapopan,Terreno en venta en Ciudad Granja,https://www.aciertamax.com/property/terreno-en-venta-en-ciudad-granja-961b0124-02e3-4b5c-8628-c4cf001228ee
EB-OQ3964,VENTA,casa en condominio,Zapopan,Hermosa Casa Rancho Contento muy amplia,https://www.aciertamax.com/property/hermosa-casa-rancho-contento-muy-amplia
EB-ML6457,VENTA,terreno,Zapopan,TERRENO EN VENTA EN HACIENDA SAN ACASIO,https://www.aciertamax.com/property/terreno-en-venta-en-hacienda-san-acasio-la-mojonera
EB-VH4195,VENTA,bodega comercial,Zapopan,Bodegas en ELITE Nextipac,https://www.aciertamax.com/property/bodegas-en-elite-nextipac
EB-XA6026,VENTA,terreno,Zapopan,CIRCUITO MADRIGAL TERRENO EN VENTA COLINAS DE SAN JAVIER,https://www.aciertamax.com/property/circuito-madrigal-terreno-en-venta-colinas-de-san-javier-fde72404-df97-4fba-8d41-4dd3094b0393
EB-WW4341,VENTA,casa,Zapopan,Casa en Venta - Virreyes Residencial,https://www.aciertamax.com/property/casa-en-venta-virreyes-residencial-6327f55a-a298-41b7-a372-7a73850595bc
EB-VG9792,VENTA,departamento,Zapopan,"Departamento En Venta en West Point – Av. Universidad, Zapopan",https://www.aciertamax.com/property/departamento-en-venta-en-west-point-av-universidad-zapopan
EB-TU4245,VENTA,bodega industrial,Zapopan,VENTA DE NAVE INDUSTRIAL - BODEGA. ELITE NEXTIPAC I,https://www.aciertamax.com/property/venta-de-nave-industrial-bodega-elite-nextipac-i
EB-WV9477,VENTA,casa en condominio,Zapopan,"Casa en venta en Azaleas Residencial, Bugambilias 1a. Sección",https://www.aciertamax.com/property/casa-en-venta-en-azaleas-residencial-bugambilias-1a-seccion
EB-XA3791,VENTA,departamento,Zapopan,"PENTHOUSE DE LUJO EN VENTA EN TORRE CITELA, LOMAS ALTAS",https://www.aciertamax.com/property/penthouse-de-lujo-en-venta-en-torre-citela-lomas-altas-lomas-altas
EB-WW7599,VENTA,departamento,Zapopan,"PENTHOUSE DE LUJO EN VENTA EN TORRE CITELA, LOMAS ALTAS",https://www.aciertamax.com/property/penthouse-de-lujo-en-venta-en-torre-citela-lomas-altas
EB-WY6049,VENTA,casa,Zapopan,"Casa en venta con amplio terreno en Las Fuentes, Zapopan.",https://www.aciertamax.com/property/casa-en-venta-con-amplio-terreno-en-las-fuentes-zapopan
EB-WY1752,VENTA,terreno,Zapopan,"Terreno con construcción en Las Fuentes, Zapopan",https://www.aciertamax.com/property/terreno-en-venta-en-las-fuentes-zapopan-con-construccion
EB-WV2756,VENTA,terreno,Zapopan,Terreno en venta,https://www.aciertamax.com/property/terreno-en-venta-a3ef4b0a-127f-4bb3-ab1b-6552c73ddbf1
EB-WU6270,VENTA,departamento,Zapopan,Departamento en Venta en Legacy Tower - Ubicación privilegiada de Distrito Andar,https://www.aciertamax.com/property/departamento-en-venta-en-legacy-tower-ubicacion-privilegiada-de-distrito-andar
EB-WT3184,VENTA,casa en condominio,Zapopan,"Residencia de lujo en Venta en Bugambilias, Zapopan",https://www.aciertamax.com/property/residencia-de-lujo-en-venta-en-bugambilias-zapopan
EB-WM2898,VENTA,casa en condominio,Zapopan,"Residencia de lujo en Valle Real, Zapopan",https://www.aciertamax.com/property/residencia-de-lujo-en-valle-real-zapopan-valle-real
EB-VQ4597,VENTA,terreno industrial,Zapopan,Se vende nave industrial a precio de terreno en Tesitan Zapopan,https://www.aciertamax.com/property/se-vende-nave-industrial-con-oficinas-y-terraza-en-tesitan-zapopan-tesistan
EB-VQ4594,VENTA,nave industrial,Zapopan,Se vende nave industrial con oficinas y terraza en Tesitan Zapopan,https://www.aciertamax.com/property/se-vende-nave-industrial-con-oficinas-y-terraza-en-tesitan-zapopan
EB-VQ4584,VENTA,bodega industrial,Zapopan,Se vende bodega con oficinas y terraza en Tesitan Zapopan,https://www.aciertamax.com/property/se-vende-bodega-con-oficinas-y-terraza-en-tesitan-zapopan
EB-VQ4571,VENTA,bodega industrial,Zapopan,Se vende bodega y terraza en Tesitan Zapopan,https://www.aciertamax.com/property/se-vende-bodega-y-terraza-en-tesitan-zapopan
EB-VQ4561,VENTA,oficina,Zapopan,Se vende oficina con bodega y terraza en Tesitan Zapopan,https://www.aciertamax.com/property/se-vende-bodega-con-terraza-en-tesitan-zapopan-tesistan
EB-VQ4551,VENTA,bodega comercial,Zapopan,Se vende bodega con terraza en Tesitan Zapopan,https://www.aciertamax.com/property/se-vende-bodega-con-terraza-en-tesitan-zapopan
EB-VR7207,VENTA,bodega comercial,Zapopan,"BODEGA EN VENTA EN ZAPOPAN, NORTE (NEXTIPARK BY KIVA)",https://www.aciertamax.com/property/bodega-en-venta-en-zapopan-norte-nextipark-by-kiva
EB-TR7376,VENTA,bodega industrial,Zapopan,BODEGA LOMAS DE ZAPOPAN,https://www.aciertamax.com/property/bodega-lomas-de-zapopan
EB-WZ3389,VENTA,departamento,Zapopan,DEPARTAMENTO EN VENTA DE 3 RECÁMARAS | ZAPOPAN,https://www.aciertamax.com/property/departamento-en-venta-de-3-recamaras-zapopan
EB-WM5859,VENTA,terreno industrial,Zapopan,TERRENOS INDUSTRIALES EN VENTA EN NEXTIPAC,https://www.aciertamax.com/property/terrenos-industriales-en-venta-en-nextipac-la-venta-del-astillero
EB-UY4036,VENTA,casa en condominio,Zapopan,Acogedora Casa en Venta en Valle Real con amplia Terraza,https://www.aciertamax.com/property/acogedora-casa-en-venta-en-valle-real-con-amplia-terraza
EB-WA7288,VENTA,bodega industrial,Zapopan,Nave Industrial junto al Aeropuerto GDL,https://www.aciertamax.com/property/nave-industrial-junto-al-aeropuerto-gdl
EB-VN0613,VENTA,terreno,Zapopan,"Terreno habitacional o uso industrial ligera en Venta $20,500,000.00 por Valle I",https://www.aciertamax.com/property/terreno-habitacional-o-uso-industrial-ligera-en-venta-20-500-000-00-por-valle-i
EB-VH2782,VENTA,bodega industrial,Zapopan,"BODEGAS DE CAMARA FRIA EN VENTA EN BELENES, ZAPOPAN",https://www.aciertamax.com/property/bodegas-de-camara-fria-en-venta-en-belenes-zapopan-zapopan-industrial-norte-bodega-industrial
EB-WV7535,VENTA,casa,Zapopan,OPORTUNIDAD CASA EN VENTA PARA REMODELACION EN CIUDAD DEL SOL ZAPOPAN JALISCO,https://www.aciertamax.com/property/oportunidad-casa-en-venta-para-remodelacion-en-ciudad-del-sol-zapopan-jalisco
EB-WV7220,VENTA,casa,Zapopan,CASA EN VENTA  PARA CLINICA NOTARIA ESCUELA OFICINAS EN CIUDAD DEL SOL ZAPOPAN,https://www.aciertamax.com/property/casa-en-venta-para-clinica-notaria-escuela-oficinas-en-ciudad-del-sol-zapopan
EB-WS9361,VENTA,casa en condominio,Zapopan,Casa en Valle Real,https://www.aciertamax.com/property/casa-en-valle-real-be6b41f5-da07-4d00-9f76-f1e088a68c7d
EB-VD6993,VENTA,bodega comercial,Zapopan,Bodega en venta en Lomas del Batán,https://www.aciertamax.com/property/bodega-en-venta-en-lomas-del-batan
EB-UI0982,VENTA,bodega comercial,Zapopan,"BODEGA EN VENTA EN PARQUE INDUSTRIAL , LOMAS DE ZAPOPAN",https://www.aciertamax.com/property/bodega-en-venta-en-parque-industrial-lomas-de-zapopan
EB-UW6676,VENTA,terreno industrial,Zapopan,LOTES INDUSTRIALES EN VENTA AXIS,https://www.aciertamax.com/property/lotes-industriales-en-venta-axis-valle-de-los-molinos
EB-VI6994,VENTA,terreno industrial,Zapopan,TERRENO INDUSTRIAL EN VENTA EN ALDEA PARK 1,https://www.aciertamax.com/property/terreno-industrial-en-venta-en-aldea-park-1
EB-MU7079,VENTA,terreno,Zapopan,"TERRENO EN VENTA EN RANCHO CONTENTO, ZAPOPAN JAL.",https://www.aciertamax.com/property/terreno-en-venta-en-rancho-contento-zapopan-jal
EB-WS5805,VENTA,casa,Zapopan,Casa en venta en Bugambilias 2da sección,https://www.aciertamax.com/property/casa-en-venta-en-bugamcilias-2da-seccion
EB-VY2317,VENTA,casa,Zapopan,para Oficinas a puerta cerrada,https://www.aciertamax.com/property/para-oficinas-a-puerta-cerrada
EB-WT5653,VENTA,casa con uso de suelo,Zapopan,"Moctezuma, Ciudad del sol, jardines del sol, plaza del zol, plaza ciudadela.",https://www.aciertamax.com/property/moctezuma-ciudad-del-sol-jardines-del-sol-plaza-del-zol-plaza-ciudadela
EB-WG9046,VENTA,terreno,Zapopan,TERRENO EN VENTA AYAMONTE ZAPOPAN,https://www.aciertamax.com/property/terreno-en-venta-ayamonte-zapopan-ayamonte-terreno
EB-WU4091,VENTA,departamento,Zapopan,"Departamento en venta, Torre Ambar andares (Con inquilino)",https://www.aciertamax.com/property/departamento-en-venta-torre-ambar-andares
EB-WV2620,VENTA,casa en condominio,Zapopan,HERMOSA CASA EN VENTA EN EL CONDOMINIO ARAUCA I,https://www.aciertamax.com/property/hermosa-casa-en-venta-arauca-i
EB-WT6019,VENTA,terreno,Zapopan,TERRENO EN VENTA ATLAS COLOMOS | COTO LAS PALMAS,https://www.aciertamax.com/property/terreno-en-venta-atlas-colomos-coto-las-palmas
EB-QQ9337,VENTA,terreno,Zapopan,Terreno en Venta en Los Cajetes Industrial,https://www.aciertamax.com/property/terreno-en-venta-o-renta-los-cajetes-industrial
EB-WS8420,VENTA,terreno,Zapopan,La Giralda,https://www.aciertamax.com/property/la-giralda-la-giralda-terreno
EB-TW6067,VENTA,bodega industrial,Zapopan,Bodega en preventa en NEXTIPARK,https://www.aciertamax.com/property/bodega-en-preventa-en-nextipark
EB-WS6647,VENTA,departamento,Zapopan,Departamento en Venta 365 m² | 2 niveles con vistas al Bosque de los Colomos,https://www.aciertamax.com/property/departamento-en-venta-365-m-2-niveles-con-vistas-al-bosque-de-los-colomos
EB-SA8841,VENTA,casa,Zapopan,CASA EN VENTA EN LA SEATTLE,https://www.aciertamax.com/property/casa-en-venta-en-la-seattle-seattle-zapopan
EB-WW6436,VENTA,casa,Zapopan,CASA EN VENTA EN ZONA REAL,https://www.aciertamax.com/property/casa-en-venta-en-zona-real-valle-real-casa
EB-WP1470,VENTA,casa,Zapopan,Casa Venta La Toscana I Valle Real,https://www.aciertamax.com/property/casa-venta-la-toscana-i-valle-real
EB-WM3548,VENTA,local en centro comercial,Zapopan,Local en venta en Plaza en Avila Camacho Zapopan,https://www.aciertamax.com/property/local-en-venta-en-plaza-en-avila-camacho-zapopan
EB-WY0659,VENTA,terreno,Zapopan,Terreno en venta Lomas Acueducto,https://www.aciertamax.com/property/terreno-en-venta-lomas-acueducto-d8fc311c-7962-4af3-b14e-48dfc89f0761
EB-WU8681,VENTA,terreno,Zapopan,Terreno en Venta Lomas Acueducto - Av. Juan Palomar y Arias y Av. Universidad.,https://www.aciertamax.com/property/terreno-en-venta-lomas-acueducto-av-juan-palomar-y-arias-y-av-universidad-puerta-las-lomas
EB-UX8459,VENTA,bodega comercial,Zapopan,"BODEGA PARQUE INDUSTRIAL NEXTIPARK, Zapopan, Jalisco.",https://www.aciertamax.com/property/bodega-en-renta-nave-industrial-nextipark-zapopan-jalisco
EB-OH6898,VENTA,terreno comercial,Zapopan,Terreno comercial,https://www.aciertamax.com/property/terreno-comercial-tesistan
EB-RF4911,VENTA,bodega comercial,Zapopan,PREVENTA NAVES INDUSTRIALES PARQUE INDUSTRIAL ELITE NEXTIPAC JALISCO,https://www.aciertamax.com/property/preventa-naves-industriales-parque-industrial-elite-nextipac-jalisco-nextipac-zapopan
EB-WZ9521,VENTA,casa,Zapopan,CASA EN OLIVOS RESIDENCIAL,https://www.aciertamax.com/property/casa-en-olivos-residencial-2b19c0c9-1aab-49a6-ac03-d462cd590792
EB-WV9835,VENTA,casa en condominio,Zapopan,En venta CASA EN ESQUINA Jardín Real,https://www.aciertamax.com/property/en-venta-casa-en-esquina-jardin-real
EB-UI1074,VENTA,bodega comercial,Zapopan,"BODEGA EN VENTA EN PARQUE INDUSTRIAL , LOMAS DE ZAPOPAN",https://www.aciertamax.com/property/bodega-en-venta-en-parque-industrial-lomas-de-zapopan-lomas-de-zapopan
EB-RF9814,VENTA,casa en condominio,Zapopan,DIANA NATURA,https://www.aciertamax.com/property/diana-natura-diana-nature-residencial-zapopan
EB-WV5022,VENTA,casa en condominio,Zapopan,Casa en venta Los Castaños,https://www.aciertamax.com/property/casa-en-venta-los-castanos-3d62e9e2-2b44-4679-98fa-c99625a72bef
EB-UY8184,VENTA,casa,Zapopan,En venta Fracc Bugambilias,https://www.aciertamax.com/property/en-venta-fracc-bugambilias
EB-QZ6929,VENTA,terreno,Zapopan,"Jalisco,Zapopan,Cond. El Prado Residencial 2Da. Secc. Terreno.Venta",https://www.aciertamax.com/property/jalisco-zapopan-cond-el-prado-residencial-2da-secc-terreno-venta
EB-SS9956,VENTA,terreno industrial,Zapopan,Aprovecha adquirir un lote industrial en Spring Park (La Venta),https://www.aciertamax.com/property/aprovecha-adquirir-un-lote-industrial-en-spring-park-la-venta
EB-RN2395,VENTA,nave industrial,Zapopan,NAVE EN VENTA EN CAPITHAL COLOTLAN,https://www.aciertamax.com/property/bodegas-en-renta-en-parque-industrial-los-molinos
EB-WN6292,VENTA,local comercial,Zapopan,Vendo local rentado en Av. Avila Camacho a 2 cuadras de Plaza Patria,https://www.aciertamax.com/property/vendo-local-rentado-en-av-avila-camacho-a-2-cuadras-de-plaza-patria
EB-WY0618,VENTA,casa,Zapopan,Casa en venta en Ciudad del Sol,https://www.aciertamax.com/property/casa-en-venta-en-ciudad-del-sol-7167d098-d3a1-4f3b-8502-bbcd17ec928f
EB-WS6741,VENTA,casa,Zapopan,Casa en Venta Condominio Pablo Neruda,https://www.aciertamax.com/property/casa-en-venta-condominio-pablo-neruda
EB-VF9605,VENTA,nave industrial,Zapopan,NAVE RENTADA EN VENTA PARQUE INDUSTRIAL LOS MOLINOS,https://www.aciertamax.com/property/nave-rentada-en-venta-parque-industrial-los-molinos
EB-TR7141,VENTA,bodega industrial,Zapopan,BODEGA EN VENTA LOMAS DE ZAPOPAN,https://www.aciertamax.com/property/bodega-en-venta-lomas-de-zapopan-lomas-de-zapopan
EB-KL9682,VENTA,casa,Zapopan,"RESIDENCIA EN VENTA EN ARAUCA 1 , ZONA REAL, VALLE REAL- PRECIO ESPECIAL",https://www.aciertamax.com/property/casa-en-venta-en-arauca-zona-real-valle-real
EB-WZ9294,VENTA,departamento,Zapopan,"ÁLADA, PH DE LUJO AMUEBLADO, DE 196 MTS2",https://www.aciertamax.com/property/alada-ph-de-lujo-amueblado-de-196-mts2
EB-SH4417,VENTA,departamento,Zapopan,Departamento En Venta En Torre West Point,https://www.aciertamax.com/property/departamento-en-venta-en-torre-west-point
EB-WW2268,VENTA,casa,Zapopan,"SE VENDE CASA EN BUGAMBILIAS, ZAPOPAN",https://www.aciertamax.com/property/se-vende-casa-en-bugambilias-zapopan
EB-WY6063,VENTA,casa,Zapopan,"Casa en Venta en Santo Tomás de Aquino, Zapopan Jalisco",https://www.aciertamax.com/property/casa-en-venta-en-santo-tomas-de-aquino-zapopan-jalisco
EB-VD5659,VENTA,bodega comercial,Zapopan,Bodega en Topolobampo VENTA Y RENTA,https://www.aciertamax.com/property/bodega-en-topolobampo-venta-y-renta
EB-WZ8979,VENTA,casa en condominio,Zapopan,Residencia en Venta en Cañadas Country Club,https://www.aciertamax.com/property/residencia-en-venta-en-canadas-country-club
EB-XA0774,VENTA,casa,Zapopan,CASA EN VENTA EN LAS FUENTES,https://www.aciertamax.com/property/casa-en-venta-en-las-fuentes-e121eaa5-46cf-4bd5-b13b-9ac81196b9e6
EB-WK8011,VENTA,nave industrial,Zapopan,NAVE EN RENTA/VENTA EN CAPITHAL PARK NEXTIPAC,https://www.aciertamax.com/property/nave-en-renta-venta-en-capithal-park-nextipac
EB-LH6470,VENTA,edificio,Zapopan,"Clinica en Venta Villas de Guadalupe, ""A NEGOCIAR"", Zapopan, Jalisco",https://www.aciertamax.com/property/edificio-en-venta-en-villas-de-guadalupe-zapopan-jalisco
EB-CW2484,VENTA,edificio,Zapopan,"Edificio para Sanatorio ,Hotel,Escuela, Oficinas en carr. a Saltillo",https://www.aciertamax.com/property/edificio-para-hotel-sanatorio-escuela-u-oficinas-en-carr-a-saltillo
EB-AX7594,VENTA,edificio,Zapopan,EDIFICIO COMERCIAL PARA SANATORIO HOTEL OFICINAS ASILO GUARDERIA,https://www.aciertamax.com/property/edificio-comercial-para-sanatorio-hotel-oficinas-asilo-guarderia
EB-AW9042,VENTA,edificio,Zapopan,Edificio Sanatorio ideal también para Hotel entrada a Guadalajara,https://www.aciertamax.com/property/edificio-sanatorio-ideal-tambien-para-hotel-entrada-a-guadalajara
EB-WT2352,VENTA,nave industrial,Zapopan,BODEGA RENTADA EN VENTA CAPITHAL PARK,https://www.aciertamax.com/property/bodega-rentada-en-venta-capithal-park
EB-VN5615,VENTA,casa,Zapopan,Casa Preventa Bugambilias 🌿,https://www.aciertamax.com/property/casa-preventa-bugambilias
EB-WU7592,VENTA,departamento,Zapopan,LÍRICA VIRREYES | PENTHOUSE — 151.01 M²,https://www.aciertamax.com/property/lirica-virreyes-penthouse-151-01-m
EB-WU3629,VENTA,casa en condominio,Zapopan,Casa en Venta Coto La Toscana - ZONA VALLE REAL,https://www.aciertamax.com/property/casa-en-venta-coto-la-toscana-zona-valle-real-b50845f4-d35b-44c9-983e-7d76d50e46fc
EB-NU7850,VENTA,bodega comercial,Zapopan,Bodega En Venta En Colonia Real De Valdepeñas,https://www.aciertamax.com/property/bodega-en-venta-en-colonia-real-de-valdepenas-fraccionamiento-real-de-valdepenas
EB-WT9022,VENTA,departamento,Zapopan,En venta DEPA de LUJO en Torre CIGALES,https://www.aciertamax.com/property/en-venta-depa-de-lujo-en-torre-cigales
EB-VD6741,VENTA,departamento,Zapopan,"Departamento reacondicionado en Vista Vento, Virreyes Residencial – Zapopan",https://www.aciertamax.com/property/departamento-reacondicionado-en-vista-vento-virreyes-residencial-zapopan
EB-OH3438,VENTA,terreno,Zapopan,Terreno comercial en venta en Zapopan AV. FEDERALISMO NORTE,https://www.aciertamax.com/property/terreno-comercial-en-venta-en-zapopan-av-federalismo-norte
EB-QK0005,VENTA,oficina,Zapopan,OFICINA EN VENTA TORRE BUCE,https://www.aciertamax.com/property/oficina-en-venta-torre-buce-altamira-oficina
EB-TV2197,VENTA,edificio,Zapopan,SE VENDE EDIFICIO USO DE SUELO MIXTO EN EXCELENTE UBICACIÓN,https://www.aciertamax.com/property/se-vende-edificio-uso-de-suelo-mixto-en-excelente-ubicacion-jardines-del-sol
EB-WV5419,VENTA,terreno comercial,Zapopan,Terreno con Local Comercial y Terraza en Venta. Eva Briseño.,https://www.aciertamax.com/property/terreno-con-local-comercial-y-terraza-en-venta-eva-briseno
EB-WT8673,VENTA,departamento,Zapopan,En venta DEPA AMUEBLADO en Andares Torre TITANIUM,https://www.aciertamax.com/property/en-venta-depa-amueblado-en-andares-torre-titanium
EB-WS6049,VENTA,casa,Zapopan,Casa en Venta – Excelente Ubicación en Jardines del Sol,https://www.aciertamax.com/property/casa-en-venta-excelente-ubicacion-en-jardines-del-sol-jardines-del-sol
EB-SG4404,VENTA,departamento,Zapopan,Departamento En Venta En Torre Legacy Andares,https://www.aciertamax.com/property/departamento-en-venta-en-torre-legacy-andares
EB-WZ2541,VENTA,terreno,Zapopan,Terreno SAN ACASIO,https://www.aciertamax.com/property/terreno-san-acasio-la-mojonera
EB-WT2270,VENTA,departamento,Zapopan,Departamento en VENTA Vía del Bodque Av Universidad,https://www.aciertamax.com/property/departamento-en-venta-via-del-bodque-av-universidad
EB-VF6670,VENTA,terreno industrial,Zapopan,TERRENOS INDUSTRIALES EN VENTA EN SPRING PARK (FRENTE A TECHNOLOGY PARK),https://www.aciertamax.com/property/terrenos-industriales-en-venta-en-spring-park-frente-a-technology-park-34eebfe8-2c3c-4357-809c-d7f35c610254
EB-BK7835,VENTA,casa,Zapopan,Casa en Venta Jardines de San Ignacio Zapopan,https://www.aciertamax.com/property/casa-en-venta-jardines-de-san-ignacio-zapopan
EB-WG9590,VENTA,terreno industrial,Zapopan,"LOTES INDUSTRIALES EN VENTA  ALDEA PARK , ZAPOPAN",https://www.aciertamax.com/property/lotes-industriales-en-venta-aldea-park-zapopan-6217097c-4a7a-405b-a1b6-d6213d730030
EB-QC3464,VENTA,edificio,Zapopan,PROYECTO COMERCIAL- HOTEL EN OBRA GRIS  EN VENTA EN SAN ISIDRO ZAPOPAN,https://www.aciertamax.com/property/proyecto-comercial-hotel-en-obra-gris-en-venta-en-san-isidro-zapopan
EB-WW0882,VENTA,terreno industrial,Zapopan,TERRENO EN VENTA EN CARR. NEXTIPAC,https://www.aciertamax.com/property/terreno-en-venta-en-carr-nextipac
EB-WZ2073,VENTA,departamento,Zapopan,PENTHOUSE EN VENTA EN SANT URIEL,https://www.aciertamax.com/property/penthouse-en-venta-en-sant-uriel-chapalita-sur
EB-WW6706,VENTA,bodega comercial,Zapopan,"Bodega En Venta En Colonia Nuevo México, Zapopan",https://www.aciertamax.com/property/bodega-en-venta-en-colonia-nuevo-mexico-zapopan
EB-WT8525,VENTA,departamento,Zapopan,Departamento en VENTA,https://www.aciertamax.com/property/departamento-en-venta-puerta-del-bosque-zapopan
EB-WH3940,VENTA,casa,Zapopan,Residencia Remodelada en Ciudad Bugambilias,https://www.aciertamax.com/property/residencia-remodelada-en-ciudad-bugambilias
EB-WG9460,VENTA,oficina,Zapopan,Oficina en Venta en Dos Puntas Corporativo Zona Andares,https://www.aciertamax.com/property/oficina-en-venta-en-dos-puntas-corporativo-zona-andares
EB-SI9619,VENTA,oficina,Zapopan,OFICINA EN VENTA ZONA ANDARES TORRE DOS PUNTAS ZAPOPAN JALISCO,https://www.aciertamax.com/property/oficina-en-venta-zona-andares-torre-dos-puntas-zapopan-jalisco
EB-VH2847,VENTA,bodega industrial,Zapopan,"BODEGAS DE CAMARA FRIA EN VENTA EN BELENES, ZAPOPAN",https://www.aciertamax.com/property/bodegas-de-camara-fria-en-venta-en-belenes-zapopan-ae7ca8e8-f665-4c4a-9d37-c3f76fd91d1a
EB-XA0619,VENTA,casa en condominio,Zapopan,Casa en venta Jardín Real - Coto 5,https://www.aciertamax.com/property/casa-en-venta-jardin-real-coto-5-e8bbe260-72be-4b66-8ece-84d07b3e54d7
EB-WW4091,VENTA,departamento,Zapopan,Departamento en Venta en Valle Real,https://www.aciertamax.com/property/departamento-en-venta-en-valle-real-4ac9993d-54a0-4119-9559-3d8f06881d49
EB-WW2681,VENTA,casa,Zapopan,"Casa  en venta, en coto,  en Bugambilias 2da sección,",https://www.aciertamax.com/property/casa-nueva-en-venta-en-bugambilias-2da-seccion
EB-VF9345,VENTA,terreno industrial,Zapopan,TERRENO COMERCIAL / INDUSTRIAL EN VENTA EN TESISTAN,https://www.aciertamax.com/property/terreno-comercial-industrial-en-venta-en-tesistan-san-francisco-tesistan-zapopan
EB-XA7873,VENTA,casa,Zapopan,Residencia en Venta en Bugambilias Segunda Sección con Sala de Cine,https://www.aciertamax.com/property/residencia-en-venta-en-bugambilias-segunda-seccion-con-sala-de-cine-ciudad-bugambilia
EB-WS2374,VENTA,bodega comercial,Zapopan,Bodega en venta en la Joyita Lomas de Tesistan,https://www.aciertamax.com/property/bodega-en-venta-en-la-joyita-lomas-de-tesistan-lomas-de-tesistan-zapopan
EB-RK8416,VENTA,casa,Zapopan,BODEGA EN VENTA EN JARDINES DE LA PROVIDENCIA,https://www.aciertamax.com/property/bodega-en-venta-en-jardines-de-la-providencia
EB-VI9534,VENTA,casa,Zapopan,CASA EN VENTA JARDÍN REAL REMODELADA,https://www.aciertamax.com/property/casa-en-venta-jardin-real-remodelada
EB-VE7875,VENTA,terreno,Zapopan,"OPORTUNIDAD TERRENO COMERCIAL 998 M2 EN LOS ROBLES, NUEVO MEXICO",https://www.aciertamax.com/property/oportunidad-terreno-comercial-998-m2-en-los-robles-nuevo-mexico
EB-UT5065,VENTA,casa,Zapopan,ACTIVO COMERCIAL  FRENTE A PLAZA CIUDADELA!,https://www.aciertamax.com/property/casa-frente-a-plaza-ciudadela-ideal-para-uso-comercial
EB-RT8194,VENTA,casa,Zapopan,"Casa Estilo Japonés en Chapalita de Occidente, Guadalajara",https://www.aciertamax.com/property/casa-estilo-japones-en-chapalita-de-occidente-guadalajara-12-350-000
EB-EO2040,VENTA,casa con uso de suelo,Zapopan,"Excelente casa Chapalita para oficinas, negocio, spa..",https://www.aciertamax.com/property/excelente-casa-chapalita-para-oficinas-negocio-spa
EB-WW2682,VENTA,casa,Zapopan,Casa en venta Valeira Habitat | Solares,https://www.aciertamax.com/property/casa-en-venta-valeira-habitat-solares-solares
EB-NE0602,VENTA,casa,Zapopan,CIUDAD BUGAMBILIAS CASA VENTA ZAPOPAN JALISCO,https://www.aciertamax.com/property/villa-real-casa-venta-zapopan-jalisco
EB-WU8565,VENTA,departamento,Zapopan,LÍRICA VIRREYES | TOWNHOUSE — 175.83 M²,https://www.aciertamax.com/property/lirica-virreyes-townhouse-175-83-m
EB-QK0041,VENTA,oficina,Zapopan,OFICINA EN VENTA TORRE BUCE,https://www.aciertamax.com/property/oficina-en-venta-torre-buce-5212a1f6-077c-4353-937b-3ceb48cf37f9
EB-WV9932,VENTA,casa en condominio,Zapopan,CASA EN VENTA PARQUE METROPOLITANO,https://www.aciertamax.com/property/casa-en-venta-parque-metropolitano-paseos-del-parque-zapopan
EB-VQ4731,VENTA,rancho,Zapopan,RANCHO EN VENTA COLINAS DEL MARTEL,https://www.aciertamax.com/property/rancho-en-venta-colinas-del-martel
EB-VF9327,VENTA,departamento,Zapopan,"Departamento Amueblado 2  niveles de lujo rediseñado · Zona Andares Zapopan $11,",https://www.aciertamax.com/property/departamento-amueblado-2-niveles-de-lujo-redisenado-zona-andares-zapopan-11
EB-WG2010,VENTA,bodega comercial,Zapopan,Bodega en Venta en Constitución,https://www.aciertamax.com/property/bodega-en-venta-en-constitucion-constitucion
EB-RM7629,VENTA,casa,Zapopan,Casa con alberca y sótano en la cima de Zapopan,https://www.aciertamax.com/property/casa-con-alberca-y-sotano-en-la-cima-de-zapopan
EB-UJ8783,VENTA,casa en condominio,Zapopan,CASA NUEVA EN VENTA CON 3 RECÁMARAS + 1 ESTUDIO,https://www.aciertamax.com/property/casa-nueva-en-venta-con-3-recamaras-1-estudio
EB-WV3641,VENTA,casa en condominio,Zapopan,CASA NUEVA EN VENTA EN CONDOMINIO EN PARQUE METROPOLITANO,https://www.aciertamax.com/property/casa-nueva-en-venta-en-condominio-en-parque-metropolitano
EB-WV7921,VENTA,casa en condominio,Zapopan,En venta CASA DE LUJO en Valle Imperial,https://www.aciertamax.com/property/en-venta-casa-de-lujo-en-valle-imperial
EB-WW3199,VENTA,casa,Zapopan,"Casa en Venta en VALLE IMPERIAL, Zapopan, Jalisco",https://www.aciertamax.com/property/casa-en-venta-en-valle-imperial-zapopan-jalisco-19c92228-339a-490e-9e28-75d7ad69ffb2
EB-VJ2577,VENTA,casa,Zapopan,CASA EN VENTA BUGAMBILIAS PRIMERA SECCION ZAPOPAN,https://www.aciertamax.com/property/casa-en-venta-bugambilias-primera-seccion-zapopan-fraccionamiento-bugambilias
EB-WZ4199,VENTA,casa en condominio,Zapopan,Casa en venta parque metropolitano (paseos del parque),https://www.aciertamax.com/property/casa-en-venta-parque-metropolitano-paseos-del-parque-paseos-del-parque
EB-WS6810,VENTA,terreno,Zapopan,Terreno en Venta en Bugambilias | Condominio Tegir,https://www.aciertamax.com/property/terreno-en-venta-en-bugambilias-condominio-tegir
EB-WP2197,VENTA,casa con uso de suelo,Zapopan,Oficina Corporativa en Venta | Uso de Suelo Comercial | Av. Tepeyac,https://www.aciertamax.com/property/oficina-corporativa-en-venta-uso-de-suelo-comercial-av-tepeyac
EB-XA7158,VENTA,departamento,Zapopan,Departamento en Venta en Torre Ópera – Av Universidad,https://www.aciertamax.com/property/departamento-en-venta-en-torre-opera-av-universidad-puerta-del-bosque
EB-WZ4801,VENTA,casa,Zapopan,"Se Vende bonita casa en Villa 3 San Felipe, Bugambilias 2a. Seccion",https://www.aciertamax.com/property/se-vende-bonita-casa-en-villa-3-san-felipe-bugambilias-2a-seccion
EB-TM4416,VENTA,local comercial,Zapopan,LOCAL COMERCIAL EN VENTA/RENTA EN Valdepeñas,https://www.aciertamax.com/property/local-comercial-en-venta-renta-en-valdepenas
EB-VQ1741,VENTA,casa,Zapopan,Hermosa Residencia Diana Natura,https://www.aciertamax.com/property/hermosa-residencia-diana-natura
EB-WV5311,VENTA,casa,Zapopan,Casa en venta Villa Universidad,https://www.aciertamax.com/property/casa-en-venta-villa-universidad-villa-universitaria-zapopan
EB-WT9141,VENTA,departamento,Zapopan,Penthouse en renta y venta cerca de andares,https://www.aciertamax.com/property/penthouse-en-renta-y-venta-cerca-de-andares
EB-OZ4460,VENTA,local comercial,Zapopan,Bodega en venta en Zapopan Centro,https://www.aciertamax.com/property/bodega-en-venta-en-zapopan-centro
EB-RW9254,VENTA,bodega comercial,Zapopan,BODEGA COMERCIAL EN VENTA EN COL. ZAPOPAN CENTRO.,https://www.aciertamax.com/property/bodega-comercial-en-venta-en-col-zapopan-centro
EB-VA5922,VENTA,terreno,Zapopan,TERRENO EN VENTA EN PARQUE INDUSTRIAL,https://www.aciertamax.com/property/terreno-en-venta-en-parque-industrial-04b8c8ae-7ea3-4790-911c-915be0609b36
EB-WU7133,VENTA,casa en condominio,Zapopan,CASA EN VENTA COTO LEVANA RESIDENCIAL - JOCOTÁN - ZONA CHIVAS VERDE VALLE - RINC,https://www.aciertamax.com/property/casa-en-venta-coto-levana-residencial-jocotan-zona-chivas-verde-valle-rinc-5c38bd43-8346-41db-9360-062022713169
EB-WU3213,VENTA,casa en condominio,Zapopan,Casa en Venta Coto Virreyes,https://www.aciertamax.com/property/casa-en-venta-coto-virreyes-virreyes-residencial-casa-en-condominio
EB-PI5864,VENTA,terreno,Zapopan,TERRENO EN VENTA EN PIAMONTE  VALLE REAL DE 384 MTS Y 394 MTS  DESDE $10.5 MI,https://www.aciertamax.com/property/terreno-en-venta-en-piamonte-valle-real-de-384-mts-y-394-mts-desde-10-9-66-mi
EB-WV5726,VENTA,casa,Zapopan,Hermosa Casa en La Estancia,https://www.aciertamax.com/property/hermosa-casa-en-la-estancia-d2a35f71-3f0d-46ba-b54e-60e57e3fd338
EB-QZ6704,VENTA,casa,Zapopan,"Jalisco,Zapopan,Ciudad Bugambilias,Casa,Venta",https://www.aciertamax.com/property/jalisco-zapopan-ciudad-bugambilias-casa-venta
EB-XA7046,VENTA,casa,Zapopan,Oportunidad de Venta Casa en el Colli,https://www.aciertamax.com/property/oportunidad-de-venta-casa-en-el-colli-el-colli-urbano-1a-seccion-zapopan
EB-WU3522,VENTA,casa en condominio,Zapopan,CASA EN VENTA COTO LEVANA RESIDENCIAL - JOCOTÁN - ZONA CHIVAS VERDE VALLE - RINC,https://www.aciertamax.com/property/casa-en-venta-coto-levana-residencial-jocotan-zona-chivas-verde-valle-rinc-640c337b-a6a3-40bc-852c-1744d122772b
EB-UF5649,VENTA,terreno industrial,Zapopan,"TERRENO EN PARQUE INDUSTRIAL ZAPOPAN, JALISCO",https://www.aciertamax.com/property/terreno-en-parque-industrial-zapopan-jalisco
EB-TK6940,VENTA,terreno,Zapopan,Terreno en Parque Industrial en Venta,https://www.aciertamax.com/property/terreno-en-parque-industrial-en-venta-santa-lucia-terreno
EB-WU9480,VENTA,departamento,Zapopan,Departamento en venta Landmark Reserve,https://www.aciertamax.com/property/departamento-en-venta-landmark-reserve-0ff007d7-f04d-4b0e-82c1-860b642c68d3
EB-WY0782,VENTA,casa en condominio,Zapopan,CASA EN VENTA SOARE II COTO 1,https://www.aciertamax.com/property/casa-en-venta-soare-ii-coto-1
EB-WV2490,VENTA,terreno,Zapopan,Terreno en venta en Lomas del Valle,https://www.aciertamax.com/property/terreno-en-venta-en-lomas-del-valle-e34980d3-f911-4549-aea5-75a21fcabdc3
EB-WZ1920,VENTA,casa en condominio,Zapopan,Casa en venta fraccionamiento Monticello,https://www.aciertamax.com/property/casa-en-venta-fraccionamiento-monticello-lomas-de-montechelo-el-pedregal
EB-WT2694,VENTA,departamento,Zapopan,Departamento en VENTA,https://www.aciertamax.com/property/departamento-en-venta-puerta-del-bosque
EB-PL3553,VENTA,terreno industrial,Zapopan,Parque industrial Colotlan,https://www.aciertamax.com/property/parque-industrial-colotlan
EB-UX3257,VENTA,casa en condominio,Zapopan,En Venta Casa Nueva Vista Panorámica al parque Parques Vallarta Zapopan Jal,https://www.aciertamax.com/property/en-venta-casa-nueva-vista-panoramica-al-parque-parques-vallarta-zapopan-jal
EB-RJ8680,VENTA,local comercial,Zapopan,LOCAL EN VENTA HACIA TESISTÁN EN JUAN GIL PRECIADO,https://www.aciertamax.com/property/local-en-venta-hacia-tesistan-en-juan-gil-preciado
EB-RJ8665,VENTA,terreno comercial,Zapopan,HOTEL EN VENTA HACIA TESISTÁN EN JUAN GIL PRECIADO,https://www.aciertamax.com/property/hotel-en-venta-hacia-tesistan-en-juan-gil-preciado
EB-RJ8656,VENTA,bodega comercial,Zapopan,BODEGA EN VENTA HACIA TESISTÁN EN JUAN GIL PRECIADO,https://www.aciertamax.com/property/bodega-en-venta-hacia-tesistan-en-juan-gil-preciado
EB-RJ8647,VENTA,oficina,Zapopan,OFICINAS EN VENTA HACIA TESISTÁN EN JUAN GIL PRECIADO,https://www.aciertamax.com/property/oficinas-en-venta-hacia-tesistan-en-juan-gil-preciado
EB-XA1656,VENTA,casa en condominio,Zapopan,Casa en Venta - Los Robles,https://www.aciertamax.com/property/casa-en-venta-los-robles-e81b47c0-4bba-441e-8046-ae0a33dd4daf
EB-WY0741,VENTA,casa,Zapopan,Se Vende Casa de Autor - Coto Castaño - Valle Imperial,https://www.aciertamax.com/property/se-vende-casa-de-autor-coto-castano-valle-imperial
EB-WH2904,VENTA,terreno,Zapopan,¡Gran Oportunidad de Inversión! Terreno de 418 m² Ideal para Desarrollar o Const,https://www.aciertamax.com/property/gran-oportunidad-de-inversion-terreno-de-418-m-ideal-para-desarrollar-o-const
EB-VG5758,VENTA,local en centro comercial,Zapopan,Local en venta en Plaza del Sol en Zapopan,https://www.aciertamax.com/property/local-en-venta-en-plaza-del-sol-en-zapopan
EB-XA4828,VENTA,casa,Zapopan,Casa Venta Bugambilias 2da Sección,https://www.aciertamax.com/property/casa-venta-bugambilias-2da-seccion-ciudad-bugambilia-zapopan
EB-WW4838,VENTA,casa,Zapopan,Casa Venta Bugambilias 2da Sección,https://www.aciertamax.com/property/casa-venta-bugambilias-2da-seccion-bugambilias-zapopan
EB-WK4930,VENTA,departamento,Zapopan,DEPARTAMENTO NUEVO EN VENTA EN CIMA PARK 800,https://www.aciertamax.com/property/departamento-nuevo-en-renta-en-cima-park-800
EB-WX3739,VENTA,casa en condominio,Zapopan,Casa en Venta Frente a Amenidades en Privanza,https://www.aciertamax.com/property/casa-en-venta-frente-a-amenidades-en-privanza
EB-WZ9692,VENTA,casa,Zapopan,CASA REMODELADA EN RESIDENCIAL VICTORIA 3 RECAMARAS CASI TODA EN UNA PLANTA,https://www.aciertamax.com/property/casa-remodelada-en-residencial-victoria-3-recamaras-casi-toda-en-una-planta
EB-WZ1302,VENTA,departamento,Zapopan,"Townhouse de 3 recámaras con terraza en ARÉVIA RESIDENCES, Zona Real",https://www.aciertamax.com/property/townhome-de-3-recamaras-en-arevia-residences-zona-real
EB-WD5488,VENTA,terreno industrial,Zapopan,TERRENOS INDUSTRIALES EN VENTA | ALDEAPARK,https://www.aciertamax.com/property/terrenos-industriales-en-venta-aldeapark
EB-RT5557,VENTA,terreno industrial,Zapopan,¡TERRENO EN VENTA PARQUE INDUSTRIAL ELITE SANTA LUCIA PARK !! !!,https://www.aciertamax.com/property/terreno-en-venta-parque-industrial-elite-santa-lucia-park
EB-VD6053,VENTA,casa en condominio,Zapopan,CASA EN VENTA EN PARQUES VALLARTA COTO ABETO,https://www.aciertamax.com/property/casa-en-venta-en-parques-vallarta-coto-abeto-e61eb731-7b33-452c-8a54-215cc41da84d
EB-WV3085,VENTA,casa en condominio,Zapopan,Casa en Esquina en Venta Frente Al Parque Metropolitano,https://www.aciertamax.com/property/casa-en-esquina-en-venta-frente-al-parque-metropolitano-rinconada-del-parque
EB-WV2222,VENTA,departamento,Zapopan,DEPARTAMENTO 3 REC EN PREVENTA EN NACIONES UNIDAS | LIR,https://www.aciertamax.com/property/departamento-3-rec-en-preventa-en-naciones-unidas-lir
EB-WU7541,VENTA,departamento,Zapopan,LÍRICA VIRREYES | MODELO F — 101.49 M²,https://www.aciertamax.com/property/lirica-virreyes-modelo-f-101-49-m
EB-PS3366,VENTA,oficina,Zapopan,Oficinas en venta en la zona financiera de Guadalajara al mejor precio del merca,https://www.aciertamax.com/property/oficinas-en-venta-en-la-zona-financiera-de-guadalajara-al-mejor-precio-del-merca
EB-XA2077,VENTA,casa,Zapopan,Casa en Venta,https://www.aciertamax.com/property/casa-en-venta-ebc67e61-8442-4995-ab02-01a066da7269
EB-NE1449,VENTA,casa,Zapopan,CIUDAD BUGAMBILIAS CASA VENTA ZAPOPAN JALISCO,https://www.aciertamax.com/property/ciudad-bugambilias-casa-venta-zapopan-jalisco
EB-RN3930,VENTA,casa,Zapopan,CASA EN VENTA EN AVENIDA LA CIMA DE ZAPOPAN,https://www.aciertamax.com/property/casa-en-venta-en-avenida-la-cima-de-zapopan
EB-WX3586,VENTA,casa en condominio,Zapopan,Casa en Venta en Larissa Solares,https://www.aciertamax.com/property/casa-en-venta-en-larissa-solares-solares
EB-WZ9499,VENTA,casa,Zapopan,CASA NUEVA EN SOLARES - ALTANZA/SOARE 3,https://www.aciertamax.com/property/casa-nueva-en-solares-altanza-soare-3
EB-NZ7708,VENTA,departamento,Zapopan,Departamento en venta Torre Lirica,https://www.aciertamax.com/property/depa-en-preventa-virreyes-residencial
EB-VE9086,VENTA,terreno industrial,Zapopan,TERRENOS EN VENTA EN PARQUE INDUSTRIAL NEXTIPARK,https://www.aciertamax.com/property/terrenos-en-venta-en-parque-industrial-nextipark-6ca460e8-f6b1-4894-988d-5af8670856b0
EB-WV5352,VENTA,departamento,Zapopan,Departamento en torre Emile,https://www.aciertamax.com/property/departamento-en-torre-emile-valle-real-departamento
EB-WZ4385,VENTA,casa,Zapopan,Magnífica casa Bugambilias 2a. Seccion,https://www.aciertamax.com/property/magnifica-casa-bugambilias-2a-seccion
EB-WV8418,VENTA,casa,Zapopan,EXCELENTE CASA EN VENTA EN BUGAMBILIAS 2DA SECCION.,https://www.aciertamax.com/property/excelente-casa-en-venta-en-bugambilias-2da-seccion-bugambilias-zapopan
EB-WR0176,VENTA,bodega comercial,Zapopan,BODEGA EN VENTA SANTA MARGARITA,https://www.aciertamax.com/property/bodega-en-venta-santa-margarita-jardines-de-santa-margarita
EB-WL3126,VENTA,edificio,Zapopan,VENTA EDIFICIO AV. VALLARTA ZONA DE LOS CUBOS!!,https://www.aciertamax.com/property/venta-edificio-av-vallarta-zona-de-los-cubos
EB-SS9886,VENTA,terreno comercial,Zapopan,Aprovecha y adquiere tu terreno industrial dentro de Spring Park (La venta),https://www.aciertamax.com/property/aprovecha-y-adquiere-tu-terreno-industrial-dentro-de-spring-park-la-venta
EB-WZ8834,VENTA,casa,Zapopan,CASA EN VENTA EN COLONIA CAMINO REAL,https://www.aciertamax.com/property/casa-en-venta-en-colonia-camino-real
EB-WZ1517,VENTA,casa en condominio,Zapopan,Casa en Venta de una Sola Planta en Callejon del Parque,https://www.aciertamax.com/property/casa-en-venta-de-una-sola-planta-en-callejon-del-parque
EB-WT2317,VENTA,casa,Zapopan,Casa Nueva en Venta en Solares Residencial en Zapopan,https://www.aciertamax.com/property/casa-nueva-en-venta-en-solares-residencial-en-zapopan
EB-VD6036,VENTA,casa en condominio,Zapopan,CASA EN VENTA EN PARQUES VALLARTA COTO ABETO,https://www.aciertamax.com/property/casa-en-venta-en-parques-vallarta-coto-abeto-parques-vallarta-casa-en-condominio
EB-WU7667,VENTA,casa,Zapopan,Casa en venta dentro coto Soare en Solares Residencial Zapopan,https://www.aciertamax.com/property/casa-en-venta-en-solares-dentro-coto-en-zapopan
EB-VF6686,VENTA,terreno industrial,Zapopan,TERRENOS INDUSTRIALES EN VENTA EN SPRING PARK (FRENTE A TECHNOLOGY PARK),https://www.aciertamax.com/property/terrenos-industriales-en-venta-en-spring-park-frente-a-technology-park-05539a7c-261a-4b15-8665-41de7fc2a721
EB-XA1401,VENTA,departamento,Zapopan,"Departamento en Venta | Lobby 33, Puerta de Hierro, Zapopan",https://www.aciertamax.com/property/departamento-en-venta-lobby-33-puerta-de-hierro-zapopan-puerta-de-hierro-departamento
EB-XA0504,VENTA,casa en condominio,Zapopan,CASA EN VENTA O RENTA AMUEBLADA EN BUGAMBILIAS COTO VISTAS DEL SOL,https://www.aciertamax.com/property/casa-en-venta-o-renta-amueblada-en-bugambilias-coto-vistas-del-sol
EB-WZ6699,VENTA,casa en condominio,Zapopan,"CASA AMUEBLADA EN VENTA UBICADA EN LA CIMA, ZAPOPAN, JALISCO",https://www.aciertamax.com/property/casa-amueblada-en-venta-ubicada-en-la-cima-zapopan-jalisco
EB-WZ4974,VENTA,casa,Zapopan,Se Vende bonita casa en Bugambilias 2a. Seccion,https://www.aciertamax.com/property/se-vende-bonita-casa-en-bugambilias-2a-seccion-bugambilias
EB-UQ7205,VENTA,bodega comercial,Zapopan,Bodega en Zapopan  sobre periférico norte,https://www.aciertamax.com/property/bodega-en-zapopan-sobre-periferico-norte
EB-RF7666,VENTA,local comercial,Zapopan,LOCAL COMERCIAL EN   VENTA  EN MERIDIANO 103,https://www.aciertamax.com/property/local-comercial-en-renta-o-venta-ciudad-granja
EB-VA5921,VENTA,terreno,Zapopan,TERRENO EN VENTA EN PARQUE INDUSTRIAL,https://www.aciertamax.com/property/terreno-en-venta-en-parque-industrial-7de887f1-1d6c-43c2-960f-9ff3ab47e8e5
EB-RM4244,VENTA,terreno industrial,Zapopan,Terreno Comercial en Venta,https://www.aciertamax.com/property/terreno-comercial-en-venta-zapopan-industrial-norte
EB-WW1352,VENTA,casa en condominio,Zapopan,"Casa en Venta coto Soare II, Solares",https://www.aciertamax.com/property/casa-en-coto-soare-solares-0b6542f9-469a-4c3e-a5ae-882dfd45fa7e
EB-XA2704,VENTA,terreno,Zapopan,Terreno en Venta en Puerta del Valle,https://www.aciertamax.com/property/terreno-en-venta-en-puerta-del-valle-b59d7f6c-322c-4d9f-9fab-b4ab226273a1
EB-WW2828,VENTA,terreno,Zapopan,Terreno en venta Puerta del Valle,https://www.aciertamax.com/property/terreno-en-venta-puerta-del-valle-puerta-del-valle
EB-RK5276,VENTA,terreno,Zapopan,TERRENO INDUSTRIAL EN VENTA NEXTIPARK ZAPOPAN,https://www.aciertamax.com/property/terreno-industrial-en-venta-nextipack-zapopan
EB-WZ1675,VENTA,casa,Zapopan,"Casa en Venta en Jardines del Sol, Zapopan",https://www.aciertamax.com/property/casa-en-venta-en-jardines-del-sol-zapopan-9e73d990-ceb8-4674-b873-9130d33956d2
EB-WV5516,VENTA,casa en condominio,Zapopan,Casa a estrenar en venta Valle Imperial,https://www.aciertamax.com/property/casa-a-estrenar-en-venta-valle-imperial
EB-UT7059,VENTA,departamento,Zapopan,"DEPARTAMENTO TORRE ZENTRAL, AMUEBLADO Y OFICINA ADJUNTA",https://www.aciertamax.com/property/departamento-torre-zentral-amueblado-y-oficina-adjunta
EB-XA7698,VENTA,casa,Zapopan,Casa a estrenar en venta dentro del coto Egipcio en Valle Imperial Zapopan,https://www.aciertamax.com/property/casa-a-estrenar-en-venta-dentro-del-coto-egipcio-en-valle-imperial-zapopan
EB-WZ7432,VENTA,casa en condominio,Zapopan,Casa en Venta Zapopan Coto Altanza - Soare 3 - Fraccionamiento Solares,https://www.aciertamax.com/property/casa-en-venta-zapopan-coto-altanza-soare-3-fraccionamiento-solares-89d60e73-3364-4794-998b-c926fb01ce09
EB-WZ4934,VENTA,casa,Zapopan,Se Vende bonita casa estilo Luis Barragan,https://www.aciertamax.com/property/se-vende-bonita-casa-estilo-luis-barragan
EB-WX4133,VENTA,casa,Zapopan,"Casa real Vallarta  Zapopan oportunidad	$8,500,000",https://www.aciertamax.com/property/casa-real-vallarta-zapopan-oportunidad-8-500-000
EB-WV8661,VENTA,casa en condominio,Zapopan,Casa en Venta en Valle Imperial Frente a Casa Club - 5 Hab,https://www.aciertamax.com/property/casa-en-venta-en-valle-imperial-frente-a-casa-club-5-hab
EB-WV8649,VENTA,casa en condominio,Zapopan,Casa en Venta en Valle Imperial con 5 habitaciones,https://www.aciertamax.com/property/casa-en-venta-en-valle-imperial-con-5-habitaciones
EB-WV8638,VENTA,casa en condominio,Zapopan,Casa en Venta en Valle Imperial - Coto Egipcio,https://www.aciertamax.com/property/casa-en-venta-en-valle-imperial-coto-egipcio-valle-imperial
EB-WU6497,VENTA,casa en condominio,Zapopan,Casa Nueva en Venta en Valle Imperial | Coto Egipcio,https://www.aciertamax.com/property/casa-nueva-en-venta-en-valle-imperial-coto-egipcio-valle-imperial
EB-WU5829,VENTA,casa en condominio,Zapopan,Casa Nueva en Venta en Valle Imperial | Coto Egipcio,https://www.aciertamax.com/property/casa-nueva-en-venta-en-valle-imperial-coto-egipcio
EB-WT2409,VENTA,casa,Zapopan,Casa en VENTA en SOLARES,https://www.aciertamax.com/property/casa-en-venta-en-solares-f083bc8a-6488-4759-9524-ab5f9b2050a1
EB-UY6270,VENTA,terreno,Zapopan,Terreno Venta Arauca II Residencial,https://www.aciertamax.com/property/terreno-venta-arauca-ii-residencial
EB-TR3701,VENTA,casa,Zapopan,CASA EN VENTA EN RANCHO EL CENTINELA,https://www.aciertamax.com/property/casa-en-venta-en-rancho-el-centinela-rancho-el-centinela
EB-TO8731,VENTA,casa con uso de suelo,Zapopan,CASA MAS 2 LOCALES COMERCIALES AV BASE AREA,https://www.aciertamax.com/property/increible-casa-con-2-terrenos-comerciales-av-base-area
EB-MT0894,VENTA,terreno,Zapopan,En Venta TERRENO en ARAUCA II zona Real,https://www.aciertamax.com/property/en-venta-terreno-en-arauca-ii-zona-real
EB-XA0828,VENTA,casa,Zapopan,Parques Vallarta  casa en venta,https://www.aciertamax.com/property/parques-vallarta-casa-en-venta-parques-vallarta-casa
EB-UF8582,VENTA,casa,Zapopan,"Casa de 3 Recámaras en Venta Mas Estudio y Roof Garden, Fraccionamiento Solares",https://www.aciertamax.com/property/casa-de-3-recamaras-en-venta-mas-estudio-y-roof-garden-fraccionamiento-solares
EB-WU7561,VENTA,departamento,Zapopan,LÍRICA VIRREYES | MODELO D — 91.71 M²,https://www.aciertamax.com/property/lirica-virreyes-modelo-d-91-71-m
EB-WW0008,VENTA,casa en condominio,Zapopan,CASA EN VENTA PARQUES VALLARTA,https://www.aciertamax.com/property/casa-en-venta-parques-vallarta-8558554f-a118-4ac7-9b34-2caadfcc6471
EB-WS5783,VENTA,casa,Zapopan,VEBTA DE CASA EN VALLE IMPERIAL DENTRO DEL COTO MAPLE,https://www.aciertamax.com/property/vebta-de-casa-en-valle-imperial-dentro-del-coto-maple
EB-WZ8692,VENTA,terreno,Zapopan,Terreno en Fraccionamiento Arauca 1,https://www.aciertamax.com/property/terreno-en-fraccionamiento-arauca-1
EB-WV7839,VENTA,terreno,Zapopan,Terreno en venta Valle Imperial,https://www.aciertamax.com/property/terreno-en-venta-valle-imperial-fb7cc9ac-668e-4693-a567-6896ce20058f
EB-WZ8600,VENTA,terreno,Zapopan,Terreno en venta,https://www.aciertamax.com/property/terreno-en-venta-mitica-residencial-zapopan
EB-WV8582,VENTA,casa en condominio,Zapopan,Casa en Venta en Valle Imperial - Coto Sueco,https://www.aciertamax.com/property/casa-en-venta-en-valle-imperial-coto-sueco-valle-imperial-casa-en-condominio
EB-WV8424,VENTA,departamento,Zapopan,Departamento en venta en Vista Lomas – Lomas Altas,https://www.aciertamax.com/property/departamento-en-venta-en-vista-lomas-lomas-altas-lomas-altas
EB-SV2000,VENTA,terreno industrial,Zapopan,TERRENO INDUSTRIAL DISPONIBLE EN  NEXTIPAC CATEGORÍA ELITE,https://www.aciertamax.com/property/terreno-industrial-disponible-en-nextipac-categoria-elite-nextipac-zapopan
EB-SV1897,VENTA,terreno industrial,Zapopan,TERRENO INDUSTRIAL DISPONIBLE EN  NEXTIPAC CATEGORÍA ELITE,https://www.aciertamax.com/property/terreno-industrial-disponible-en-nextipac-categoria-elite
EB-RM4362,VENTA,terreno industrial,Zapopan,Terreno Industrial en Venta,https://www.aciertamax.com/property/terreno-industrial-en-venta-zapopan-industrial-norte
EB-VD3772,VENTA,terreno industrial,Zapopan,Lote Industrial en Venta Parque Elite Nextipac II,https://www.aciertamax.com/property/lote-industrial-en-venta-parque-elite-nextipac-ii
EB-NU7780,VENTA,bodega comercial,Zapopan,Bodega En Venta En Colonia Real De Valdepeñas,https://www.aciertamax.com/property/bodega-en-venta-en-colonia-real-de-valdepenas
EB-XA4940,VENTA,casa en condominio,Zapopan,CASA EN VENTA EN COTO DENTRO DE PERIFERICO EN ZAPOPAN,https://www.aciertamax.com/property/casa-en-venta-en-coto-dentro-de-periferico-en-zapopan
EB-WZ8605,VENTA,casa,Zapopan,Casa en bugambilias 2da seccion,https://www.aciertamax.com/property/casa-en-bugambilias-2da-seccion-bugambilias
EB-TX7853,VENTA,departamento,Zapopan,Home  Patio Departamento 2 Recamaras en Distrito CUBE,https://www.aciertamax.com/property/renta-home-patio-departamento-2-recamaras-en-distrito-cube
EB-WW3315,VENTA,casa,Zapopan,CASA EN VENTA EN SOLARES DENTRO DE COTO,https://www.aciertamax.com/property/casa-en-venta-en-solares-dentro-de-coto-soare
EB-WW3262,VENTA,casa,Zapopan,"Casa en Venta | La Estancia, Zapopan",https://www.aciertamax.com/property/casa-en-venta-la-estancia-zapopan-ec1279da-9b6b-4c6f-942a-57091df791f7
EB-WT6811,VENTA,casa,Zapopan,Exclusiva residencia en Venta | Bugambilias,https://www.aciertamax.com/property/exclusiva-residencia-en-venta-bugambilias
EB-VZ1700,VENTA,departamento,Zapopan,Edificio en venta Prados Vallarta 2 deptos 2 locales,https://www.aciertamax.com/property/edificio-en-venta-prados-vallarta-2-deptos-2-locales
EB-WV4978,VENTA,casa,Zapopan,Casa en venta en Parques Vallarta Zapopan dentro de coto,https://www.aciertamax.com/property/casa-en-venta-en-parques-vallarta-zapopan-dentro-de-coto
EB-WT5060,VENTA,casa,Zapopan,Casa con uso de suelo Mixto en venta sobre Ave. Aviación,https://www.aciertamax.com/property/casa-con-uso-de-suelo-mixto-en-venta-sobre-ave-aviacion
EB-WA5548,VENTA,casa en condominio,Zapopan,CASA EN VENTA ALTAVISTA CONDOMINIO VITANA,https://www.aciertamax.com/property/casa-en-venta-en-condominio-vitana
EB-WU5498,VENTA,casa,Zapopan,Casa en venta en Lomas de Zapopan,https://www.aciertamax.com/property/casa-en-venta-en-lomas-de-zapopan-a9a89a18-2495-4585-9d2b-40cdb775022b
EB-WU7491,VENTA,departamento,Zapopan,LÍRICA VIRREYES | MODELO C2 — 80.23 M²,https://www.aciertamax.com/property/lirica-virreyes-modelo-c2-80-23-m
EB-XA7003,VENTA,departamento,Zapopan,Penthouse en Preventa en Prados Vallarta,https://www.aciertamax.com/property/penthouse-en-preventa-en-prados-vallarta-prados-vallarta
EB-XA1657,VENTA,casa en condominio,Zapopan,Casa en Venta en Los Robles,https://www.aciertamax.com/property/casa-en-venta-en-los-robles-1d10fe29-3075-42ed-b9c3-819ff8ab351e
EB-WT5468,VENTA,departamento,Zapopan,"DEPARTAMENTOS EN PREVENTA | ITALIA PROVIDENCIA, GUADALAJARA",https://www.aciertamax.com/property/departamentos-en-preventa-italia-providencia-guadalajara
EB-OU6895,VENTA,terreno,Zapopan,"Terreno  Comercial en venta en Fraccionamiento Los Robles, Zapopan",https://www.aciertamax.com/property/terreno-comercial-en-venta-dentro-condominio-los-robles
EB-XA0579,VENTA,departamento,Zapopan,PENTHOUSE EN VENTA EN AV PATRIA Y VALLARTA TORRE HYDEVIEW,https://www.aciertamax.com/property/penthouse-en-venta-en-av-patria-y-vallarta-torre-hydeview
EB-PH5793,VENTA,terreno comercial,Zapopan,TERRENO COMERCIAL EN VENTA EN LOS ROBLES PROL. MARIANO OTERO,https://www.aciertamax.com/property/espectacular-terreno-los-robles
EB-WU5592,VENTA,departamento,Zapopan,Departamentos en Venta Zapopan Torre ZENTRAL - ZONA VALLE REAL - ANDARES,https://www.aciertamax.com/property/departamentos-en-venta-zapopan-torre-zentral-zona-valle-real-andares-f1889784-4ccf-43de-b2ee-880c5853c20e
EB-WU7089,VENTA,casa en condominio,Zapopan,Casa en Zapopan Venta Coto La Cima - Coto C,https://www.aciertamax.com/property/casa-en-zapopan-venta-coto-la-cima-coto-c-fef03c55-feb7-495b-b5be-3fd721cde8ca
EB-WU4979,VENTA,casa en condominio,Zapopan,Casa en Zapopan Venta Coto La Cima - Coto C,https://www.aciertamax.com/property/casa-en-zapopan-venta-coto-la-cima-coto-c-2a537953-5cd0-4a51-8bb2-f0f6c8e1c5de
EB-VE2908,VENTA,bodega comercial,Zapopan,"BODEGA EN VENTA SUR DE LA CIUDAD ""LOS CAJETES""",https://www.aciertamax.com/property/bodega-en-venta-sur-de-la-ciudad-los-cajetes
EB-LC2194,VENTA,casa,Zapopan,PUERTA DE HIERRO ZAPOPAN JALISCO,https://www.aciertamax.com/property/puerta-de-hierro-zapopan-jalisco
EB-WS8589,VENTA,casa en condominio,Zapopan,Tepeyac del Sol,https://www.aciertamax.com/property/tepeyac-del-sol
EB-SV1992,VENTA,terreno industrial,Zapopan,TERRENO INDUSTRIAL DISPONIBLE EN  NEXTIPAC CATEGORÍA ELITE,https://www.aciertamax.com/property/terreno-industrial-disponible-en-nextipac-categoria-elite-nextipac
EB-RM4466,VENTA,terreno industrial,Zapopan,Terreno Industrial en Venta,https://www.aciertamax.com/property/terreno-industrial-en-venta-zapopan-industrial-norte-zapopan
EB-XA6153,VENTA,quinta,Zapopan,VISTA HERMOSA TERRAZA CON DOS CASAS EN VENTA,https://www.aciertamax.com/property/vista-hermosa-terraza-con-dos-casas-en-venta-vista-hermosa-quinta
EB-WK0232,VENTA,departamento,Zapopan,Departamento en venta Cima 200 | Zona Real | Zapopan,https://www.aciertamax.com/property/departamento-en-venta-cima-200-zona-real-zapopan
EB-XA0557,VENTA,casa,Zapopan,"CASA EN VENTA CON 4 RECAMARAS EN LA ESTANCIA (REAL VALLARTA), ZAPOPAN",https://www.aciertamax.com/property/casa-en-venta-con-4-recamaras-en-la-estancia-real-vallarta-zapopan-real-vallarta
EB-WV2163,VENTA,departamento,Zapopan,DEPARTAMENTO 2 REC EN PREVENTA EN NACIONES UNIDAS | LIR,https://www.aciertamax.com/property/departamento-2-rec-en-preventa-en-naciones-unidas-lir
EB-WU7450,VENTA,departamento,Zapopan,LÍRICA VIRREYES | MODELO C — 78.18 M²,https://www.aciertamax.com/property/lirica-virreyes-modelo-c-78-18-m
EB-WZ4963,VENTA,casa en condominio,Zapopan,Casa en condominio en venta Seattle,https://www.aciertamax.com/property/casa-en-condominio-en-venta-seattle-seattle-casa-en-condominio
EB-UG4622,VENTA,casa,Zapopan,Casa en Venta en Rancho Centinela,https://www.aciertamax.com/property/casa-en-venta-en-rancho-centinela
EB-SS9934,VENTA,terreno industrial,Zapopan,Aprovecha oportunidad lote industrial en Spring Park (La Venta),https://www.aciertamax.com/property/aprovecha-oportunidad-lote-industrial-en-spring-park-la-venta
EB-XA3024,VENTA,departamento,Zapopan,DEPARTAMENTO CON TERRAZA PRIVADA EN TORRE AGAVE,https://www.aciertamax.com/property/departamento-con-terraza-privada-en-torre-agave
EB-XA6007,VENTA,casa en condominio,Zapopan,BUGAMBILIAS CASA AMPLIA EN COTO,https://www.aciertamax.com/property/bugambilias-casa-amplia-en-coto-la-loma-zapopan
EB-WZ7545,VENTA,casa,Zapopan,SE VENDE CASA REMODELADA,https://www.aciertamax.com/property/se-vende-casa-remodelada-jardines-del-sol-zapopan
EB-WS6477,VENTA,departamento,Zapopan,"DEPARTAMENTO EN VENTA, TORRE SHOJI LIVING VALLE REAL",https://www.aciertamax.com/property/departamento-en-venta-torre-shoji-living-valle-real
EB-WZ1493,VENTA,departamento,Zapopan,"Departamento de 3 recámaras con terraza en ARÉVIA RESIDENCES, Zona Real",https://www.aciertamax.com/property/departamento-de-3-recamaras-con-terraza-en-arevia-residences-zona-real
EB-WY1284,VENTA,departamento,Zapopan,Departamento en PREVENTA en Zona Real,https://www.aciertamax.com/property/departamento-en-preventa-en-zona-real-0497df33-977a-4f26-ba3b-312861c3284c
EB-UP9091,VENTA,casa en condominio,Zapopan,INCREBLE CASA !!! EN BOSQUES VALLARTA  CON 5 RECAMARAS,https://www.aciertamax.com/property/increble-casa-en-bosques-vallarta-con-5-recamaras
EB-WX4361,VENTA,departamento,Zapopan,"Departamento de 3 recámaras en OVIÉ 20, Zona Real",https://www.aciertamax.com/property/departamento-de-3-recamaras-en-ovie-20-zona-real-jardin-real
EB-XA3843,VENTA,departamento,Zapopan,DEPARTAMENTO EN VENTA,https://www.aciertamax.com/property/departamento-en-venta-0ebc39fd-97a5-4115-89b8-1ddd9f2e1514
EB-WW2860,VENTA,casa,Zapopan,"Casa en Venta, Col, Residencial Tabachines, Zapopan, Jalisco",https://www.aciertamax.com/property/casa-en-venta-col-residencial-tabachines-zapopan-jalisco
EB-UM8111,VENTA,terreno,Zapopan,Terreno Industrial en Grün Park La Venta 2,https://www.aciertamax.com/property/terreno-industrial-en-grun-park-la-venta-2
EB-VA5913,VENTA,terreno,Zapopan,TERRENO EN VENTA EN PARQUE INDUSTRIAL,https://www.aciertamax.com/property/terreno-en-venta-en-parque-industrial-nextipac-terreno
EB-WU8452,VENTA,casa,Zapopan,CASA EN VENTA ANDADOR PERET,https://www.aciertamax.com/property/casa-en-venta-andador-peret
EB-RK0065,VENTA,casa,Zapopan,Casa en Venta para local comercial Av. Mariano Otero,https://www.aciertamax.com/property/casa-en-venta-para-comercio-sobre-avenida-transitada
EB-VH2900,VENTA,terreno industrial,Zapopan,LOTE INDUSTRIAL EN VENTA - EMAR INDUSTRIAL PARK,https://www.aciertamax.com/property/lote-industrial-en-venta-emar-industrial-park-los-molinos
EB-WZ9937,VENTA,casa,Zapopan,Casa Nueva en Valle Imperial Dentro de Coto en Zapopan,https://www.aciertamax.com/property/casa-nueva-en-valle-imperial-dentro-de-coto-en-zapopan
EB-WW8253,VENTA,departamento,Zapopan,Departamento en venta Cima Real | Valle Real | Zapopan,https://www.aciertamax.com/property/departamento-en-venta-cima-real-valle-real-zapopan-valle-real
EB-XA1440,VENTA,departamento,Zapopan,"Departamento nuevo en Zona Real, Zapopan",https://www.aciertamax.com/property/departamento-en-ovie-20-jardin-real
EB-WX4218,VENTA,departamento,Zapopan,"Departamento de 3 recámaras en OVIÉ 20, Zona Real",https://www.aciertamax.com/property/departamento-de-3-recamaras-en-ovie-20-zona-real
EB-VD6343,VENTA,terreno industrial,Zapopan,"LOTES INDUSTRIALES EN VENTA  ALDEA PARK , ZAPOPAN",https://www.aciertamax.com/property/lotes-industriales-en-venta-aldea-park-zapopan-la-venta-del-astillero-terreno-industrial
EB-WV5700,VENTA,casa,Zapopan,VENTA DE CASA EN JARDINES DEL VALLE EN ZAPOPAN JALISCO,https://www.aciertamax.com/property/venta-de-casa-en-jardines-del-valle-en-zapopan-jalisco
EB-UM6710,VENTA,casa,Zapopan,Valle Imperial oportunidad en Venta,https://www.aciertamax.com/property/casa-en-venta-en-valle-imperial-b4c2421c-bfec-4a30-a8d9-a58b957de943
EB-KB4081,VENTA,departamento,Zapopan,(Home) Departamento 2 Recamaras en Distrito CUBE,https://www.aciertamax.com/property/home-departamento-2-recamaras-en-distrito-cube
EB-UH9963,VENTA,casa,Zapopan,Casa en Obra gris frente al Antiguo Hospital Angel Leaño,https://www.aciertamax.com/property/casa-en-obra-gris-frente-al-antiguo-hospital-angel-leano
EB-XA3312,VENTA,terreno,Zapopan,"Terreno Plano en Venta en Ciudad de los Niños, Zapopan | 300 m²",https://www.aciertamax.com/property/terreno-plano-en-venta-en-ciudad-de-los-ninos-zapopan-300-m
EB-XA4758,VENTA,terreno,Zapopan,Venta Terreno Capital Norte / Río Blanco / Valle Imperial / Los Guayabos,https://www.aciertamax.com/property/venta-terreno-capital-norte-rio-blanco-valle-imperial-los-guayabos-rio-blanco
EB-WW1616,VENTA,terreno,Zapopan,Venta Terreno Capital Norte / Río Blanco / Valle Imperial / Los Guayabos,https://www.aciertamax.com/property/venta-terreno-capital-norte-rio-blanco-valle-imperial-los-guayabos
EB-WU3516,VENTA,casa en condominio,Zapopan,VALLE IMPERIAL MAGNIFICA RESIDENCIA COTO SUECO,https://www.aciertamax.com/property/valle-imperial-magnifica-residencia-coto-sueco
EB-WT4697,VENTA,terreno,Zapopan,Venta Terreno Capital Norte / Río Blanco / Dr. A. Leaño / Valle Imperial,https://www.aciertamax.com/property/venta-terreno-capital-norte-rio-blanco-dr-a-leano-valle-imperial-rio-blanco
EB-WW8221,VENTA,departamento,Zapopan,Departamento en venta Cima Real | Valle Real | Zapopan,https://www.aciertamax.com/property/departamento-en-venta-cima-real-valle-real-zapopan
EB-WD5511,VENTA,terreno industrial,Zapopan,TERRENOS INDUSTRIALES EN VENTA | ALDEAPARK,https://www.aciertamax.com/property/terrenos-industriales-en-venta-aldeapark-la-venta-del-astillero
EB-UW5301,VENTA,terreno,Zapopan,"HERMOSOS TERRENOS EN VENTA, DENTRO DE CONDOMINIO",https://www.aciertamax.com/property/terreno-en-venta-dentro-de-condominio-las-canadas
EB-WT7176,VENTA,terreno,Zapopan,"Terrenos en venta en Coto Aurora Boreal, Las Cañadas | Zapopan",https://www.aciertamax.com/property/terrenos-en-venta-en-coto-aurora-boreal-las-canadas-zapopan
EB-WN6120,VENTA,terreno,Zapopan,Terrenos en venta en Cañadas.,https://www.aciertamax.com/property/terrenos-en-venta-en-canadas-las-canadas
EB-TA1347,VENTA,bodega industrial,Tlaquepaque,"📢 Bodega Industrial en Venta en Tlaquepaque 10,600 mts2",https://www.aciertamax.com/property/bodega-industrial-en-venta-en-tlaquepaque-10-600-mts2
EB-UG8871,VENTA,bodega comercial,Tlaquepaque,BODEGAS PARQUE INDUSTRIAL EN VENTA LOMAS DE SAN PEDRITO TLAQUEPAQUE,https://www.aciertamax.com/property/bodega-parque-industrial-en-venta-lomas-de-san-pedrito-tlaquepaque
EB-VY4965,VENTA,nave industrial,Tlaquepaque,NAVE EN VENTA EN ADOLFO HORN Y PERIFERICO (PROYECTO PARA TERMINAR),https://www.aciertamax.com/property/nave-en-venta-en-adolfo-horn-y-periferico
EB-VT3507,VENTA,bodega industrial,Tlaquepaque,BODEGA PARQUE INDUSTRIAL ALBA EN VENTA LOMAS DE SAN PEDRITO TLAQUEPAQUE,https://www.aciertamax.com/property/bodega-parque-industrial-alba-en-venta-lomas-de-san-pedrito-tlaquepaque
EB-XA5335,VENTA,terreno industrial,Tlaquepaque,Terreno en Venta,https://www.aciertamax.com/property/terreno-en-venta-guadalupana-tlaquepaque
EB-RD7575,VENTA,terreno industrial,Tlaquepaque,"Venta TERRENO Industrial y Comercial La Calerilla, Tlaquepaque",https://www.aciertamax.com/property/venta-terreno-industrial-y-comercial-tlaquepaque
EB-OP3344,VENTA,local en centro comercial,Tlaquepaque,"PLAZA COMERCIAL OPERANDO EN VENTA EN TERRALTA, TLAQUEPAQUE",https://www.aciertamax.com/property/plaza-comercial-operando-en-venta
EB-WG9276,VENTA,bodega comercial,Tlaquepaque,Bodega comercial en venta con uso de suelo mixto,https://www.aciertamax.com/property/bodega-comercial-en-venta-con-uso-de-suelo-mixto
EB-VJ4366,VENTA,bodega industrial,Tlaquepaque,Bodega Industrial,https://www.aciertamax.com/property/bodega-industrial-santa-maria-tequepexpan
EB-TB7858,VENTA,terreno,Tlaquepaque,Terreno en Periferico Sur con oficinas en renta,https://www.aciertamax.com/property/terreno-en-periferico-sur-con-oficinas-en-renta
EB-OO4497,VENTA,terreno,Tlaquepaque,"Terreno Ideal para uso industrial, comercial o mixto",https://www.aciertamax.com/property/terreno-ideal-para-uso-industrial-comercial-o-mixto
EB-VT4711,VENTA,bodega industrial,Tlaquepaque,BODEGA EN VENTA EN PARQUE INDUSTRIAL ALBA LOMAS DE SAN PEDRITO TLAQUEPAQUE,https://www.aciertamax.com/property/bodega-en-venta-en-parque-industrial-alba-lomas-de-san-pedrito-tlaquepaque
EB-WH5465,VENTA,bodega industrial,Tlaquepaque,VENTA DE BODEGA EN PARQUE INDUSTRIAL ALBA LOMAS DE SAN PEDRITO,https://www.aciertamax.com/property/venta-de-bodega-en-parque-industrial-alba-lomas-de-san-pedrito
EB-QE9066,VENTA,terreno,Tlaquepaque,Terreno de Oportunidad para desarrollo industrial,https://www.aciertamax.com/property/terreno-de-oportunidad-para-desarrollo-industrial
EB-US9800,VENTA,terreno comercial,Tlaquepaque,"TERRENO, TALLER,  LOCALES, DEPAS Y CASA EN VENTA EN UNA MISMA PROPIEDAD!",https://www.aciertamax.com/property/terreno-taller-locales-depas-y-casa-en-venta-en-una-misma-propiedad
EB-UI1468,VENTA,terreno,Tlaquepaque,"TERRENO, TALLER,  LOCALES, DEPAS Y CASA EN VENTA EN UNA MISMA PROPIEDAD!",https://www.aciertamax.com/property/terreco-taller-locales-depas-y-casa-en-venta-en-una-misma-propiedad
EB-XA4467,VENTA,terreno,Tlaquepaque,"TERRENO 14,082M2 VALLE DE LA MISERICORDIA TLAQUEPAQUE $27,000,000",https://www.aciertamax.com/property/terreno-14-082m2-valle-de-la-misericordia-tlaquepaque-27-000-000
EB-SC3304,VENTA,terreno,Tlaquepaque,Terreno para moteles o plaza  comercial,https://www.aciertamax.com/property/terreno-para-moteles-o-plaza-comercial
EB-VE2335,VENTA,bodega comercial,Tlaquepaque,🏭 Bodega Comercial Nueva en Venta en Tlaquepaque | Ideal Sector Automotriz,https://www.aciertamax.com/property/bodega-comercial-nueva-en-venta-en-tlaquepaque-ideal-sector-automotriz-e-in
EB-VB2824,VENTA,bodega comercial,Tlaquepaque,Bodega en Periferico Sur,https://www.aciertamax.com/property/bodega-en-periferico-sur-santa-maria-tequepexpan
EB-WM2724,VENTA,bodega comercial,Tlaquepaque,Bodega en venta LAS JUNTAS,https://www.aciertamax.com/property/bodega-en-venta-las-juntas
EB-WR1772,VENTA,casa con uso de suelo,Tlaquepaque,Hotel Boutique en Venta Centro Tlaquepaque,https://www.aciertamax.com/property/hotel-boutique-en-venta-centro-tlaquepaque
EB-WG9347,VENTA,bodega comercial,Tlaquepaque,Bodega comercial en venta con uso de suelo mixto,https://www.aciertamax.com/property/bodega-comercial-en-venta-con-uso-de-suelo-mixto-loma-bonita-ejidal
EB-QZ9109,VENTA,casa,Tlaquepaque,"Jalisco,Tlaquepaque,Cerro del Tesoro, Casa , Venta",https://www.aciertamax.com/property/jalisco-tlaquepaque-cerro-del-tesoro-casa-venta
EB-UO5627,VENTA,terreno industrial,Tlaquepaque,TERRENO INDUSTRIAL EN VENTA EN ELITE PARQUE MONTENEGRO,https://www.aciertamax.com/property/terreno-industrial-en-venta-en-elite-parque-montenegro-nextipac-zapopan
EB-IV4611,VENTA,casa,Tlaquepaque,CASA EN VENTA EN PUEBLO DE SANTA ANITA,https://www.aciertamax.com/property/casa-en-venta-en-pueblo-de-santa-anita
EB-WJ4519,VENTA,terreno,Tlaquepaque,"Lote en venta dentro del Hotel Tapatio, Tlaquepaque, Jalisco",https://www.aciertamax.com/property/lote-en-venta-dentro-del-hotel-tapatio-tlaquepaque-jalisco
EB-VK9351,VENTA,terreno,Tlaquepaque,"Terreno/Local Comercial en Venta en Av principal, Tlaquepaque, Jalisco",https://www.aciertamax.com/property/terreno-local-comercial-en-venta-en-av-principal-tlaquepaque-jalisco
EB-VY7538,VENTA,terreno,Tlaquepaque,"Lote Industrial dentro de AE Park Terrazas en Preventa, Col. Lomas del Cuatro",https://www.aciertamax.com/property/lote-industrial-dentro-de-ae-park-terrazas-en-preventa-col-lomas-del-cuatro-t
EB-RM6678,VENTA,terreno industrial,Tlaquepaque,Terreno en Venta Industrial,https://www.aciertamax.com/property/terreno-en-venta-industrial-toluquilla
EB-UR9760,VENTA,local comercial,Tlaquepaque,"LOCAL COMERCIAL EN VENTA Y RENTA EN TLAQUEPAQUE, JALISCO (RESTAURANTE)",https://www.aciertamax.com/property/local-comercial-en-venta-en-tlaquepaque-jalisco-restaurante
EB-KI8508,VENTA,terreno industrial,Tlaquepaque,TERRENO USO INDUSTRIAL / HABITACIONAL 8900 M2  SAN MARTIN DE LAS FLORES DE ABAJO,https://www.aciertamax.com/property/terreno-uso-industrial-habitacional-8900-m2-san-martin-de-las-flores-de-abajo-san-martin-de-las-flores-de-abajo
EB-TO5771,VENTA,bodega comercial,Tlaquepaque,"BODEGA INDUSTRIAL EN VENTA – LOMAS DEL ALAMO, TLAQUEPAQUE",https://www.aciertamax.com/property/bodega-industrial-en-venta-lomas-del-alamo-tlaquepaque
EB-RW2425,VENTA,terreno industrial,Tlaquepaque,Terrenos Preventa en Parque Industrial en Tlaquepaque Jalisco,https://www.aciertamax.com/property/terrenos-en-parque-industrial-en-tlaquepaque-jalisco
EB-OP2840,VENTA,casa,Tlaquepaque,SAN PEDRO TLAQUEPAQUE JALISCO.,https://www.aciertamax.com/property/san-pedro-tlaquepaque-jalisco
EB-WW0969,VENTA,terreno,Tlaquepaque,"OPORTUNIDAD DE COMPRA DE TERRENO DE 2,529 M² EN EL TAPATÍO, TLAQUEPAQUE",https://www.aciertamax.com/property/oportunidad-de-compra-de-terreno-de-2-529-m-en-el-tapatio-tlaquepaque
EB-NR5230,VENTA,terreno industrial,Tlaquepaque,Terrenos Industriales en Venta en Tlaquepaque,https://www.aciertamax.com/property/terrenos-industriales-en-venta-en-tlaquepaque
EB-RW2435,VENTA,terreno industrial,Tlaquepaque,Terrenos Preventa en Parque Industrial en Tlaquepaque Jalisco,https://www.aciertamax.com/property/terrenos-en-parque-industrial-en-tlaquepaque-jalisco-valle-de-la-misericordia
EB-VZ4316,VENTA,casa,Tlaquepaque,"Casa en Venta frente al ingreso del Hotel El Tapatío en Tlaquepaque, Jalisco, Mé",https://www.aciertamax.com/property/casa-en-venta-frente-al-ingreso-del-hotel-el-tapatio-en-tlaquepaque-jalisco-me
EB-WZ9262,VENTA,casa,Tlaquepaque,Casa en Venta Paisajes del Tesoro - EXTRAORDINARIA VISTA PANORAMICA,https://www.aciertamax.com/property/casa-en-venta-paisajes-del-tesoro-extraordinaria-vista-panoramica-133e5053-cb56-4d78-8d1f-31bc1bb8d13a
EB-WU8767,VENTA,casa,Tlaquepaque,Casa en Venta Paisajes del Tesoro - EXTRAORDINARIA VISTA PANORAMICA,https://www.aciertamax.com/property/casa-en-venta-paisajes-del-tesoro-extraordinaria-vista-panoramica-49fd0a27-66b3-4a8e-939e-84733b35eaa5
EB-WU4986,VENTA,casa,Tlaquepaque,Casa en Venta Paisajes del Tesoro,https://www.aciertamax.com/property/casa-en-venta-paisajes-del-tesoro-4c9f3abf-fcb3-43cb-bae9-65ac0d40037b
EB-WU2861,VENTA,casa,Tlaquepaque,Casa en Venta Paisajes del Tesoro - EXTRAORDINARIA VISTA PANORAMICA,https://www.aciertamax.com/property/casa-en-venta-paisajes-del-tesoro-extraordinaria-vista-panoramica-paisajes-del-tesoro-casa
EB-WU3576,VENTA,casa,Tlaquepaque,Casa en Venta Paisajes del Tesoro,https://www.aciertamax.com/property/casa-en-venta-paisajes-del-tesoro-33c84907-ee1f-4c4d-a0fb-e09ac91f0938
EB-WT8607,VENTA,terreno industrial,Tlaquepaque,TERRENO INDUSTRIAL EN VENTA EN ELITE PARQUE MONTENEGRO,https://www.aciertamax.com/property/terreno-industrial-en-venta-en-elite-parque-montenegro-nextipac-terreno-industrial
EB-VS8096,VENTA,terreno industrial,Tlaquepaque,Lotes Industriales en Venta Parque Elite 8 de Julio,https://www.aciertamax.com/property/lote-industrial-en-venta-parque-elite-8-de-julio
EB-PT0580,VENTA,rancho,Tlaquepaque,Rancho con caballerizas,https://www.aciertamax.com/property/rancho-con-caballerizas-santa-maria-tequepexpan
EB-WB8230,VENTA,casa con uso de suelo,Tlaquepaque,Se vende A PRECIO DE TERRENO...Esquina con 2 Locales y 6 departamentos,https://www.aciertamax.com/property/se-vende-propiedad-en-esquina-con-2-locales-y-6-departamentos
EB-WZ4536,VENTA,casa,Tlaquepaque,"Casa Pasajes del Tesoro Tlaquepaque $6,750,000",https://www.aciertamax.com/property/casa-pasajes-del-tesoro-tlaquepaque-6-750-000
EB-WT0273,VENTA,terreno industrial,Tlaquepaque,TERRENOS INDUSTRIALES EN VENTA | CORREDOR INDUSTRIAL PERIFÉRICO SUR – TLAJOMULCO,https://www.aciertamax.com/property/terrenos-industriales-en-venta-corredor-industrial-periferico-sur-tlajomulco
EB-KI8505,VENTA,terreno industrial,Tlaquepaque,TERRENO USO INDUSTRIAL / HABITACIONAL 5600 M2  SAN MARTIN DE LAS FLORES DE ABAJO,https://www.aciertamax.com/property/terreno-uso-industrial-habitacional-5600-m2-san-martin-de-las-flores-de-abajo-san-martin-de-las-flores-de-abajo
EB-WU8998,VENTA,casa,Tlaquepaque,Venta Casa en Santa Anita Coto privado con alberca y canchas,https://www.aciertamax.com/property/venta-casa-en-santa-anita-coto-privado-con-alberca-y-canchas
EB-RP4599,VENTA,terreno industrial,Tlaquepaque,Venta Terreno industrial en Parque Industrial Los Mezquites,https://www.aciertamax.com/property/venta-terreno-industrial-en-parque-industrial-los-mezquites
EB-TW1487,VENTA,bodega comercial,Tlaquepaque,Bodega en venta a 1 cuadra de periférico sur,https://www.aciertamax.com/property/bodega-en-venta-a-1-cuadra-de-periferico-sur
EB-RP4530,VENTA,terreno industrial,Tlaquepaque,Venta Terreno industrial en esquina parque Industrial Los Mezquites,https://www.aciertamax.com/property/pre-venta-en-parque-industrial-mezquites-lotes-tipo-de-600-m-aprox
EB-US3617,VENTA,local comercial,Tlaquepaque,Locales comerciales en La Duraznera,https://www.aciertamax.com/property/locales-comerciales-en-la-duraznera
EB-WU3014,VENTA,casa en condominio,Tlaquepaque,"Casa en Venta en De Montero, San Pedro Tlaquepaque desde $5,332,000",https://www.aciertamax.com/property/casa-en-venta-en-de-montero-san-pedro-tlaquepaque-desde-5-332-000
EB-WU3603,VENTA,casa en condominio,Tlaquepaque,"Casa en Venta en Tossá Residencial GDL, San Pedro Tlaquepaque desde $5,223,000",https://www.aciertamax.com/property/casa-en-venta-en-tossa-residencial-gdl-san-pedro-tlaquepaque-desde-5-223-000
EB-WU2993,VENTA,casa en condominio,Tlaquepaque,"Casa en Venta en De Montero, San Pedro Tlaquepaque desde $5,025,000",https://www.aciertamax.com/property/casa-en-venta-en-de-montero-san-pedro-tlaquepaque-desde-5-025-000
EB-WU3580,VENTA,casa en condominio,Tlaquepaque,"Casa en Venta en Tossá Residencial GDL, San Pedro Tlaquepaque desde $5,010,000",https://www.aciertamax.com/property/casa-en-venta-en-tossa-residencial-gdl-san-pedro-tlaquepaque-desde-5-010-000
EB-WZ8392,VENTA,casa,Tlaquepaque,"Casa en Venta, Col, Gigantera Lopez Cotilla, Tlaquepaque , jalisco",https://www.aciertamax.com/property/casa-en-venta-col-gigantera-lopez-cotilla-tlaquepaque-jalisco
EB-WU3416,VENTA,casa en condominio,Tlaquepaque,"Casa en Venta en Tossá Residencial GDL, San Pedro Tlaquepaque desde $4,818,000",https://www.aciertamax.com/property/casa-en-venta-en-tossa-residencial-gdl-san-pedro-tlaquepaque-desde-4-818-000
EB-VT9041,VENTA,bodega comercial,Tlaquepaque,"BODEGA COMERCIAL EN VENTA EN EL VERGEL, TLAQ.",https://www.aciertamax.com/property/bodega-comercial-en-venta-en-el-vergel-tlaq
EB-WU3537,VENTA,casa en condominio,Tlaquepaque,"Casa en Venta en Tossá Residencial GDL, San Pedro Tlaquepaque desde $4,724,000",https://www.aciertamax.com/property/casa-en-venta-en-tossa-residencial-gdl-san-pedro-tlaquepaque-desde-4-724-000
EB-WU3518,VENTA,casa en condominio,Tlaquepaque,"Casa en Venta en Tossá Residencial GDL, San Pedro Tlaquepaque desde $4,674,000",https://www.aciertamax.com/property/casa-en-venta-en-tossa-residencial-gdl-san-pedro-tlaquepaque-desde-4-674-000
EB-WX2300,VENTA,casa en condominio,Tlaquepaque,Parques del Bosque - Casa en Venta,https://www.aciertamax.com/property/parques-del-bosque-casa-en-venta-parques-del-bosque-tlaquepaque
EB-UM4213,VENTA,casa,Tlaquepaque,"PROPIEDAD COMERCIAL EN VENTA EN TLAQUEPAQUE, JALISCO (FRACCIONAMIENTO ALMOS)",https://www.aciertamax.com/property/propiedad-en-venta-en-tlaquepaque-jalisco-fraccionamiento-almos
EB-WW4201,VENTA,casa,Tlaquepaque,Se vende casa en Áurea Residencial,https://www.aciertamax.com/property/se-vende-casa-en-aurea-residencial-antares
EB-VU9360,VENTA,local comercial,Tlaquepaque,"Bodega / Local Comercial en Venta en Las Juntas, Tlaquepaque",https://www.aciertamax.com/property/bodega-local-comercial-en-venta-en-las-juntas-tlaquepaque
EB-WB8946,VENTA,terreno comercial,Tlaquepaque,PRE VENTA/RENTA BODEGA ÚLTIMA MILLA EN COLONIA ARTESANOS TLAQUEPAQUE,https://www.aciertamax.com/property/venta-terreno-comercial-en-artesanos-tlaquepaque
EB-WU3503,VENTA,casa en condominio,Tlaquepaque,"Casa en Venta en Tossá Residencial GDL, San Pedro Tlaquepaque desde $4,265,000",https://www.aciertamax.com/property/casa-en-venta-en-tossa-residencial-gdl-san-pedro-tlaquepaque-desde-4-265-000
EB-VA5130,VENTA,bodega comercial,Tlaquepaque,BODEGA COMERCIAL EN VENTA DENTRO DE PARQUE INDUSTRIAL,https://www.aciertamax.com/property/bodega-comercial-en-venta-dentro-de-parque-industrial-toluquilla
EB-WW5563,VENTA,casa,Tlaquepaque,Se Vende o Renta Casa en La Bella,https://www.aciertamax.com/property/se-vende-o-renta-casa-en-la-bella
EB-TK0769,VENTA,bodega comercial,Tlaquepaque,bodega en venta col el vergel,https://www.aciertamax.com/property/bodega-en-venta-col-el-vergel-el-vergelito
EB-WU2965,VENTA,casa en condominio,Tlaquepaque,"Casa en Venta en De Montero, San Pedro Tlaquepaque desde $4,122,001",https://www.aciertamax.com/property/casa-en-venta-en-de-montero-san-pedro-tlaquepaque-desde-4-122-001
EB-XA6906,VENTA,bodega comercial,Tlaquepaque,bodega Comercial de 300 m² con 2 Oficinas en Venta en Artesanos,https://www.aciertamax.com/property/bodega-comercial-de-300-m-con-2-oficinas-en-venta-en-artesanos
EB-SO1031,VENTA,bodega comercial,Tlaquepaque,bodega a 50 mts de periferico sur Escriturado,https://www.aciertamax.com/property/terreno-en-tlaquepaque-colonia-lomas-de-santa-maria
EB-WS0124,VENTA,casa,Tlaquepaque,Casa en Venta o  Renta Geovillas con o sin muebles,https://www.aciertamax.com/property/casa-en-venta-y-renta-geovillas-del-real
EB-WX4075,VENTA,departamento,Tlaquepaque,"SE VENDE DEPARTAMENTO EN ALTO HORIZONTE, BALCONES DE SANTA MARIA",https://www.aciertamax.com/property/se-vende-departamento-en-alto-horizonte-balcones-de-santa-maria-balcones-de-santa-maria-tlaquepaque
EB-XA7182,VENTA,casa,Tlaquepaque,"Casa en Venta en Lomas del Valle Tateposco San Pedro Tlaquepaque, Jalisco",https://www.aciertamax.com/property/casa-en-venta-en-lomas-del-valle-tateposco-san-pedro-tlaquepaque-jalisco
EB-UQ4075,VENTA,bodega comercial,Tlaquepaque,"Bodega comercial en venta, Col. Cerro del cuatro, Tlaquepaque, Jal.",https://www.aciertamax.com/property/bodega-comercial-en-venta-col-cerro-del-cuatro-tlaquepaque-jal
EB-WV0429,VENTA,casa en condominio,Tlaquepaque,Casa en venta en Valle del Sur,https://www.aciertamax.com/property/casa-en-venta-en-valle-del-sur-valle-del-sur-casa-en-condominio
EB-WH2153,VENTA,departamento,Tlaquepaque,Departamentos Modernos con Roof Garden y Coworking en Bella Vittoria,https://www.aciertamax.com/property/departamentos-modernos-con-roof-garden-y-coworking-en-bella-vittoria-42fd5e29-7aeb-4ff0-8a3f-07e3cf342c96
EB-UQ8750,VENTA,bodega comercial,Tlaquepaque,Venta de Bodega en La Duraznera,https://www.aciertamax.com/property/venta-de-bodega-en-la-duraznera
EB-WS8440,VENTA,casa en condominio,Tlaquepaque,Hacienda del Oro,https://www.aciertamax.com/property/hacienda-del-oro-santa-anita-residencial
EB-OX9829,VENTA,casa,Tlaquepaque,Casa en venta en Zimaltá,https://www.aciertamax.com/property/casa-en-venta-en-zimalta-pedregal-del-bosque-casa
EB-XA4688,VENTA,casa,Tlaquepaque,"Casa Venta Zimaltá / Tlaquepaque / Cerca Toluquilla, Las Terrazas, Perif Sur",https://www.aciertamax.com/property/casa-venta-zimalta-tlaquepaque-cerca-toluquilla-las-terrazas-perif-sur
EB-WW1393,VENTA,casa,Tlaquepaque,Casa Venta Zimaltá / Tlaquepaque,https://www.aciertamax.com/property/casa-venta-zimalta-tlaquepaque-pedregal-del-bosque
EB-WT1262,VENTA,casa,Tlaquepaque,Casa Venta Zimalta / Tlaquepaque,https://www.aciertamax.com/property/casa-venta-zimalta-tlaquepaque
EB-UH6204,VENTA,casa,Tlaquepaque,Casa con local comercial,https://www.aciertamax.com/property/casa-con-local-comercial-tlaquepaque-centro
EB-TG4625,VENTA,casa,Tlaquepaque,"Casa en Venta, Tlaquepaque Jalisco",https://www.aciertamax.com/property/casa-en-venta-tlaquepaque-jalisco-santa-anita
EB-WU6734,VENTA,casa en condominio,Tlaquepaque,Casa en venta en Zimaltá,https://www.aciertamax.com/property/casa-en-venta-en-pedregal-del-bosque-tlaquepaque-40b023b9-628d-40ec-b2a6-d75acbb049f7
EB-WU2928,VENTA,casa en condominio,Tlaquepaque,"Casa en Venta en Alporta Residencial, Guadalajara desde $3,022,425",https://www.aciertamax.com/property/casa-en-venta-en-alporta-residencial-guadalajara-desde-3-022-425
EB-WW0513,VENTA,terreno,Tlaquepaque,Terreno en Venta en Tateposco a unos metros de La Carretera Libre a Los Altos,https://www.aciertamax.com/property/terreno-en-venta-en-tateposco-a-unos-metros-de-la-carretera-libre-a-los-altos-tateposco
EB-WU6421,VENTA,casa,Tlaquepaque,Casa en Venta en San Pedro Tlaquepaque,https://www.aciertamax.com/property/casa-en-venta-en-san-pedro-tlaquepaque-las-pomas
EB-WZ2938,VENTA,casa,Tlaquepaque,EXCELENTE UBICACION MIRAVALLE,https://www.aciertamax.com/property/excelente-ubicacion-miravalle
EB-WW3108,VENTA,casa,Tlaquepaque,SE VENDE CASA EN ESQUINA EN PARQUE TLAQUEPAQUE,https://www.aciertamax.com/property/se-vende-casa-en-esquina-en-parque-tlaquepaque
EB-WT9237,VENTA,casa,Tlaquepaque,SALVADOR PORTILLO LÓPEZ CASA EN VENTA,https://www.aciertamax.com/property/salvador-portillo-lopez-casa-en-venta
EB-WU2902,VENTA,casa en condominio,Tlaquepaque,"Casa en Venta en Alporta Residencial, Guadalajara desde $2,624,000",https://www.aciertamax.com/property/casa-en-venta-en-alporta-residencial-guadalajara-desde-2-624-000
EB-TV9822,VENTA,departamento,Tlaquepaque,"Nuevo Departamento modelo Mirito Jardín, Los Arrayanes, Tlaquepaque, Jal.",https://www.aciertamax.com/property/nuevo-departamento-modelo-mirito-jardin-los-arrayanes-tlaquepaque-jal
EB-WT6948,VENTA,departamento,Tlaquepaque,DEPARTAMENTO EN TLAQUEPAQUE RECIÉN RENODELADO,https://www.aciertamax.com/property/departamento-en-tlaquepaque-recien-renodelado
EB-PI9567,VENTA,casa con uso de suelo,Tlaquepaque,Bodega en Venta en las pintas,https://www.aciertamax.com/property/bodega-en-venta-en-las-pintas
EB-WU2716,VENTA,casa en condominio,Tlaquepaque,"Casa en Venta en Alporta Residencial, Guadalajara desde $2,457,000",https://www.aciertamax.com/property/casa-en-venta-en-alporta-residencial-guadalajara-desde-2-457-000
EB-WT7294,VENTA,departamento,Tlaquepaque,Alto Horizonte Balcones de Santa María Departamento en venta,https://www.aciertamax.com/property/alto-horizonte-balcones-de-santa-maria-departamento-en-venta-balcones-de-santa-maria
EB-WV5552,VENTA,casa,Tlaquepaque,CASA EN VENTA LAS TERRAZAS TLAQUEPAQUE,https://www.aciertamax.com/property/casa-en-venta-las-terrazas-tlaquepaque-las-terrazas-residencial-tlaquepaque
EB-RP0547,VENTA,terreno,Tlaquepaque,"TERRENO EN VENTA MN 2,400,000",https://www.aciertamax.com/property/terreno-en-venta-mn-2-589-000
EB-WS8085,VENTA,casa,Tlaquepaque,Casa en Venta ubica en Parques de Santa Maria,https://www.aciertamax.com/property/casa-en-venta-ubica-en-parques-de-santa-maria
EB-TV9685,VENTA,departamento,Tlaquepaque,"Nuevo Departamento modelo Luma, Los Arrayanes, Tlaquepaque, Jal.",https://www.aciertamax.com/property/nuevo-departamento-modelo-luma-los-arrayanes-tlaquepaque-jal
EB-TV9899,VENTA,departamento,Tlaquepaque,"Nuevo Departamento modelo Salvia Jardín, Los Arrayanes, Tlaquepaque Jal.",https://www.aciertamax.com/property/nuevo-departamento-modelo-salvia-jardin-los-arrayanes-tlaquepaque-jal
EB-WW3756,VENTA,casa,Tlaquepaque,Casa en Venta Av. Jesus Michel Gonzalez 2032,https://www.aciertamax.com/property/casa-en-venta-av-jesus-michel-gonzalez-2032
EB-WT2374,VENTA,departamento,Tlaquepaque,DEPARTAMENTO EN FRACCIONAMIENTO ESPACIO CASTELAR,https://www.aciertamax.com/property/departamento-en-fraccionamiento-espacio-castelar
EB-TV9851,VENTA,departamento,Tlaquepaque,"Nuevo Departamento modelo Mirito, Los Arrayanes, Tlaquepaque, Jal.",https://www.aciertamax.com/property/nuevo-departamento-modelo-mirito-los-arrayanes-tlaquepaque-jal
EB-VP0719,VENTA,nave industrial,Tonalá,NAVE EN RENTA / VENTA EN PARQUE INDUSTRIAL INDUJAL,https://www.aciertamax.com/property/nave-en-renta-en-parque-industrial-indujal-haciendas-tonala
EB-WD1367,VENTA,terreno industrial,Tonalá,Lote industrial en AXIS 2,https://www.aciertamax.com/property/lote-industrial-en-axis
EB-UF5499,VENTA,terreno industrial,Tonalá,TERRENO EN PARQUE INDUSTRIAL TONALA AXIS 2,https://www.aciertamax.com/property/terreno-en-parque-industrial-tonala-colinas-de-tonala-terreno-comercial
EB-VD6324,VENTA,terreno industrial,Tonalá,TERRENO INDUSTRIAL EN VENTA EN TONALÁ,https://www.aciertamax.com/property/terreno-industrial-en-venta-en-tonala-a3b3deca-2e1c-42f9-83ca-b3f8bc1f6028
EB-WR4902,VENTA,terreno industrial,Tonalá,"LOTES INDUSTRIALES EN VENTA EN PER. ORIENTE, EL SALTO",https://www.aciertamax.com/property/lotes-industriales-en-venta-en-per-oriente-el-salto-ff5fa325-a169-4862-a135-82273bce76db
EB-US7993,VENTA,bodega comercial,Tonalá,Amplia Bodega C. Libre Zapotlanejo. La Ladrillera,https://www.aciertamax.com/property/amplia-bodega-c-libre-zapotlanejo-la-ladrillera
EB-VD6330,VENTA,terreno industrial,Tonalá,TERRENO INDUSTRIAL EN VENTA EN TONALÁ,https://www.aciertamax.com/property/terreno-industrial-en-venta-en-tonala-663f1137-77f7-4127-9ca9-741818961d94
EB-TB8838,VENTA,terreno industrial,Tonalá,"Terreno industrial 4,523 m2",https://www.aciertamax.com/property/terreno-industrial-4-523-m2
EB-TA4134,VENTA,terreno industrial,Tonalá,"Terreno  en Parque Industrial 4,149 metros tlaquepaque",https://www.aciertamax.com/property/terreno-en-parque-industrial-4-149-metros-tlaquepaque
EB-JV5445,VENTA,terreno comercial,Tonalá,TERRENO COMERCIAL Y DE SERVICIOS EN VENTA SOBRE LA AUTOPISTA A ZAPOTLANEJO,https://www.aciertamax.com/property/terreno-comercial-y-de-servicios-en-venta-sobre-la-autopista-a-zapotlanejo
EB-TB8808,VENTA,nave industrial,Tonalá,"Terreno  industrial  3,520 m2 adentro  de Parque industrial preventa",https://www.aciertamax.com/property/terreno-industrial-adentro-de-parque-industrial-preventa
EB-WR4910,VENTA,terreno industrial,Tonalá,"LOTES INDUSTRIALES EN VENTA EN PER. ORIENTE, EL SALTO",https://www.aciertamax.com/property/lotes-industriales-en-venta-en-per-oriente-el-salto-dd2591ae-8f4f-469f-8018-4635ee3d8ed1
EB-WY1361,VENTA,terreno,Tonalá,Terreno en Venta en Los Altos Puente Grande,https://www.aciertamax.com/property/terreno-en-venta-en-los-altos-puente-grande-puente-grande
EB-VP0590,VENTA,nave industrial,Tonalá,NAVE EN RENTA / VENTA EN PARQUE INDUSTRIAL INDUJAL,https://www.aciertamax.com/property/nave-en-renta-en-parque-industrial-indujal
EB-VI6479,VENTA,bodega industrial,Tonalá,BODEGA 64 EN VENTA EN PARQUE INDUSTRIAL,https://www.aciertamax.com/property/bodega-64-en-venta-en-parque-industrial
EB-TF4119,VENTA,bodega industrial,Tonalá,BODEGA EN VENTA 3431-64 TONALA JALISCO,https://www.aciertamax.com/property/bodega-en-venta-3431-64-tonala-jalisco
EB-VF9338,VENTA,terreno industrial,Tonalá,TERRENOS EN VENTA EN CONJUNTO INDUSTRIAL SAN VICENTE,https://www.aciertamax.com/property/terrenos-en-venta-en-conjunto-industrial-san-vicente-5c7fc71b-4d36-43ed-a53f-cbd97ed5ea56
EB-TB8767,VENTA,terreno industrial,Tonalá,"terreno  en venta  parque industrial 3,195m2 Tonala",https://www.aciertamax.com/property/terreno-en-venta-parque-industrial-3-195m2-tonala
EB-UI2285,VENTA,terreno industrial,Tonalá,"LOTES INDUSTRIALES EN VENTA– FAST PARK, TONALÁ",https://www.aciertamax.com/property/lotes-industriales-en-venta-fast-park-tonala-coyula-tonala
EB-SH4448,VENTA,terreno industrial,Tonalá,TERRENO INDUSTRIAL CON NAVE INDUSTRIAL PARA USO ALIMENTICIO,https://www.aciertamax.com/property/terreno-industrial-con-nave-industrial-para-uso-alimenticio
EB-QP1062,VENTA,oficina,Tonalá,Clínica en Tonala VENTA,https://www.aciertamax.com/property/clinica-en-venta-vistas-del-valle
EB-WD1562,VENTA,terreno industrial,Tonalá,Lote industrial en reventa en AXIS 3,https://www.aciertamax.com/property/lote-industrial-en-reventa-en-axis-3
EB-VU9847,VENTA,bodega comercial,Tonalá,OPORTUNIDAD ÚNICA – BODEGA EN VENTA EN TONALÁ,https://www.aciertamax.com/property/oportunidad-unica-bodega-en-venta-en-tonala
EB-VK0612,VENTA,bodega industrial,Tonalá,Bodega en venta Tonalá,https://www.aciertamax.com/property/bodega-en-venta-tonala-santa-paula-tonala
EB-UO4940,VENTA,terreno industrial,Tonalá,TERRENOS INDUSTRIALES EN VENTA ELITE PERIF. ORIENTE III,https://www.aciertamax.com/property/terrenos-industriales-en-venta-elite-perif-oriente-iii-el-moral-terreno-industrial
EB-VA0439,VENTA,bodega comercial,Tonalá,Bodega en venta Parque Industrial,https://www.aciertamax.com/property/bodega-en-venta-parque-industrial-el-vado
EB-TB8749,VENTA,terreno industrial,Tonalá,"terreno en  venta parque industrial superficie 2,009m2",https://www.aciertamax.com/property/terreno-en-venta-parque-industrial-superficie-2-009m2
EB-VD9858,VENTA,terreno industrial,Tonalá,TERRENO EN VENTA EN PARQUE INDUSTRIAL,https://www.aciertamax.com/property/terreno-en-venta-en-parque-industrial-puerta-sol
EB-WO7868,VENTA,bodega comercial,Tonalá,"Bodega en Venta, Elite Periferico Oriente 1 en Tonalá",https://www.aciertamax.com/property/bodega-en-venta-en-elite-periferico-oriente-1
EB-TB8787,VENTA,terreno industrial,Tonalá,"terreno  industrial  en  tonala 1,878m2",https://www.aciertamax.com/property/terreno-industrial-en-tonala-1-878m2
EB-VM0892,VENTA,bodega industrial,Tonalá,BODEGA 63 EN VENTA EN PARQUE INDUSTRIAL,https://www.aciertamax.com/property/bodega-63-en-venta-en-parque-industrial
EB-VH3277,VENTA,terreno industrial,Tonalá,TERRENOS EN VENTA EN CONJUNTO INDUSTRIAL SAN VICENTE,https://www.aciertamax.com/property/terrenos-en-venta-en-conjunto-industrial-san-vicente-4bd01b7f-135e-412e-87fb-c114c9a778ff
EB-XA5924,VENTA,terreno industrial,Tonalá,Terreno en Venta Cerca de Periférico Oriente y Carretera libre a Zapotlanejo,https://www.aciertamax.com/property/terreno-de-12-000-m-en-venta-sobre-nuevo-periferico-poniente
EB-RU5367,VENTA,terreno industrial,Tonalá,"Terrenos Industriales en Venta , Cerca del Nuevo Periférico y el Aeropuerto",https://www.aciertamax.com/property/terrenos-industriales-en-venta-cerca-del-nuevo-periferico-y-el-aeropuerto-el-vado
EB-VE8977,VENTA,terreno industrial,Tonalá,TERRENO INDUSTRIAL EN VENTA EN PERIF. ORIENTE,https://www.aciertamax.com/property/terreno-industrial-en-venta-en-perif-oriente
EB-UK5584,VENTA,edificio,Tonalá,"Edificio en Venta, Loma Dorada, Tonala, Jalisco",https://www.aciertamax.com/property/edificio-en-venta-loma-dorada-tonala-jalisco-loma-dorada-secc-a
EB-TB8800,VENTA,terreno industrial,Tonalá,"terreno industrial adentro  de  un parque undustrial   1,380 m2",https://www.aciertamax.com/property/terreno-industrial-adentro-de-un-parque-undustrial-1-380-m2
EB-UO4948,VENTA,terreno industrial,Tonalá,TERRENOS INDUSTRIALES EN VENTA ELITE PERIF. ORIENTE III,https://www.aciertamax.com/property/terrenos-industriales-en-venta-elite-perif-oriente-iii-c0bac51b-4f0f-4d92-8067-204139dae0a5
EB-SV8017,VENTA,terreno industrial,Tonalá,TERRENO INDUSTRIAL DISPONIBLE EN PERIFÉRICO ORIENTE TONALÁ ELITE,https://www.aciertamax.com/property/terreno-industrial-disponible-en-periferico-oriente-tonala-elite
EB-RJ5984,VENTA,terreno comercial,Tonalá,Terreno comercial con frente de 70 metros. Periférico Oriente y Tonaltecas,https://www.aciertamax.com/property/terreno-comercial-con-frente-de-70m2-ideal-para-terraza-de-eventos
EB-RM8858,VENTA,terreno industrial,Tonalá,Terreno en Industrial Venta,https://www.aciertamax.com/property/terreno-en-industrial-venta
EB-XA7260,VENTA,terreno,Tonalá,Terreno rústico rumbo a zapotlanejo,https://www.aciertamax.com/property/terreno-rustico-rumbo-a-zapotlanejo
EB-SV8073,VENTA,terreno industrial,Tonalá,TERRENO INDUSTRIAL DISPONIBLE EN PERIFÉRICO ORIENTE TONALÁ ELITE,https://www.aciertamax.com/property/terreno-industrial-disponible-en-periferico-oriente-tonala-elite-el-vado-terreno-industrial
EB-SV8046,VENTA,terreno industrial,Tonalá,TERRENO INDUSTRIAL DISPONIBLE EN PERIFÉRICO ORIENTE TONALÁ ELITE,https://www.aciertamax.com/property/terreno-industrial-disponible-en-periferico-oriente-tonala-elite-el-vado
EB-VA3458,VENTA,terreno,Tonalá,Terreno Industrial en venta Parque Industrial,https://www.aciertamax.com/property/terreno-industrial-en-venta-parque-industrial-el-vado
EB-VA6117,VENTA,local en centro comercial,Tonalá,"Plaza comercial, Col. El Rosario, Tonalá, Jal.",https://www.aciertamax.com/property/plaza-comercial-col-el-rosario-tonala-jal
EB-SV8057,VENTA,terreno industrial,Tonalá,TERRENO INDUSTRIAL DISPONIBLE EN PERIFÉRICO ORIENTE TONALÁ ELITE,https://www.aciertamax.com/property/terreno-industrial-disponible-en-periferico-oriente-tonala-elite-el-vado-tonala
EB-UX4523,VENTA,edificio,Tonalá,"Edificio en venta, Col. Loma Dorada, Tonalá, Jal.",https://www.aciertamax.com/property/edificio-en-venta-col-loma-dorada-tonala-jal
EB-RM8917,VENTA,terreno industrial,Tonalá,Terreno Industrial en Venta,https://www.aciertamax.com/property/terreno-industrial-en-venta-el-moral-tonala
EB-TZ1181,VENTA,terreno industrial,Tonalá,Oportunidad! Lote Industrial en Venta Parque Elite Periférico Oriente I,https://www.aciertamax.com/property/lotes-industriales-en-venta-parque-elite-periferico-oriente-i
EB-RU5360,VENTA,terreno industrial,Tonalá,"Terrenos Industriales en Venta , Cerca del Nuevo Periférico y el Aeropuerto",https://www.aciertamax.com/property/terrenos-industriales-en-venta-cerca-del-nuevo-periferico-y-el-aeropuerto
EB-VQ0870,VENTA,bodega comercial,Tonalá,BODEGA EN VENTA EN ESQUINA CON USO MIXTO Y LICENCIAS EN TONALA,https://www.aciertamax.com/property/bodega-en-venta-en-esquina-con-uso-mixto-y-licencias-en-tonala
EB-VH3248,VENTA,terreno industrial,Tonalá,TERRENOS EN VENTA EN CONJUNTO INDUSTRIAL SAN VICENTE,https://www.aciertamax.com/property/terrenos-en-venta-en-conjunto-industrial-san-vicente-f4ce00b2-52ad-4bed-b1ef-94aaac50ed68
EB-VM6633,VENTA,terreno industrial,Tonalá,Lote Industrial en Venta Parque Elite Periférico Oriente III,https://www.aciertamax.com/property/lote-industriales-en-venta-parque-elite-periferico-oriente-ii
EB-XA0053,VENTA,terreno,Tonalá,"🏡 TERRENO RÚSTICO | El Huaje, Tonalá, Jal.",https://www.aciertamax.com/property/terreno-rustico-el-huaje-tonala-jal
EB-TE4388,VENTA,terreno industrial,Tonalá,Lote Industrial en Venta Parque Elite Periférico Oriente II,https://www.aciertamax.com/property/lotes-industriales-en-venta-parque-elite-periferico-oriente-ii
EB-SR9308,VENTA,terreno,Tonalá,"Terreno en Venta – Ideal para Bodega Industrial en Tonalá, Jalisco",https://www.aciertamax.com/property/terreno-en-venta-ideal-para-bodega-industrial-en-tonala-jalisco
EB-UO4933,VENTA,terreno industrial,Tonalá,TERRENOS INDUSTRIALES EN VENTA ELITE PERIF. ORIENTE III,https://www.aciertamax.com/property/terrenos-industriales-en-venta-elite-perif-oriente-iii-el-moral-tonala
EB-UI2129,VENTA,terreno industrial,Tonalá,"LOTES INDUSTRIALES EN VENTA– FAST PARK, TONALÁ",https://www.aciertamax.com/property/lotes-industriales-en-venta-fast-park-tonala
EB-TZ1188,VENTA,terreno industrial,Tonalá,Lotes Industriales en Venta Parque Elite Periférico Oriente I,https://www.aciertamax.com/property/lotes-industriales-en-venta-parque-elite-periferico-oriente-i-el-moral
EB-WR4926,VENTA,terreno industrial,Tonalá,"LOTES INDUSTRIALES EN VENTA EN PER. ORIENTE, EL SALTO",https://www.aciertamax.com/property/lotes-industriales-en-venta-en-per-oriente-el-salto-99218aa2-7008-440a-8fe1-d9623d7f3292
EB-WR4154,VENTA,local comercial,Tonalá,Local en venta Tonalá Zapotlanejo Jalisco,https://www.aciertamax.com/property/local-en-venta-tonala-zapotlanejo-jalisco
EB-RM8757,VENTA,terreno industrial,Tonalá,Terreno Industrial en Venta,https://www.aciertamax.com/property/terreno-industrial-en-venta-el-moral
EB-TW2704,VENTA,bodega comercial,Tonalá,Bodega Venta Santa Rosa Tonala,https://www.aciertamax.com/property/bodega-venta-santa-rosa-tonala
EB-WZ3354,VENTA,casa,Tonalá,"Casa en esquina, Loma Dorada, Tonalá",https://www.aciertamax.com/property/casa-en-esquina-loma-dorada-tonala-loma-dorada-ejidal
EB-UN4245,VENTA,local comercial,Tonalá,"Plaza comercial en venta, Col. Hacienda Real, Tonalá, Jal",https://www.aciertamax.com/property/plaza-comercial-en-venta-col-hacienda-real-tonala-jal
EB-RA5848,VENTA,bodega comercial,Tonalá,"Bodega en Venta en Colonia Zalatitán, Tonala",https://www.aciertamax.com/property/bodega-en-venta-en-colonia-zalatitan-tonala
EB-WW4147,VENTA,casa,Tonalá,Casa con Local en Loma Dorada,https://www.aciertamax.com/property/casa-con-local-en-loma-dorada
EB-WW6731,VENTA,casa en condominio,Tonalá,Casa en Coto con Alberca a dos minutos de Chedraui Rio Nilo,https://www.aciertamax.com/property/casa-en-coto-con-alberca-a-dos-minutos-de-chedraui-rio-nilo
EB-WU4351,VENTA,casa en condominio,Tonalá,"Modena Residencial, Tonalá",https://www.aciertamax.com/property/modena-residencial-tonala
EB-OP5728,VENTA,casa con uso de suelo,Tonalá,CASA/ DEPARTAMENTOS CON 2 LOCALES,https://www.aciertamax.com/property/casa-departamentos-con-2-locales
EB-TS6216,VENTA,bodega comercial,Tonalá,Bodega en Pinar de las Palomas Tonala,https://www.aciertamax.com/property/bodega-en-pinar-de-las-palomas-tonala
EB-SR3300,VENTA,local comercial,Tonalá,LOCALES EN VENTA CENTRO DE TONALA,https://www.aciertamax.com/property/locales-en-venta-centro-de-tonala
EB-VC1514,VENTA,local comercial,Tonalá,Locales comerciales en Tonala centro,https://www.aciertamax.com/property/locales-comerciales-en-tonala-centro
EB-WS7981,VENTA,casa en condominio,Tonalá,Espectacular casa en Tonala,https://www.aciertamax.com/property/espectacular-casa-en-tonala
EB-RR6606,VENTA,bodega comercial,Tonalá,BODEGA EN TONALA,https://www.aciertamax.com/property/bodega-en-tonala-pinar-de-las-palomas
EB-TA4126,VENTA,casa,Tonalá,"Bosques De Tonala Seccion I, Tonala, Jalisco",https://www.aciertamax.com/property/bosques-de-tonala-seccion-i-tonala-jalisco
EB-WZ2317,VENTA,casa en condominio,Tonalá,"Casa En Venta En Olivenza, Tonalá",https://www.aciertamax.com/property/casa-en-venta-en-olivenza-tonala
EB-VJ4287,VENTA,casa,Tonalá,"AMPLIA CASA EN VENTA COL. LA PROVIDENCIA, TONALÁ",https://www.aciertamax.com/property/amplia-casa-en-venta-col-sta-paula-tonala
EB-WW7432,VENTA,casa,Tonalá,PARQUE LAS LOMAS CASA EN LOMA DORADA,https://www.aciertamax.com/property/parque-las-lomas-casa-en-loma-dorada-loma-dorada-secc-a
EB-VJ5693,VENTA,casa,Tonalá,Terraza en venta  Rústica en Tonalá,https://www.aciertamax.com/property/terraza-en-venta-rustica-en-tonala
EB-WZ4189,VENTA,casa,Tonalá,LA PROVIDENCIA TONALÁ CASA EN VENTA,https://www.aciertamax.com/property/la-providencia-tonala-casa-en-venta-la-providencia-tonala
EB-JO3280,VENTA,terreno comercial,Tonalá,Terreno Comercial Excelente Ubicación en Avenida y Esq,https://www.aciertamax.com/property/terreno-comercial-excelente-ubicacion-en-avenida-y-esq
EB-UN4344,RENTA,bodega comercial,Guadalajara,"Bodega en RENTA en Guadalajara, Jalisco.",https://www.aciertamax.com/property/bodega-en-renta-en-guadalajara-jalisco
EB-RG7518,RENTA,bodega comercial,Guadalajara,BODEGA EN RENTA CERCA DE AV COLON,https://www.aciertamax.com/property/bodega-en-renta-cerca-de-av-colon
EB-OJ9033,RENTA,edificio,Guadalajara,EDIFICIO EN RENTA PLAZA UNIVERSIDAD GDL CENTRO,https://www.aciertamax.com/property/edificio-en-renta-plaza-universidad-gdl-centro-guadalajara-centro
EB-LC9699,RENTA,edificio,Guadalajara,EDIFICIO PARA CORPORATIVO,https://www.aciertamax.com/property/zona-ladron-de-guevara-a-una-cuadra-de-av-mexico-local-comercial-en-renta
EB-UV1751,RENTA,oficina,Guadalajara,"Pisos de oficinas a la renta o venta en Elysian High Country, Country Club",https://www.aciertamax.com/property/pisos-de-oficinas-a-la-renta-en-elysian-high-country-country-club
EB-TN7816,RENTA,oficina,Guadalajara,Oficina en Renta - Central Park,https://www.aciertamax.com/property/oficina-en-renta-central-park-vallarta-san-jorge
EB-WM4270,RENTA,local comercial,Guadalajara,LOCAL EN RENTA PLAZA MINERVA,https://www.aciertamax.com/property/local-en-renta-plaza-minerva
EB-NK3242,RENTA,edificio,Guadalajara,Edificio sobre Lopez Cotilla,https://www.aciertamax.com/property/edificio-sobre-lopez-cotilla
EB-WQ3203,RENTA,oficina,Guadalajara,OFICINA EN RENTA CORPORATIVO SAO PAULO,https://www.aciertamax.com/property/oficina-en-corporativo-sao-paulo-italia-providencia
EB-WM4949,RENTA,oficina,Guadalajara,PISO COMPLETO DE OFICINAS CORPORATIVAS AAA EN RENTA EN PUNTO SAO PAULO,https://www.aciertamax.com/property/piso-completo-de-oficinas-corporativas-aaa-en-punto-sao-paulo
EB-WN9310,RENTA,oficina,Guadalajara,Oficina en renta en country club,https://www.aciertamax.com/property/oficina-en-renta-en-country-club-e5391e86-6d91-43a2-b61a-66c715944406
EB-WA1036,RENTA,edificio,Guadalajara,Edificio Corporativo en Renta,https://www.aciertamax.com/property/edificio-corporativo-en-renta-jardines-del-bosque-norte
EB-UA9523,RENTA,bodega comercial,Guadalajara,BODEGA EN RENTA COLONIA MODERNA GUADALAJARA JALISCO,https://www.aciertamax.com/property/bodega-en-renta-colonia-moderna-guadalajara-jalisco-moderna
EB-TY3281,RENTA,local comercial,Guadalajara,LOCAL 1L Y SALON ASTRAL EN RENTA CIUDAD DEL SOL GUADALAJARA,https://www.aciertamax.com/property/local-1l-y-salon-astral-en-renta-ciudad-del-sol-guadalajara
EB-DF3274,RENTA,local comercial,Guadalajara,LOCAL EN RENTA CORPORATIVO 1500,https://www.aciertamax.com/property/local-comercial-en-corporativo-1500-en-av-americas
EB-RA2668,RENTA,oficina,Guadalajara,"Oficina en renta, sobre avenida, colonia Providencia Guadalajara",https://www.aciertamax.com/property/exclusiva-oficina-en-pablo-neruda-en-edificio-corporativo-en-planta-baja
EB-JM1476,RENTA,oficina,Guadalajara,Oficinas AAA en renta en Av. Pablo Neruda,https://www.aciertamax.com/property/oficinas-en-renta-en-torre-aaa-providencia
EB-TV7227,RENTA,oficina,Guadalajara,EDIFICIO COORPORATIVO EN RENTA,https://www.aciertamax.com/property/edificio-coorporativo-en-renta-americana
EB-QL0083,RENTA,bodega industrial,Guadalajara,BODEGA EN RENTA EN PERIFERICO NORTE,https://www.aciertamax.com/property/bodega-en-renta-en-periferico-norte-rio-verde-oblatos-guadalajara
EB-PP5159,RENTA,oficina,Guadalajara,Oficinas Corporativas en Renta Central Park,https://www.aciertamax.com/property/oficinas-corporativas-en-renta-central-park-vallarta-san-jorge
EB-WS6148,RENTA,bodega comercial,Guadalajara,Bodega Comercial en Parque Industrial,https://www.aciertamax.com/property/bodega-comercial-en-parque-industrial-colon-industrial
EB-TN7804,RENTA,oficina,Guadalajara,Oficina en Renta en Central Park,https://www.aciertamax.com/property/oficina-en-renta-en-central-park-vallarta-san-jorge
EB-TY7492,RENTA,local comercial,Guadalajara,LOCAL SALON ASTRAL EN RENTA CIUDAD DEL SOL GUADALAJARA,https://www.aciertamax.com/property/local-salon-astral-en-renta-ciudad-del-sol-guadalajara
EB-XA7646,RENTA,local comercial,Guadalajara,Torre Chapultepec - PB Sur Local 1,https://www.aciertamax.com/property/torre-chapultepec-pb-sur-local-1
EB-WH9693,RENTA,oficina,Guadalajara,OFICINAS AMERICAS GLORIETA COLON,https://www.aciertamax.com/property/oficinas-americas-glorieta-colon
EB-VK0588,RENTA,oficina,Guadalajara,Venta y Renta de Edificio en Zona Minerva - Multiusos para Oficinas,https://www.aciertamax.com/property/venta-y-renta-de-edificio-multiusos-para-oficinas-en-zona-minerva
EB-TA9843,RENTA,oficina,Guadalajara,OFICINA EN RENTA EN RUBEN DARIO,https://www.aciertamax.com/property/oficina-en-renta-en-ruben-dario-circunvalacion-vallarta-guadalajara
EB-OA8304,RENTA,casa con uso de suelo,Guadalajara,Casa comercial en renta en esquina sobre Av. Vallarta colonia Americana,https://www.aciertamax.com/property/casa-comercial-en-renta-en-esquina-sobre-av-vallarta-colonia-americana
EB-PY3605,RENTA,bodega industrial,Guadalajara,RENTA BODEGA INDUSTRIAL DENTRO DE ZONA URBANA,https://www.aciertamax.com/property/renta-de-bodega-jardines-de-santa-isabel
EB-WL0004,RENTA,bodega comercial,Guadalajara,Bodega Comercial en Renta – Sobre Mariano Oteracruza con Chaapultepec Guadalajar,https://www.aciertamax.com/property/bodega-comercial-en-renta-sobre-mariano-oteracruza-con-chaapultepec-guadalajar
EB-UF6848,RENTA,local comercial,Guadalajara,LOCAL AMPLIO EN RENTA EN MARIANO OTERO GUADALAJARA,https://www.aciertamax.com/property/local-amplio-en-renta-en-mariano-otero-guadalajara
EB-TI2383,RENTA,bodega comercial,Guadalajara,BODEGA EN RENTA AV CHAPULTEPEC EN COLONIA MODERNA,https://www.aciertamax.com/property/bodega-en-renta-av-chapultepec-jardines-del-bosque
EB-WB1452,RENTA,local comercial,Guadalajara,Rento locales en Av. México en Bravante,https://www.aciertamax.com/property/rento-locales-en-av-mexico-en-bravante-residencial-juan-manuel
EB-TU5704,RENTA,local comercial,Guadalajara,LOCALES COMERCIALES EN RENTA – BRAVANTE AV. MÉXICO,https://www.aciertamax.com/property/bravante-locales-en-renta
EB-QT4956,RENTA,local comercial,Guadalajara,"Local, en Renta, Esquina, Av Américas",https://www.aciertamax.com/property/local-en-renta-esquina-av-americas
EB-OJ8593,RENTA,edificio,Guadalajara,EDIFICIO EN RENTA PLAZA UNIVERSIDAD GDL CENTRO,https://www.aciertamax.com/property/edificio-en-renta-plaza-universidad-gdl-centro
EB-VX4844,RENTA,edificio,Guadalajara,Edificio en Renta,https://www.aciertamax.com/property/edificio-en-renta-americana-guadalajara
EB-WN5370,RENTA,oficina,Guadalajara,Oficina en renta en providencia,https://www.aciertamax.com/property/oficina-en-renta-en-providencia-bac0a8c2-28ee-40b8-a723-919b24a7efb8
EB-CE5815,RENTA,oficina,Guadalajara,OFICINA EN CORPORATIVO PUNTO SAO PAULO,https://www.aciertamax.com/property/oficina-en-corporativo-punto-sao-paulo
EB-TO7204,RENTA,local comercial,Guadalajara,PRE-RENTA de 2 niveles comerciales cerca de la Minerva,https://www.aciertamax.com/property/pre-renta-de-2-niveles-comerciales-cerca-de-la-minerva
EB-VX7059,RENTA,edificio,Guadalajara,Edificio comercial en renta Col. Americana | Sobre Av. Vallarta | Guadalajara,https://www.aciertamax.com/property/edificio-comercial-en-renta-col-americana-sobre-av-vallarta-guadalajara
EB-RR1893,RENTA,bodega industrial,Guadalajara,Bodega en VENTA  en Zona Industrial de Guadalajara,https://www.aciertamax.com/property/bodega-en-venta-y-renta-en-zona-industrial-de-guadalajara
EB-WN9215,RENTA,oficina,Guadalajara,Oficina en renta en country club,https://www.aciertamax.com/property/oficina-en-renta-en-country-club-db3a6f52-ded9-4c36-a206-170f56db4934
EB-WS1754,RENTA,bodega comercial,Guadalajara,Bodega en Renta zona Oriente de Guadalajara,https://www.aciertamax.com/property/bodega-en-renta-zona-oriente-de-guadalajara
EB-UW3304,RENTA,local comercial,Guadalajara,LOCAL EN RENTA IDEAL PARA RESTAURANTE / BAR EN LA AMERICANA,https://www.aciertamax.com/property/local-en-renta-ideal-para-restaurante-bar
EB-SD7036,RENTA,oficina,Guadalajara,Oficina a unos pasos de expo Guadalajara,https://www.aciertamax.com/property/oficina-a-unos-paso-de-expo-guadalajara
EB-QL0240,RENTA,local comercial,Guadalajara,"LOCAL COMERCIAL IDEAL PARA RESTAURANTE, FAST FOOD, COMERCIO EN GRAL. MUEBLERÌAS,",https://www.aciertamax.com/property/local-comercial-ideal-para-restaurante-fast-food-comercio-en-gral-mueblerias
EB-WL0266,RENTA,terreno comercial,Guadalajara,TERRENO COMERCIAL EN RENTA – AV. MARIANO OTERO,https://www.aciertamax.com/property/terreno-comercial-en-renta-av-mariano-otero
EB-VA3396,RENTA,bodega comercial,Guadalajara,BODEGA EN RENTA SOBRE AV. COLON,https://www.aciertamax.com/property/bodega-en-renta-sobre-av-colon-del-fresno-1a-seccion
EB-UP6772,RENTA,local comercial,Guadalajara,Local Comercial en Renta en Providencia,https://www.aciertamax.com/property/casa-en-renta-con-uso-de-suelo-en-providencia
EB-NT6142,RENTA,local comercial,Guadalajara,Para Uso Comercial  En Providencia,https://www.aciertamax.com/property/propiedad-en-renta-para-uso-comercial-en-providencia
EB-KF2007,RENTA,local comercial,Guadalajara,The Market,https://www.aciertamax.com/property/locales-comerciales-en-providencia
EB-OZ2178,RENTA,local comercial,Guadalajara,Renta de local comercial en Plaza Punto Chapultepec 480,https://www.aciertamax.com/property/renta-de-local-comercial-en-plaza-punto-chapultepec-480-americana
EB-WT0928,RENTA,bodega comercial,Guadalajara,BODEGA EN RENTA EN COL ECHEVERRIA,https://www.aciertamax.com/property/bodega-en-renta-en-col-echeverria
EB-WS8168,RENTA,oficina,Guadalajara,Oficinas Corporativas con Estacionamiento en Colonia Americana,https://www.aciertamax.com/property/oficinas-corporativas-con-estacionamiento-en-colonia-americana
EB-QL0991,RENTA,oficina,Guadalajara,Oficina  En Venta o Renta Corporativo Rubén Dario,https://www.aciertamax.com/property/oficina-en-venta-o-renta-corporativo-ruben-dario
EB-KO7379,RENTA,oficina,Guadalajara,"OFICINAS EN RENTA EN TORRE MONTEVIDEO, ZONA FINANCIERA NIVEL PH 11",https://www.aciertamax.com/property/oficinas-en-renta-en-torre-montevideo-zona-financiera-nivel-11
EB-WU2215,RENTA,bodega comercial,Guadalajara,Bodega en renta dentro de Parque,https://www.aciertamax.com/property/bodega-en-renta-dentro-de-parque-zona-industrial-1a-seccion
EB-WF0883,RENTA,bodega industrial,Guadalajara,"BODEGA DE 1,646 M2 EN LA ZONA INDUSTRIAL CON CASETA PARA VIGILANTE",https://www.aciertamax.com/property/bodega-de-1-646-m2-en-la-zona-industrial-con-caseta-para-vigilante-zona-industrial-guadalajara
EB-VQ8636,RENTA,bodega comercial,Guadalajara,Bodega en Renta Cercana a Av Revolucion,https://www.aciertamax.com/property/bodega-en-renta-cercana-a-av-revolucion
EB-UZ9376,RENTA,bodega comercial,Guadalajara,"Bodega en renta en Colonia Reforma. Calle Industria.Guadalajara, Calle Industria",https://www.aciertamax.com/property/bodega-en-renta-en-colonia-reforma-guadalajara-calle-industria
EB-TQ6828,RENTA,edificio,Guadalajara,Edificio a la renta en Santa Tere contra esquina del Mercado de Santa Tere,https://www.aciertamax.com/property/edificio-a-la-renta-en-santa-tere
EB-RH9703,RENTA,casa con uso de suelo,Guadalajara,Propiedad con Uso de Suelo para Comercio y Servicios,https://www.aciertamax.com/property/propiedad-con-uso-de-suelo-para-comercio-y-servicios
EB-QB3406,RENTA,local comercial,Guadalajara,LOCAL EN RENTA EN AV. WASHINGTON,https://www.aciertamax.com/property/terreno-en-renta-en-av-washington
EB-PU6459,RENTA,nave industrial,Guadalajara,NAVE EN RENTA SOBRE WASHINGTON ESQ. HEROES FERROCARRILEROS,https://www.aciertamax.com/property/nave-en-renta-sobre-washington-esq-heroes-ferrocarrileros
EB-BR5406,RENTA,oficina,Guadalajara,OFICINA EN RENTA EN RUBEN DARIO,https://www.aciertamax.com/property/edificio-corporativo-en-ruben-dario
EB-VL3133,RENTA,bodega comercial,Guadalajara,BODEGA EN RENTA FRENTE AL MERCADO DE ABASTOS,https://www.aciertamax.com/property/bodega-en-renta-frente-al-mercado-de-abastos
EB-WG2955,RENTA,oficina,Guadalajara,"OFICINAS EN RENTA EN PLAZA FUSIÓN GALERÍAS, PROVIDENCIA",https://www.aciertamax.com/property/oficinas-en-renta-en-plaza-fusion-galerias-providencia
EB-TB7488,RENTA,local comercial,Guadalajara,LOCAL EXTERIOR 01 A 06 HOTEL PRESIDENTE INTERCONTINENTAL CIUDAD DEL SOL GUADALAJ,https://www.aciertamax.com/property/local-exterior-01-a-06-hotel-presidente-intercontinental-ciudad-del-sol-guadalaj
EB-OA6756,RENTA,local comercial,Guadalajara,Locales comerciales en renta en Av. México en Planta Baja,https://www.aciertamax.com/property/locales-comerciales-en-renta-en-av-mexico-en-planta-alta
EB-KA6582,RENTA,oficina,Guadalajara,OFICINA EN RENTA EN AV. AMERICAS,https://www.aciertamax.com/property/en-renta-oficina-de-436-m2-en-av-americas
EB-RW9373,RENTA,oficina,Guadalajara,OFICINA EN RENTA EN CHAPULTEPEC,https://www.aciertamax.com/property/oficina-en-renta-en-lerdo-de-tejada-chapultepec-country
EB-TB7603,RENTA,local comercial,Guadalajara,LOCAL 01 B CIUDAD DEL SOL GUADALAJARA,https://www.aciertamax.com/property/local-01-b-ciudad-del-sol-guadalajara
EB-TV0185,RENTA,oficina,Guadalajara,LOCAL EN RENTA AV GUADALUPE CHAPALITA,https://www.aciertamax.com/property/local-en-renta-av-guadalupe-chapalita
EB-WN9071,RENTA,oficina,Guadalajara,Oficina en renta en country club,https://www.aciertamax.com/property/oficina-en-renta-en-country-club-fc8ad4bf-74ae-4303-b252-5a7144835d7e
EB-KO7378,RENTA,oficina,Guadalajara,"OFICINAS EN RENTA EN TORRE MONTEVIDEO, ZONA FINANCIERA NIVEL 10",https://www.aciertamax.com/property/oficinas-en-renta-en-torre-montevideo-zona-financiera-nivel-10
EB-NO5882,RENTA,oficina,Guadalajara,Oficinas en la Colonia Americana,https://www.aciertamax.com/property/oficinas-en-la-colonia-americana-lafayette
EB-SO8135,RENTA,casa con uso de suelo,Guadalajara,Casa sobre Av. Guadalupe en Renta Giro Comercial,https://www.aciertamax.com/property/casa-sobre-av-guadalupe-en-renta-giro-comercial
EB-LL4626,RENTA,oficina,Guadalajara,RENTA DE OFICINA EN PEDRO MORENO,https://www.aciertamax.com/property/oficina-bussines-center-en-pedro-moreno-flexible-cw-americana
EB-WX4836,RENTA,local comercial,Guadalajara,Renta Local en funciones con Uso Restaurant sobre Av. Jorge Alvarez del Castillo,https://www.aciertamax.com/property/renta-local-en-funciones-con-uso-restaurant-sobre-av-jorge-alvarez-del-castillo
EB-VO9467,RENTA,oficina,Guadalajara,Oficinas Premier en renta en providencia,https://www.aciertamax.com/property/oficinas-premier-en-renta-en-providencia
EB-KO7375,RENTA,oficina,Guadalajara,"OFICINAS EN RENTA EN TORRE MONTEVIDEO, ZONA FINANCIERA NIVEL 7",https://www.aciertamax.com/property/oficinas-en-renta-en-torre-montevideo-zona-financiera-nivel-7
EB-UK0540,RENTA,bodega comercial,Guadalajara,BODEGAS EN RENTA SOBRE LAZARO CARDENAS,https://www.aciertamax.com/property/bodegas-en-renta-sobre-lazaro-cardenas
EB-WN6730,RENTA,oficina,Guadalajara,Oficina en renta en providencia,https://www.aciertamax.com/property/oficina-en-renta-en-providencia-480e40c8-2c68-4b4d-a1dd-a6abbb01a7f2
EB-KO7377,RENTA,oficina,Guadalajara,"OFICINAS EN RENTA EN TORRE MONTEVIDEO, ZONA FINANCIERA NIVEL 9",https://www.aciertamax.com/property/oficinas-en-renta-en-torre-montevideo-zona-financiera-nivel-9
EB-KO7376,RENTA,oficina,Guadalajara,"OFICINAS EN RENTA EN TORRE MONTEVIDEO, ZONA FINANCIERA NIVEL 8",https://www.aciertamax.com/property/oficinas-en-renta-en-torre-montevideo-zona-financiera-nivel-8
EB-TH9043,RENTA,oficina,Guadalajara,Oficina Comercial en Renta,https://www.aciertamax.com/property/oficina-comercial-en-renta-jardines-del-bosque-centro
EB-OV8893,RENTA,oficina,Guadalajara,ESPACIO DE OFICINAS EN RENTA TORRE BANSI,https://www.aciertamax.com/property/renta-medio-piso-en-torre-bansi
EB-UO4839,RENTA,local comercial,Guadalajara,"Renta de Oficinas Corporativas en Proyecto Neruda Providencia, sobre Av. America",https://www.aciertamax.com/property/renta-de-oficinas-corporativas-en-proyecto-neruda-providencia-sobre-av-america-providencia-1a-secc-guadalajara
EB-WS8129,RENTA,oficina,Guadalajara,Ubicación premium: oficinas a 3 min del Hotel RIU Guadalajara,https://www.aciertamax.com/property/ubicacion-premium-oficinas-a-3-min-del-hotel-riu-guadalajara
EB-VE9702,RENTA,local comercial,Guadalajara,LOCAL COMERCIAL EN RENTA – NHAOS MINERVA,https://www.aciertamax.com/property/local-comercial-en-renta-nhaos-minerva
EB-VB9476,RENTA,oficina,Guadalajara,Renta de Oficina en Providencia,https://www.aciertamax.com/property/renta-de-oficina-en-providencia-prados-de-providencia
EB-OY0855,RENTA,oficina,Guadalajara,Oficinas Corporativas en Renta Central Park,https://www.aciertamax.com/property/oficinas-corporativas-en-renta-central-park
EB-VZ9449,RENTA,bodega comercial,Guadalajara,Bodega Comercial Renta Zona Abastos,https://www.aciertamax.com/property/bodega-comercial-renta-zona-abastos
EB-VL8372,RENTA,local comercial,Guadalajara,Local/Bodega en renta San Juan Bosco,https://www.aciertamax.com/property/local-bodega-en-renta-san-juan-bosco
EB-VK2858,RENTA,oficina,Guadalajara,Oficinas en renta en la Americana - Frente al edificio de la UDG,https://www.aciertamax.com/property/oficinas-en-renta-en-el-corazon-de-guadalajara-zona-centro-americana
EB-WY1135,RENTA,local comercial,Guadalajara,LOCAL EN RENTA EN AMERICAS,https://www.aciertamax.com/property/local-en-renta-en-subaru
EB-WV7398,RENTA,bodega comercial,Guadalajara,Bodega en Venta de Dos Plantas en col. Moderna,https://www.aciertamax.com/property/bodega-en-venta-de-dos-plantas-en-col-moderna
EB-VZ7267,RENTA,local comercial,Guadalajara,Excelente ubicación de Local comercial para franquicias.,https://www.aciertamax.com/property/excelente-ubicacion-de-local-comercial-para-franquicias
EB-SN3383,RENTA,bodega comercial,Guadalajara,"Bodega en Venta/Renta, Excelente Ubicación.",https://www.aciertamax.com/property/bodega-en-venta-renta-excelente-ubicacion
EB-DF3218,RENTA,local comercial,Guadalajara,LOCAL EN RENTA CORPORATIVO 1500,https://www.aciertamax.com/property/local-comercial-en-torre-500-en-glorieta-colon
EB-SQ9883,RENTA,bodega comercial,Guadalajara,"BODEGA EN RENTA – ZONA INDUSTRIAL, GUADALAJARA (ARROZ 395)",https://www.aciertamax.com/property/bodega-en-renta-zona-industrial-guadalajara-arroz-395
EB-WV5901,RENTA,oficina,Guadalajara,Piso de Oficina en Renta en Chapultepec Ubicada en El Piso 18,https://www.aciertamax.com/property/piso-de-oficina-en-renta-en-chapultepec-ubicada-en-el-piso-18-lafayette
EB-TW2952,RENTA,oficina,Guadalajara,OFICINA EN RENTA PISO 18 EN CHAPULTEPEC GUADALAJARA JALISCO,https://www.aciertamax.com/property/oficina-en-renta-piso-18-en-chapultepec-guadalajara-jalisco
EB-QW1673,RENTA,oficina,Guadalajara,Oficina en Colonia Americana,https://www.aciertamax.com/property/excelente-oportunidad-para-rentar-tu-oficina-en-colonia-americana
EB-ID5506,RENTA,oficina,Guadalajara,OFICINAS EN RENTA EDIFICIO CHAPULTEPEC,https://www.aciertamax.com/property/oficinas-en-renta-edificio-chapultepec-americana
EB-RR9874,RENTA,oficina,Guadalajara,Amplias Oficinas en Av Niños Heroes,https://www.aciertamax.com/property/amplias-oficinas-en-av-ninos-heroes
EB-TW0682,RENTA,oficina,Guadalajara,Oficina en renta acondicionada,https://www.aciertamax.com/property/oficina-en-renta-acondicionada-jardines-del-bosque-centro
EB-UZ2763,RENTA,oficina,Guadalajara,OFICINA EN RENTA TORRE MEYA,https://www.aciertamax.com/property/oficina-en-torre-meya
EB-XA2708,RENTA,edificio,Guadalajara,Edificio en Renta en ARCOS VALLARTA,https://www.aciertamax.com/property/edificio-en-renta-en-arcos-vallarta-arcos-vallarta-edificio
EB-WW2804,RENTA,local comercial,Guadalajara,LOCAL COMERCIAL  EN RENTA EN EL CENTRO HISTÓRICO DE GUADALAJARA,https://www.aciertamax.com/property/local-comercial-en-renta-en-el-centro-historico-de-guadalajara-guadalajara-centro
EB-WU7269,RENTA,casa,Guadalajara,CASA COLONIAL EN RENTA EN EL CENTRO HISTÓRICO DE GUADALAJARA,https://www.aciertamax.com/property/casa-colonial-en-renta-en-el-centro-historico-de-guadalajara
EB-WL4174,RENTA,local comercial,Guadalajara,Renta de local comercial u oficinas,https://www.aciertamax.com/property/renta-de-local-comercial-u-oficinas
EB-WC1081,RENTA,local comercial,Guadalajara,Local comercial en renta sobre Av. Lázaro Cárdenas col Morelos,https://www.aciertamax.com/property/local-comercial-en-renta-sobre-av-lazaro-cardenas
EB-VI4318,RENTA,oficina,Guadalajara,OFICINAS CORPORATIVAS CON AREA DE ALMACENAJE,https://www.aciertamax.com/property/oficinas-corporativas-con-area-de-almacenaje
EB-WH2510,RENTA,local en centro comercial,Guadalajara,LOCAL COMERCIAL EN RENTA EN ATRIA CENTER – PROVIDENCIA,https://www.aciertamax.com/property/local-comercial-en-renta-en-atria-center-providencia-providencia-1a-secc
EB-QK9934,RENTA,bodega industrial,Guadalajara,BODEGA EN RENTA EN PERIFERICO NORTE,https://www.aciertamax.com/property/bodega-en-renta-en-periferico-norte-rio-verde-oblatos
EB-WX3571,RENTA,local comercial,Guadalajara,LOCAL EN RENTA EN JARDINES DEL BOSQUE,https://www.aciertamax.com/property/local-en-renta-en-jardines-del-bosque-jardines-del-bosque-centro-guadalajara
EB-WQ5478,RENTA,bodega comercial,Guadalajara,BODEGA EN RENTA SOBRE DR R MICHEL GUADALAJARA,https://www.aciertamax.com/property/bodega-en-renta-sobre-dr-r-michel-guadalajara
EB-UP7800,RENTA,oficina,Guadalajara,OFICINA EN RENTA EN BRAVANTE,https://www.aciertamax.com/property/oficina-en-renta-en-bravante-residencial-juan-manuel
EB-OZ2244,RENTA,local comercial,Guadalajara,Renta de local comercial en Plaza Punto Chapultepec 480,https://www.aciertamax.com/property/renta-de-local-comercial-en-plaza-punto-chapultepec-480-80a223cc-9143-40ff-930e-9a59f726c687
EB-WG2911,RENTA,oficina,Guadalajara,RENTA DE OFICINAS EN ATRIA CENTER – PROVIDENCIA,https://www.aciertamax.com/property/renta-de-oficinas-en-atria-center-providencia
EB-TS9435,RENTA,oficina,Guadalajara,R OFICINA KIVA NOVENA 605-P6 GUADALAJARA,https://www.aciertamax.com/property/r-oficina-kiva-novena-605-p6-guadalajara
EB-VI9870,RENTA,local comercial,Guadalajara,LOCAL EN RENTA EN PUNTO SAO PAULO,https://www.aciertamax.com/property/local-en-renta-en-punto-sao-paulo-colomos-providencia-guadalajara
EB-WB1451,RENTA,local comercial,Guadalajara,Rento locales en Av. México en Bravante,https://www.aciertamax.com/property/rento-locales-en-av-mexico-en-bravante
EB-VE9791,RENTA,local comercial,Guadalajara,LOCALES COMERCIALES EN RENTA – BRAVANTE AV. MÉXICO,https://www.aciertamax.com/property/locales-comerciales-en-renta-bravante-av-mexico
EB-VP8187,RENTA,local comercial,Guadalajara,Local comercial acondicionado en Col. Americana,https://www.aciertamax.com/property/local-comercial-acondicionado-en-col-americana
EB-SJ1316,RENTA,local comercial,Guadalajara,LOCAL EN RENTA DISTRITO REPUBLICA,https://www.aciertamax.com/property/local-en-renta-distrito-republica
EB-WE6556,RENTA,oficina,Guadalajara,"Oficina de Lujo en Renta – Sobre Pablo Neruda, Providencia",https://www.aciertamax.com/property/oficina-de-lujo-en-renta-sobre-pablo-neruda-providencia-providencia-1a-secc
EB-VL8501,RENTA,oficina,Guadalajara,"OFICINA EN RENTA EN GUADALAJARA, JALISCO (PROVIDENCIA)",https://www.aciertamax.com/property/oficina-en-renta-en-guadalajara-jalisco-providencia
EB-VK0584,RENTA,oficina,Guadalajara,Oficinas en renta Providencia - AAA,https://www.aciertamax.com/property/oficinas-en-renta-aaa-en-providencia-providencia-3a-secc
EB-RJ3123,RENTA,oficina,Guadalajara,OFICINA EN RENTA ALTUS PROVIDENCIA GUADALAJARA,https://www.aciertamax.com/property/oficina-en-renta-altus-providencia-guadalajara
EB-KJ1470,RENTA,oficina,Guadalajara,Amplia oficina en Renta torre altus en el corazon de la Zona Financiera,https://www.aciertamax.com/property/amplia-oficina-en-renta-torre-altus-en-el-corazon-de-la-zona-financiera
EB-IX4346,RENTA,oficina,Guadalajara,Altus Business Suite,https://www.aciertamax.com/property/oficinas-en-renta-y-venta-en-torre-aaa
EB-WN7310,RENTA,oficina,Guadalajara,Oficina en renta en country club,https://www.aciertamax.com/property/oficina-en-renta-en-country-club-8764a5e1-fad2-471b-a541-e42e65766f3c
EB-QQ7191,RENTA,oficina,Guadalajara,Oficina en Renta en country club Guadalajara,https://www.aciertamax.com/property/oficina-en-renta-en-country-club-guadalajara-country-club
EB-WR6536,RENTA,local comercial,Guadalajara,Local Comercial en Renta Ubicación Estrategica en La Col. La Aurora,https://www.aciertamax.com/property/local-comercial-en-renta-ubicacion-estrategica-en-la-col-la-aurora
EB-TY7219,RENTA,local comercial,Guadalajara,LOCAL 4 M EN RENTA CIUDAD DEL SOL GUADALAJARA,https://www.aciertamax.com/property/local-4-m-en-renta-ciudad-del-sol-guadalajara
EB-WW1084,RENTA,bodega comercial,Guadalajara,Bodega en renta colonia Ferrocarril,https://www.aciertamax.com/property/bodega-en-renta-colonia-ferrocarril-san-carlos
EB-WR3962,RENTA,bodega comercial,Guadalajara,Bodega en Renta Zona Glorieta del Charro,https://www.aciertamax.com/property/bodega-en-renta-zona-glorieta-del-charro
EB-WR1110,RENTA,bodega comercial,Guadalajara,SE RENTA BODEGA SOBRE CALZADA DE LAS PALMAS EN GUADADLAJARA,https://www.aciertamax.com/property/se-renta-bodega-sobre-calzada-de-las-palmas-en-guadadlajara
EB-VX9215,RENTA,oficina,Guadalajara,Casa en renta para oficinas Arcos Vallarta,https://www.aciertamax.com/property/casa-en-renta-para-oficinas-arcos-vallarta-arcos-vallarta
EB-VP6685,RENTA,bodega comercial,Guadalajara,Bodega en renta en la Colonia del Ferrocarril,https://www.aciertamax.com/property/bodega-en-renta-en-la-colonia-del-ferrocarril
EB-SP5550,RENTA,casa,Guadalajara,CASA COMERCIAL EN RENTA MORELOS Y 8 DE JULIO,https://www.aciertamax.com/property/local-comercial-en-renta-en-zona-centro-guadalajara-centro
EB-SJ0522,RENTA,oficina,Guadalajara,OFICINA EN RENTA PROVIDENCIA 603-P6 GUADALAJARA JALISCO,https://www.aciertamax.com/property/oficina-en-renta-providencia-603-p6-guadalajara-jalisco
EB-DN8519,RENTA,oficina,Guadalajara,OFICINA EN RENTA EN AV. MEXICO,https://www.aciertamax.com/property/oficina-en-renta-en-av-mexico
EB-CU4802,RENTA,oficina,Guadalajara,OFICINAS EN RENTA EN AV. MÉXICO,https://www.aciertamax.com/property/oficinas-corporativas-en-av-mexico
EB-VW4947,RENTA,oficina,Guadalajara,Exclusivas oficinas en renta en Providencia,https://www.aciertamax.com/property/exclusivas-oficinas-en-renta-en-providencia
EB-QP8536,RENTA,oficina,Guadalajara,OFICINA EN RENTA TORRE STERLING,https://www.aciertamax.com/property/oficina-en-renta-torre-sterling
EB-WM4307,RENTA,local comercial,Guadalajara,LOCAL EN RENTA PLAZA MINERVA,https://www.aciertamax.com/property/local-en-renta-plaza-minerva-vallarta-poniente
EB-WU8901,RENTA,local comercial,Guadalajara,✨ LOCAL EN RENTA GLORIETA MINERVA ✨,https://www.aciertamax.com/property/local-en-renta-glorieta-minerva
EB-WV4493,RENTA,local comercial,Guadalajara,LOCAL EN RENTA EN LOMAS DEL CONTRY,https://www.aciertamax.com/property/local-en-renta-en-lomas-del-contry
EB-UJ5095,RENTA,bodega comercial,Guadalajara,"LOCAL COMERCIAL, BODEGA Y OFICINAS ZONA CENTRO",https://www.aciertamax.com/property/local-comercial-y-bodega-zona-centro
EB-SK4433,RENTA,local comercial,Guadalajara,Local Comercial en Renta en Planta Baja Punto Chapultepec,https://www.aciertamax.com/property/local-comercial-en-renta-en-planta-baja-punto-chapultepec
EB-WN2862,RENTA,oficina,Guadalajara,Oficina en renta en providencia,https://www.aciertamax.com/property/oficina-en-renta-en-providencia-3a28ed98-69ef-4c95-b23c-34abada69ed7
EB-WM9459,RENTA,casa,Guadalajara,SE RENTA OFICINA AMUEBLADA DE LUJO EN TORRE COUNTRY,https://www.aciertamax.com/property/se-renta-oficina-amueblada-de-lujo-en-torre-country
EB-WL2892,RENTA,oficina,Guadalajara,Oficina en Torre C&amp;C en Av. Americas,https://www.aciertamax.com/property/oficina-en-torre-c-c-en-av-americas
EB-UP7721,RENTA,oficina,Guadalajara,OFICINA EN RENTA EN BRAVANTE,https://www.aciertamax.com/property/oficina-en-renta-en-bravante
EB-VE3800,RENTA,oficina,Guadalajara,Oficina en renta Calz. del Federalismo y Libertad 2do Piso con Terraza,https://www.aciertamax.com/property/oficina-en-renta-en-el-corazon-de-guadalajara-calz-del-federalismo-y-libertad-a4056c5b-56db-4888-8cd6-79020cf99128
EB-TH6379,RENTA,oficina,Guadalajara,"Oficina en renta Primer Nivel Edificio corporativo,  Guadalajara Centro A. Feder",https://www.aciertamax.com/property/oficina-en-renta-piso-1-en-edificio-corporativo-zona-centro-de-guadalajara
EB-NS2680,RENTA,local comercial,Guadalajara,Local en Renta en Central Park,https://www.aciertamax.com/property/central-park-guadalajara-locales-y-oficinas-en-renta
EB-FW4895,RENTA,oficina,Guadalajara,OFICINA EN RENTA EDIFICIO FRATER,https://www.aciertamax.com/property/oficina-en-corporativo-en-pablo-neruda
EB-RZ5001,RENTA,oficina,Guadalajara,Oficina en RENTA Torre STERLING,https://www.aciertamax.com/property/oficina-en-renta-torre-sterling-arcos-vallarta-guadalajara
EB-WW8408,RENTA,bodega comercial,Guadalajara,Bodega comercial en renta,https://www.aciertamax.com/property/bodega-comercial-en-renta-el-retiro
EB-WQ8691,RENTA,oficina,Guadalajara,Oficina en renta en providencia,https://www.aciertamax.com/property/oficina-en-renta-en-providencia-providencia-3a-secc-terreno-comercial
EB-WN4536,RENTA,oficina,Guadalajara,Oficina en renta en providencia,https://www.aciertamax.com/property/oficina-en-renta-en-providencia-96006083-6a37-4e45-8afd-bb91bee8e8e1
EB-VU5861,RENTA,oficina,Guadalajara,Renta de Piso de Oficina en Zona Expo,https://www.aciertamax.com/property/renta-de-piso-de-oficina-en-zona-expo-verde-valle
EB-JS9608,RENTA,oficina,Guadalajara,OFICINAS EN RENTA en el centro de Guadalajara,https://www.aciertamax.com/property/renta-oficinas-paseo-degollado
EB-TQ7102,RENTA,local comercial,Guadalajara,Local comercial en renta en Plaza Punto Chapultepec 480,https://www.aciertamax.com/property/local-comercial-en-renta-en-plaza-punto-chapultepec-480
EB-UO4773,RENTA,oficina,Guadalajara,"Renta de Oficinas Corporativas en Proyecto Neruda Providencia, sobre Av. America",https://www.aciertamax.com/property/renta-de-oficinas-corporativas-en-proyecto-neruda-providencia-sobre-av-america
EB-XA2382,RENTA,oficina,Guadalajara,"Oficina corporativa en renta sobre Av. Pablo Neruda, Providencia",https://www.aciertamax.com/property/renta-de-oficina-en-providencia-providencia-3a-secc-oficina
EB-VC1596,RENTA,oficina,Guadalajara,Oficina en renta en Providencia,https://www.aciertamax.com/property/oficina-en-renta-en-providencia-e62878d5-a01e-4ec5-a605-484f1044eb49
EB-WU4661,RENTA,bodega comercial,Guadalajara,"Renta de Bodega en Colonia Moderna en Guadalajara, Jalis",https://www.aciertamax.com/property/renta-de-bodega-con-showroom-y-oficinas-en-la-col-moderna-en-guadalajara-jalis
EB-WT5085,RENTA,bodega comercial,Guadalajara,Bodega en renta Colonia Nueva España,https://www.aciertamax.com/property/bodega-en-renta-colonia-nueva-espana
EB-WQ4197,RENTA,local comercial,Guadalajara,Renta de Local  en excelente ubicación,https://www.aciertamax.com/property/renta-de-local-en-excelente-ubicacion-ladron-de-guevara
EB-TI8431,RENTA,terreno,Guadalajara,Terreno en esquina Zona San Juan Bosco 1508m2 Guadalajara,https://www.aciertamax.com/property/terreno-en-esquina-zona-san-juan-bosco-1508m2-guadalajara-19-950-000
EB-OW5989,RENTA,bodega industrial,Guadalajara,BODEGA EN RENTA POR MEDRANO,https://www.aciertamax.com/property/bodega-en-renta-por-medrano-6cb195a2-3cf3-467c-adf6-1ff6befb6a3b
EB-WR9606,RENTA,oficina,Guadalajara,OFICINA EN RENTA EN COLONIA AMERICANA GUADALAJARA JALISCO,https://www.aciertamax.com/property/oficina-en-renta-en-colonia-americana-guadalajara-jalisco-americana
EB-EK3924,RENTA,oficina,Guadalajara,Oficina en Edificio Corporativo en Colonia Americana en Guadalajara,https://www.aciertamax.com/property/oficina-en-edificio-corporativo-en-colonia-americana-en-guadalajara
EB-TH6358,RENTA,oficina,Guadalajara,Oficinas en Renta  Calz. del Federalismo y Libertad 3 Nivel,https://www.aciertamax.com/property/oficina-en-renta-en-el-corazon-de-guadalajara-calz-del-federalismo-y-libertad-americana-guadalajara
EB-US7986,RENTA,local comercial,Guadalajara,"Local comercial a la renta o venta en Elysian High Country, Country Club",https://www.aciertamax.com/property/local-comercial-a-la-renta-en-elysian-high-country-colomos-providencia
EB-WF9408,RENTA,local comercial,Guadalajara,"Local en renta, LADRON DE GUEVARA",https://www.aciertamax.com/property/local-en-renta-ladron-de-guevara-59c0b2e7-97cb-4930-bff0-bf5c4bdc019a
EB-TY9747,RENTA,oficina,Guadalajara,"Oficina en renta, Ladrón de Guevara",https://www.aciertamax.com/property/oficina-en-renta-ladron-de-guevara-edbf44fa-b072-4db8-b14a-2fb2dce1e3e2
EB-VX1932,RENTA,local comercial,Guadalajara,"RENTA LOCAL COMERCIAL, 188 MTS2,  EN LA AMERICANA.",https://www.aciertamax.com/property/renta-local-comercial-188-mts2-en-la-americana
EB-MB6365,RENTA,local comercial,Guadalajara,LOCAL EN RENTA LOPEZ MATEOS CHAPALITA,https://www.aciertamax.com/property/local-en-renta-lopez-mateos-chapalita-chapalita-local
EB-HY7697,RENTA,oficina,Guadalajara,Oficina en Renta Primer Piso 540 m2 - Campo Polo Chapalita,https://www.aciertamax.com/property/oficina-en-renta-576-m2-campo-polo-chapalita
EB-OZ2117,RENTA,local comercial,Guadalajara,Renta de local comercial en Plaza Punto Chapultepec 480,https://www.aciertamax.com/property/renta-de-local-comercial-en-plaza-punto-chapultepec-480
EB-XA0953,RENTA,local comercial,Guadalajara,"Local comercial en renta sobre Av. Pablo Neruda, Providencia",https://www.aciertamax.com/property/local-comercial-en-renta-sobre-av-pablo-neruda-providencia
EB-WM5882,RENTA,local comercial,Guadalajara,Local comercial en Colonia Moderna,https://www.aciertamax.com/property/local-comercial-en-colonia-moderna
EB-WS3130,RENTA,oficina,Guadalajara,Propiedad comercial en renta Italia Providencia,https://www.aciertamax.com/property/propiedad-comercial-en-esquina-col-italia-providencia
EB-WQ5666,RENTA,oficina,Guadalajara,"Oficina en Renta, Torre Allius, colonia Americana",https://www.aciertamax.com/property/oficina-en-edificio-corporativo-a-en-renta-cerca-de-avenida-ninos-heroes-americana
EB-WO3240,RENTA,local comercial,Guadalajara,Local Comercial en Renta,https://www.aciertamax.com/property/local-comercial-en-renta-monraz
EB-OD9951,RENTA,bodega industrial,Guadalajara,BODEGA EN RENTA EN LAZARO CARDENAS,https://www.aciertamax.com/property/boderga-en-renta-lazaro-cardenas
EB-WY0410,RENTA,casa,Guadalajara,Casa en venta y renta en Colomos Providencia,https://www.aciertamax.com/property/casa-en-venta-y-renta-en-providencia-colomos-providencia
EB-LL4663,RENTA,oficina,Guadalajara,OFICINA EN CORPORATIVO EN PEDRO MORENO,https://www.aciertamax.com/property/oficina-bussines-center-en-pedro-moreno-flexible-cw-americana-guadalajara
EB-VG5953,RENTA,oficina,Guadalajara,Oficina en  RENTA Country lista para ocuparla,https://www.aciertamax.com/property/oportunidad-venta-oficina-en-country-lista-para-ocuparla
EB-WU0722,RENTA,oficina,Guadalajara,🏢 Oficina Corporativa de 347 m² en Renta | Plaza Tolsá,https://www.aciertamax.com/property/oficina-corporativa-de-347-m-en-renta-plaza-tolsa
EB-VX7631,RENTA,local en centro comercial,Guadalajara,Local Comercial 133 m² Plaza Los Arcos Guadalajara Jalisco,https://www.aciertamax.com/property/local-comercial-133-m-plaza-los-arcos-guadalajara-jalisco
EB-SJ3317,RENTA,oficina,Guadalajara,OFICINA EN RENTA EN PEDRO MORENO,https://www.aciertamax.com/property/oficina-en-renta-en-pedro-moreno
EB-WM4212,RENTA,local comercial,Guadalajara,LOCAL EN RENTA PLAZA AMERICAS,https://www.aciertamax.com/property/local-en-renta-plaza-americas-americas-colomos
EB-SR0029,RENTA,bodega comercial,Guadalajara,BODEGA EN RENTA – ZONA INDUSTRIAL DE GDL (TRIGO 370),https://www.aciertamax.com/property/bodega-en-renta-zona-industrial-de-gdl-trigo-370
EB-VW8221,RENTA,local comercial,Guadalajara,"Local Comercial/Oficinas en Renta Av La Paz, Col Americana, Guadalajara, Jalisco",https://www.aciertamax.com/property/local-comercial-oficinas-en-renta-av-la-paz-col-americana-guadalajara-jalisco
EB-TA7586,RENTA,oficina,Guadalajara,¡Oficina en Renta Piso 7 en Torre Corporativa –A un Par de Cuadras de Expo GDL!,https://www.aciertamax.com/property/oficina-en-renta-piso-7-en-torre-corporativa-a-un-par-de-cuadras-de-expo-gdl
EB-WT7928,RENTA,oficina,Guadalajara,"Oficinas renta 172m2 Providencia Guadalajara  $63,640",https://www.aciertamax.com/property/oficinas-renta-172m2-providencia-guadalajara-63-640
EB-WF0530,RENTA,oficina,Guadalajara,Oficina / Local Comercial en Providencia,https://www.aciertamax.com/property/oficina-local-comercial-en-providencia-providencia-4a-secc
EB-VM7447,RENTA,oficina,Guadalajara,OFICINA EN PROVIDENCIA,https://www.aciertamax.com/property/oficina-en-providencia-colomos-providencia-guadalajara
EB-WE1795,RENTA,local comercial,Guadalajara,PH Comercial u Oficina en Venta/Renta sobre Av. Américas,https://www.aciertamax.com/property/ph-comercial-u-oficina-en-venta-renta-sobre-av-americas-ladron-de-guevara
EB-WE1791,RENTA,oficina,Guadalajara,PH Comercial u Oficina en Venta/Renta sobre Av. Américas,https://www.aciertamax.com/property/ph-comercial-u-oficina-en-venta-renta-sobre-av-americas
EB-VL9654,RENTA,oficina,Guadalajara,Oficina en renta en la Colonia Americana,https://www.aciertamax.com/property/oficina-en-renta-en-la-colonia-americana-18a03a7e-ac5c-4fa3-9890-c38771e30874
EB-UR8979,RENTA,local comercial,Guadalajara,"Local Comercial en Renta $60,000.00 en Av. Hidalgo y Av. Luis Pérez Verdia en Co",https://www.aciertamax.com/property/local-comercial-en-renta-75-000-00-en-av-hidalgo-y-av-luis-perez-verdia-en-co
EB-SH6029,RENTA,oficina,Guadalajara,Oficinas flexibles en renta en Colonia Lafayette,https://www.aciertamax.com/property/oficinas-flexibles-en-renta-en-colonia-lafayette
EB-VY8819,RENTA,local comercial,Guadalajara,LOCALES EN RENTA EN JAVIER MINA,https://www.aciertamax.com/property/locales-en-renta-en-javier-mina
EB-WK9447,RENTA,local comercial,Guadalajara,Local en Planta Alta en Esquina Sobre Rubén Darío (Providencia),https://www.aciertamax.com/property/local-en-planta-alta-en-esquina-sobre-ruben-dario-providencia-providencia-1a-secc
EB-WC1247,RENTA,local comercial,Guadalajara,LOCALES EN RENTA EN OBREGON,https://www.aciertamax.com/property/locales-en-renta-en-javier-mina-san-juan-de-dios
EB-WW1695,RENTA,bodega comercial,Guadalajara,BODEGA COMERCIAL EN RENTA 500 m² BELISARIO DOMÍNGUEZ,https://www.aciertamax.com/property/bodega-comercial-en-renta-500-m-belisario-dominguez
EB-TH6024,RENTA,oficina,Guadalajara,Oficinas en renta sobre Av. Pablo Neruda,https://www.aciertamax.com/property/oficinas-en-renta-sobre-av-pablo-neruda
EB-JQ8595,RENTA,oficina,Guadalajara,"EN RENTA CASA P CONSULTORIOS, OFIC, NOTARIA, CORPORATIVO, C/LICENCIA PROVIDENCIA",https://www.aciertamax.com/property/en-renta-casa-para-corporativo-oficinas-providencia-con-o-sin-muebles
EB-WL7290,RENTA,local comercial,Guadalajara,LOCAL EN RENTA EN AV. HIDALGO,https://www.aciertamax.com/property/local-comercial-en-renta-sobre-av-hidalgo-guadalajara-arcos-vallarta
EB-WC1312,RENTA,local comercial,Guadalajara,LOCAL COMERCIAL EN VENTA ALVARO OBREGÓN GUADALAJARA JALISCO,https://www.aciertamax.com/property/local-comercial-en-venta-alvaro-obregon-guadalajara-jalisco
EB-WK8889,RENTA,local comercial,Guadalajara,Se renta local comercial en esquina!,https://www.aciertamax.com/property/se-renta-local-comercial-en-esquina-ladron-de-guevara
EB-TQ6115,RENTA,local comercial,Guadalajara,Local comercial Plaza Punto Chapultepec,https://www.aciertamax.com/property/local-comercial-plaza-punto-chapultepec
EB-WE6537,RENTA,oficina,Guadalajara,"Oficina de Lujo en Renta – Sobre Pablo Neruda, Providencia",https://www.aciertamax.com/property/oficina-de-lujo-en-renta-sobre-pablo-neruda-providencia
EB-VL8605,RENTA,oficina,Guadalajara,"OFICINA EN RENTA EN GUADALAJARA, JALISCO (PROVIDENCIA)",https://www.aciertamax.com/property/oficina-en-renta-en-guadalajara-jalisco-providencia-providencia-3a-secc
EB-JM1506,RENTA,edificio,Guadalajara,Oficinas en venta en Av. Pablo Neruda Providencia,https://www.aciertamax.com/property/oficinas-en-venta-en-torre-aaa-providencia
EB-UO4805,RENTA,oficina,Guadalajara,"Renta de Oficinas Corporativas en Proyecto Neruda Providencia, sobre Av. America",https://www.aciertamax.com/property/renta-de-oficinas-corporativas-en-proyecto-neruda-providencia-sobre-av-america-providencia-1a-secc
EB-WZ5019,RENTA,casa,Guadalajara,"Casa en renta en zona Expo, Guadalajara",https://www.aciertamax.com/property/casa-en-renta-en-zona-expo-guadalajara
EB-WV5926,RENTA,oficina,Guadalajara,"Oficina en renta en colonia Lafayette, Guadalajara .",https://www.aciertamax.com/property/oficina-en-renta-en-colonia-lafayette-guadalajara
EB-WU4895,RENTA,bodega comercial,Guadalajara,Bodega en renta Colonia el Rosario,https://www.aciertamax.com/property/bodega-en-renta-colonia-el-rosario-el-rosario
EB-WT9105,RENTA,oficina,Guadalajara,🏢 Oficina Corporativa en Renta | Plaza Tolsá – Guadalajara,https://www.aciertamax.com/property/oficina-corporativa-en-renta-plaza-tolsa-guadalajara
EB-WT8086,RENTA,oficina,Guadalajara,Oficinas Corporativas en renta sobre Calle Vidrio,https://www.aciertamax.com/property/oficinas-corporativas-en-venta-y-o-renta-sobre-calle-vidrio-mexicaltzingo
EB-WT8078,RENTA,edificio,Guadalajara,Edificio Corporativo en renta sobre Calle Vidrio,https://www.aciertamax.com/property/oficinas-corporativas-en-venta-y-o-renta-sobre-calle-vidrio
EB-WT7272,RENTA,oficina,Guadalajara,Se renta casa equipada como oficina,https://www.aciertamax.com/property/se-renta-casa-equipada-como-oficina
EB-WQ9906,RENTA,casa,Guadalajara,SE RENTA BODEGA EN COLONIA FERROCARRIL GUADALAJARA,https://www.aciertamax.com/property/se-renta-bodega-en-colonia-ferrocarril-guadalajara
EB-WO9721,RENTA,bodega comercial,Guadalajara,BODEGA A 10 MINUTOS DEL MERCADO DE ABASTOS,https://www.aciertamax.com/property/bodega-a-10-minutos-del-mercado-de-abastos-del-fresno-1a-seccion
EB-VS8608,RENTA,local comercial,Guadalajara,Local comercial Providencia dos niveles,https://www.aciertamax.com/property/local-comercial-providencia-dos-niveles
EB-UH1064,RENTA,casa,Guadalajara,Casa con uso comercial,https://www.aciertamax.com/property/casa-con-uso-comercial-tetlan
EB-QP8632,RENTA,oficina,Guadalajara,BONITA OFICINA EN LAFAYETTE,https://www.aciertamax.com/property/bonita-oficina-en-lafayette
EB-WR0313,RENTA,oficina,Guadalajara,Oficinas acondicionadas a unas cuadras de la Expo GDL,https://www.aciertamax.com/property/oficinas-acondicionadas-a-unas-cuadras-de-la-expo-gdl
EB-TK6873,RENTA,oficina,Guadalajara,Oficinas a unas calles de expo Guadalajara,https://www.aciertamax.com/property/oficinas-a-unas-calles-de-expo-guadalajara
EB-WQ6587,RENTA,local comercial,Guadalajara,"Renta de Local, Oficinas o Bodega Comercial en Mezquitan Country, CP.44260, Guad",https://www.aciertamax.com/property/renta-de-local-oficinas-o-bodega-comercial-en-mezquitan-country-cp-44260-guad
EB-WN4106,RENTA,bodega comercial,Guadalajara,"BODEGA EN RENTA EN COLONIA EL FRESNO, GUADALAJARA.",https://www.aciertamax.com/property/bodega-en-renta-en-colonia-el-fresno-guadalajara-del-fresno-1a-seccion
EB-WN4436,RENTA,oficina,Guadalajara,Oficina en renta en providencia,https://www.aciertamax.com/property/oficina-en-renta-en-providencia-267918ec-1498-44a2-ac46-77f1a7c6916b
EB-WJ8645,RENTA,local comercial,Guadalajara,RENTA EN CONSULTORIO EN PROVIDENCIA A UNA CUADRA DEL HOSPITAL SAN JAVIER,https://www.aciertamax.com/property/renta-en-consultorio-en-providencia-a-una-cuadra-del-hospital-san-javier
EB-OF6741,RENTA,local comercial,Guadalajara,LOCAL EN RENTA  NOMAD LIVING,https://www.aciertamax.com/property/local-en-renta-nomad-living
EB-WU6703,RENTA,oficina,Guadalajara,Se renta oficina en Plan de San Luis | esquina Circunvalación,https://www.aciertamax.com/property/se-renta-oficina-en-plan-de-san-luis-esquina-circunvalacion
EB-WI2113,RENTA,bodega comercial,Guadalajara,BODEGA EN RENTA,https://www.aciertamax.com/property/bodega-en-renta-para-taller-mecanico
EB-VD3686,RENTA,local comercial,Guadalajara,Local Comercial en Renta en Galerías del Calzado Guadalajara,https://www.aciertamax.com/property/local-comercial-en-renta-en-galerias-del-calzado-guadalajara
EB-UG5749,RENTA,oficina,Guadalajara,Local Comercial u Oficinas en Renta – A Una Cuadra de Plaza del Sol y Expo GDL,https://www.aciertamax.com/property/local-comercial-u-oficinas-en-renta-a-una-cuadra-de-plaza-del-sol-y-expo-gdl
EB-TI7797,RENTA,local comercial,Guadalajara,Local comercial en Fidel Velázquez renta,https://www.aciertamax.com/property/local-comercial-en-fidel-velazquez-renta
EB-WZ8171,RENTA,casa,Guadalajara,*Casa en Renta Amueblada* Col. Centro,https://www.aciertamax.com/property/casa-antigua-remodelada-100-capilla-de-jesus-casa
EB-WQ1172,RENTA,casa,Guadalajara,casa ideal oficinas venta o renta ladron de guevara,https://www.aciertamax.com/property/casa-ideal-oficinas-venta-o-renta-ladron-de-guevara
EB-WU6085,RENTA,bodega industrial,Guadalajara,Bodega en Renta Zona Colon Industrial,https://www.aciertamax.com/property/bodega-en-renta-zona-colon-industrial-colon-industrial-bodega-industrial
EB-KG0648,RENTA,oficina,Guadalajara,OFICINA EN RENTA EN PABLO NERUDA,https://www.aciertamax.com/property/en-renta-oficina-de-40-m2-en-pablo-neruda
EB-FO2391,RENTA,oficina,Guadalajara,OFICINA EN RENTA EN PEDRO MORENO,https://www.aciertamax.com/property/oficina-en-pedro-moreno
EB-WT7132,RENTA,local comercial,Guadalajara,Local Comercial con Gran Potencial para Restaurante o Cafetería,https://www.aciertamax.com/property/local-comercial-con-gran-potencial-para-restaurante-o-cafeteria
EB-WP1074,RENTA,local en centro comercial,Guadalajara,Local comercial en Rubén Darío | Providencia | Guadalajara,https://www.aciertamax.com/property/local-comercial-en-ruben-dario-providencia-guadalajara
EB-VY6379,RENTA,local comercial,Guadalajara,Local Comercial en Renta Masaryk Centre Providencia,https://www.aciertamax.com/property/local-comercial-en-renta-masaryk-centre-providencia
EB-VY4838,RENTA,local comercial,Guadalajara,Local en Planta Alta Sobre Rubén Darío,https://www.aciertamax.com/property/local-en-planta-alta-sobre-ruben-dario
EB-LL4609,RENTA,oficina,Guadalajara,OFICINA EN RENTA EN PEDRO MORENO,https://www.aciertamax.com/property/oficina-bussines-center-en-pedro-moreno-flexible-cw
EB-VC4395,RENTA,local comercial,Guadalajara,LOCAL NAMORA CHAPULTEPEC NIVEL 1,https://www.aciertamax.com/property/local-namora-chapultepec-nivel-1
EB-WF2166,RENTA,oficina,Guadalajara,"Oficina en Renta en Colonia Americana, Torre Unión | 160 m² Totalmente Acondicio",https://www.aciertamax.com/property/oficina-en-renta-en-colonia-americana-torre-union-160-m-totalmente-acondicio
EB-WS8263,RENTA,oficina,Guadalajara,Céntricas Oficinas en Renta - Colonia Americana,https://www.aciertamax.com/property/centricas-oficinas-en-renta-colonia-americana
EB-WK8785,RENTA,local comercial,Guadalajara,Local Comercial en Renta,https://www.aciertamax.com/property/local-comercial-en-renta-santa-elena-alcalde-oriente
EB-WZ1503,RENTA,departamento,Guadalajara,O Tower departamento amueblado en renta piso 3,https://www.aciertamax.com/property/o-tower-departamento-amueblado-en-renta-piso-3
EB-WW5287,RENTA,casa,Guadalajara,Casa en renta. Col. Monraz. A 2 cuadras del Consulado,https://www.aciertamax.com/property/casa-en-renta-col-monraz-a-2-cuadras-del-consulado
EB-WV7822,RENTA,casa,Guadalajara,Casa en Renta en Col. Independencia ¡ESTRÉNALA!,https://www.aciertamax.com/property/casa-en-renta-en-col-independencia-b70a247d-9f4f-4c6b-bb5d-d51c527a9bdb
EB-WR6462,RENTA,casa con uso de suelo,Guadalajara,CASA EN RENTA USO COMERCIAL EN AVE PROVIDENCIA FRENTE A PARQUE,https://www.aciertamax.com/property/casa-en-renta-uso-comercial-en-ave-providencia-frente-a-parque
EB-WP7508,RENTA,casa,Guadalajara,Casa en renta uso mixto para oficinas/comercio en Providencia | Guadalajara,https://www.aciertamax.com/property/casa-en-renta-uso-mixto-para-oficinas-comercio-en-providencia-guadalajara
EB-WN5973,RENTA,local comercial,Guadalajara,Local comercial Av. La Paz,https://www.aciertamax.com/property/local-comercial-av-la-paz-americana
EB-WL3169,RENTA,casa,Guadalajara,"Terreno/bodega/local en Santa Tere (A 140 m de Av Chapultepec) Santa Teresita, G",https://www.aciertamax.com/property/terreno-bodega-local-en-santa-tere-a-100-m-de-av-chapultepec
EB-WG9535,RENTA,casa con uso de suelo,Guadalajara,"Casa en Renta a unos metros de Chapultepec, Ideal para fines comerciales.",https://www.aciertamax.com/property/casa-en-renta-a-unos-metros-de-chapultepec-ideal-para-fines-comerciales-moderna
EB-WG3501,RENTA,nave industrial,Guadalajara,✅ BODEGA EN RENTA - ZONA CENTRO GDL ✅,https://www.aciertamax.com/property/bodega-en-renta-zona-centro-gdl
EB-VL0498,RENTA,casa con uso de suelo,Guadalajara,Casa en Renta en la Colonia Monraz,https://www.aciertamax.com/property/propiedad-comercial-frente-a-parque-en-renta-colonia-monraz
EB-VJ9638,RENTA,oficina,Guadalajara,OFICINA EN RENTA CALLE OSTIA,https://www.aciertamax.com/property/oficina-en-renta-calle-ostia
EB-SG3041,RENTA,oficina,Guadalajara,OFICINA EN RENTA EN DUQUE DE RIVAS,https://www.aciertamax.com/property/oficina-en-renta-en-duque-de-rivas
EB-NU3463,RENTA,local comercial,Guadalajara,"Local renta Parque Agua Azul Guadalajara 360m2 $45,000",https://www.aciertamax.com/property/local-renta-parque-agua-azul-guadalajara-300m2-69-000
EB-WV9269,RENTA,casa,Guadalajara,"Casa en renta para oficinas o habitación, amplios espacios, cerca Expo Gdl",https://www.aciertamax.com/property/casa-en-renta-para-oficinas-o-habitacion-amplios-espacios-excelente-ubicacion
EB-VD7507,RENTA,local comercial,Guadalajara,local renta en Santa Eduwiges Guadalajara,https://www.aciertamax.com/property/local-renta-en-santa-eduwiges-guadalajara
EB-DT5327,RENTA,oficina,Guadalajara,AV HIDALGO OFICINA AMUEBLADA EN RENTA,https://www.aciertamax.com/property/av-hidalgo-oficina-amueblada-en-renta
EB-WV5931,RENTA,casa,Guadalajara,Casa en renta en Vallarta Poniente,https://www.aciertamax.com/property/casa-en-renta-en-vallarta-poniente-vallarta-poniente
EB-WS2357,RENTA,oficina,Guadalajara,Oficinas en Renta Cerca de La Minerva,https://www.aciertamax.com/property/oficinas-en-renta-cerca-de-la-minerva-arcos-vallarta-guadalajara
EB-VS6396,RENTA,bodega industrial,Guadalajara,BODEGA EN RENTA POR MEDRANO,https://www.aciertamax.com/property/bodega-en-renta-por-medrano-92a91c7f-170b-4e33-b24c-900638fdb4a2
EB-UZ9642,RENTA,casa,Guadalajara,"Casa en Renta con Uso de Suelo Comercial, Lomas del Country",https://www.aciertamax.com/property/casa-con-uso-de-suelo-comercial-en-lomas-del-country
EB-TH6282,RENTA,oficina,Guadalajara,Oficina en renta en el Centro Guadalajara  Calz. del Federalismo y Libertad,https://www.aciertamax.com/property/oficina-en-renta-en-el-corazon-de-guadalajara-calz-del-federalismo-y-libertad
EB-TN7771,RENTA,casa,Guadalajara,SE RENTA OFICINA O CASA HABITACION EN GUADALAJARA CENTRO,https://www.aciertamax.com/property/se-renta-casa-u-oficina-en-guadalajara-centro
EB-VV8325,RENTA,oficina,Guadalajara,"OFICINA EN RENTA EN EXCELENTE UBICACIÓN, AV. VALLARTA ESQUINA UNION.",https://www.aciertamax.com/property/baja-de-precio-oficina-en-renta-en-excelente-ubicacion
EB-WR8043,RENTA,bodega industrial,Guadalajara,BODEGA EN RENTA EN LAZARO CARDENAS,https://www.aciertamax.com/property/bodega-en-renta-en-lazaro-cardenas-valle-del-alamo-guadalajara
EB-VL9649,RENTA,oficina,Guadalajara,Oficina en renta en la Colonia Americana,https://www.aciertamax.com/property/oficina-en-renta-en-la-colonia-americana-bd0da32f-61e7-4180-90e0-cb52287e6606
EB-VH7527,RENTA,oficina,Guadalajara,OFICINA EN RENTA EN ITALIA PROVIDENCIA,https://www.aciertamax.com/property/oficina-en-renta-en-italia-providencia-italia-providencia-oficina
EB-TD7649,RENTA,oficina,Guadalajara,OFICINA EN RENTA LA NOGALERA 287 ZONA INDUSTRIAL GUADLAJARA JALISCO,https://www.aciertamax.com/property/oficina-en-renta-la-nogalera-287-zona-industrial-guadlajara-jalisco
EB-XA0694,RENTA,oficina,Guadalajara,"OFICINA EN RENTA CON GALERÍA DE ARTE EN COL. AMERICANA, GUADALAJARA JAL.",https://www.aciertamax.com/property/oficina-en-renta-con-galeria-de-arte-en-col-americana-guadalajara-jal-americana
EB-WZ9569,RENTA,local comercial,Guadalajara,Local en renta excelente ubicación Providencia,https://www.aciertamax.com/property/local-en-renta-excelente-ubicacion-providencia-providencia-1a-secc
EB-WV6273,RENTA,bodega comercial,Guadalajara,Bodega en Renta Zona San Juan de Dios en Abascal y Souza 240 con 100 m²,https://www.aciertamax.com/property/bodega-en-renta-zona-san-juan-de-dios-en-abascal-y-souza-240-con-100-m
EB-WU4899,RENTA,oficina,Guadalajara,Oficinas en renta zona plaza del sol,https://www.aciertamax.com/property/oficinas-en-renta-zona-plaza-del-sol
EB-TT7875,RENTA,oficina,Guadalajara,OFICINAS EJECUTIVAS EN RENTA,https://www.aciertamax.com/property/oficinas-ejecutivas-en-renta-arcos-vallarta
EB-XA3349,RENTA,departamento,Guadalajara,"Departamento Renta 3 Hab, ""Elysian High Country """,https://www.aciertamax.com/property/departamento-renta-3-hab-elysian-high-country
EB-WZ9297,RENTA,departamento,Guadalajara,"🏙️ DEPARTAMENTO NUEVO EN RENTA | COUNTRY CLUB, GUADALAJARA — $39,500 MXN",https://www.aciertamax.com/property/departamento-nuevo-en-renta-country-club-guadalajara-39-500-mxn
EB-WU8799,RENTA,casa,Guadalajara,Casa en Renta Para Uso Comercial - Sobre Av Calzada Independencia,https://www.aciertamax.com/property/casa-en-renta-para-uso-comercial-sobre-av-calzada-independencia-monumental
EB-WN1912,RENTA,bodega comercial,Guadalajara,✅ BODEGA EN RENTA - ZONA CENTRO GDL ✅,https://www.aciertamax.com/property/bodega-en-renta-zona-centro-gdl-oblatos
EB-WF4865,RENTA,bodega comercial,Guadalajara,BAJA DE PRECIO * Renta de Bodega Comercial en El Fresno,https://www.aciertamax.com/property/renta-de-bodega-comercial-en-el-fresno-del-fresno-1a-seccion-guadalajara
EB-WA5365,RENTA,oficina,Guadalajara,Oficina en Renta,https://www.aciertamax.com/property/oficina-en-renta-reforma-guadalajara
EB-WW5298,RENTA,casa,Guadalajara,Casa de una planta. Remodelada. Providencia. Cerca de colegios y Acuesucto.,https://www.aciertamax.com/property/casa-de-una-planta-remodelada-providencia-cerca-de-colegios-y-acuesucto
EB-WZ1726,RENTA,departamento,Guadalajara,Departamento AMUEBLADO en RENTA en providencia,https://www.aciertamax.com/property/departamento-amueblado-en-renta-en-providencia-providencia-5a-secc
EB-WW8213,RENTA,departamento,Guadalajara,DEPARTAMENTO EN RENTA EN PROVIDENCIA AMUEBLADO,https://www.aciertamax.com/property/departamento-en-renta-en-providencia-amueblado-providencia-5a-secc
EB-WU4804,RENTA,departamento,Guadalajara,Renta de Departamento en el Country Club,https://www.aciertamax.com/property/renta-de-departamento-en-el-country-club-country-club
EB-VL5369,RENTA,oficina,Guadalajara,Oficina en renta en la Minerva,https://www.aciertamax.com/property/oficina-en-renta-en-la-minerva
EB-WP2526,RENTA,local comercial,Guadalajara,Locales en Renta Torre Citi Tower,https://www.aciertamax.com/property/locales-en-renta-torre-citi-tower-ladron-de-guevara-local-comercial
EB-WN3271,RENTA,local comercial,Guadalajara,"Amplio Local, Zona Providencia Sobre Avenida — 165.00 m²",https://www.aciertamax.com/property/amplio-local-zona-providencia-sobre-avenida-165-00-m
EB-WA6064,RENTA,departamento,Guadalajara,"PENTHOUSE PROVIDENCIA RENTA A UNOS PASOS PUNTO SAO PAULO 130 m2, 2 recámaras",https://www.aciertamax.com/property/renta-penthouse-2-recamaras-130m2
EB-RS3043,RENTA,oficina,Guadalajara,• OFICINAS CON GALERÍA EN RENTA EN COL. AMERICANA GUADALAJARA,https://www.aciertamax.com/property/oficinas-con-galeria-en-renta-en-col-americana-guadalajara
EB-QQ5884,RENTA,oficina,Guadalajara,OFICINA EN AVENIDA AMÉRICAS,https://www.aciertamax.com/property/oficina-en-avenida-americas
EB-JL1959,RENTA,local comercial,Guadalajara,Local en renta en Planta Alta en la Av. Rubén Darío,https://www.aciertamax.com/property/se-renta-locales-ubicados-en-la-av-ruben-dario-circunvalacion-vallarta
EB-WZ6739,RENTA,bodega comercial,Guadalajara,"Bodega renta de 420m2 Circunvalación Belisario  Guadalajara $35,000",https://www.aciertamax.com/property/bodega-renta-de-420m2-circunvalacion-belisario-guadalajara-35-000
EB-WT8479,RENTA,departamento,Guadalajara,Departamento a Estrenar en Torre Elysian | Piso 17,https://www.aciertamax.com/property/departamento-a-estrenar-en-torre-elysian-piso-17
EB-WT6661,RENTA,departamento,Guadalajara,DEPARTAMENTO EN RENTA en Country Club. Torre MM,https://www.aciertamax.com/property/departamento-en-renta-en-country-club-torre-mm
EB-WL3216,RENTA,casa,Guadalajara,RENTA CASA U OFICINA  A MEDIA CUADRA DE LA MINERVA,https://www.aciertamax.com/property/renta-casa-u-oficina-a-media-cuadra-de-la-minerva
EB-VU9501,RENTA,local comercial,Guadalajara,"Local en renta en Colonia Americana, planta baja, 93 m² sobre Av. Díaz de León",https://www.aciertamax.com/property/local-en-venta-en-colonia-americana-planta-baja-93-m-sobre-av-diaz-de-leon
EB-LO7949,RENTA,oficina,Guadalajara,RENTA DE OFICINAS AV. MORELOS,https://www.aciertamax.com/property/renta-de-oficinas-colaborativas-nous-miguel-hidalgo-oficina
EB-WV4802,RENTA,departamento,Guadalajara,"Departamento en Renta, Torre Latitud en Providencia",https://www.aciertamax.com/property/departamento-en-renta-torre-latitud-en-providencia
EB-WV4671,RENTA,departamento,Guadalajara,DEPARTAMENTO EN RENTA COL. AMERICANA,https://www.aciertamax.com/property/departamento-en-renta-col-americana-bba4d974-316b-46c7-b349-0693ad58f40b
EB-ER6035,RENTA,local comercial,Guadalajara,Espacio para oficinas Av. México y Chapultepec,https://www.aciertamax.com/property/local-comercial-en-chapultepec
EB-NU3460,RENTA,local comercial,Guadalajara,"Local Planta baja   renta Parque Agua Azul Guadalajara 270m2 $33,750",https://www.aciertamax.com/property/local-renta-parque-agua-azul-guadalajara-250m2-57-500
EB-WS8158,RENTA,oficina,Guadalajara,Oficina en renta - Obra Gris en el Corazón de la Colonia Americana.,https://www.aciertamax.com/property/oficina-en-renta-obra-gris-en-el-corazon-de-la-colonia-americana
EB-WT0436,RENTA,departamento,Guadalajara,Departamento en Renta | Excelente ubicación en Providencia,https://www.aciertamax.com/property/departamento-en-renta-excelente-ubicacion-en-providencia
EB-VM6720,RENTA,oficina,Guadalajara,OFICINA EN RENTA AV FEDERALISMO,https://www.aciertamax.com/property/oficina-en-renta-av-federalismo-ca85f15d-6db0-4870-8136-28fb5da0b44f
EB-DG0780,RENTA,oficina,Guadalajara,RENTA DE OFICINA CONTRY CLUB EN AMERICAS,https://www.aciertamax.com/property/oficinas-en-el-country-club-en-americas
EB-WP1027,RENTA,oficina,Guadalajara,OFICINA EN RENTA PH COLONIA AMERICANA GUADALAJARA JALISCO,https://www.aciertamax.com/property/oficina-en-renta-ph-colonia-americana-guadalajara-jalisco-americana
EB-WG1374,RENTA,oficina,Guadalajara,Oficina en Renta en Colonia Americana en Guadalajara,https://www.aciertamax.com/property/oficina-en-renta-en-colonia-americana-en-guadalajara-5d964e92-e94b-4053-affe-393cbb9fe2ef
EB-WW7291,RENTA,casa,Guadalajara,"Casa en renta en Lomas de Guevara, Guadalajara.",https://www.aciertamax.com/property/casa-en-renta-en-lomas-de-guevara-guadalajara
EB-WH1054,RENTA,departamento,Guadalajara,DEPA EN RENTA  COL. COUNTRY CLUB,https://www.aciertamax.com/property/depa-en-renta-col-country-club
EB-VX6992,RENTA,local comercial,Guadalajara,"Local en Renta, Col, Chapalita, Guadalajara, Jal",https://www.aciertamax.com/property/local-en-renta-col-chapalita-guadalajara-jal
EB-WT1076,RENTA,casa,Guadalajara,Casa renta Providencia,https://www.aciertamax.com/property/casa-renta-providencia-terranova-guadalajara
EB-WS5735,RENTA,departamento,Guadalajara,¡Renta Departamento Amueblado en Jardines del Bosque con Roof Top! 🏢✨,https://www.aciertamax.com/property/renta-departamento-amueblado-en-jardines-del-bosque-con-roof-top-jardines-del-bosque-norte
EB-WN5443,RENTA,casa,Guadalajara,CASA PARA OFICINAS EN JARDINES DEL COUNTRY,https://www.aciertamax.com/property/casa-para-oficinas-en-jardines-del-country
EB-XA3059,RENTA,departamento,Guadalajara,Departamento Renta 2 Habitaciones a estrenar en Elysian High Country Club,https://www.aciertamax.com/property/departamento-renta-2-habitaciones-a-estrenar-en-elysian-high-country-club
EB-WZ9290,RENTA,departamento,Guadalajara,"🏙️ DEPARTAMENTO NUEVO EN RENTA | COUNTRY CLUB, GUADALAJARA — $30,500 MXN",https://www.aciertamax.com/property/departamento-nuevo-en-renta-country-club-guadalajara-30-500-mxn
EB-WQ6043,RENTA,oficina,Guadalajara,RENTA DE OFICINA EN PROVIDENCIA,https://www.aciertamax.com/property/renta-de-oficina-en-providencia-providencia-4a-secc
EB-WH9845,RENTA,oficina,Guadalajara,Oficina Comercial en Providencia,https://www.aciertamax.com/property/oficina-local-comercial-en-providencia-providencia-4a-secc-oficina
EB-WO3454,RENTA,oficina,Guadalajara,OFICINA EN RENTA COLONIA AMERICANA GUADALAJARA JALISCO,https://www.aciertamax.com/property/oficina-en-renta-colonia-americana-guadalajara-jalisco
EB-HO7709,RENTA,oficina,Guadalajara,Oficina en Renta en Colonia Americana en  Guadalajara,https://www.aciertamax.com/property/oficina-en-renta-en-colonia-americana-en-guadalajara-americana-guadalajara
EB-XA4454,RENTA,casa,Guadalajara,Renta de Casa amueblada,https://www.aciertamax.com/property/renta-de-casa-amueblada-colinas-de-la-normal
EB-WY1427,RENTA,oficina,Guadalajara,"OFICINA EN RENTA EN PLANTA ALTA EN AV. LA PAZ, COL AMERICANA",https://www.aciertamax.com/property/oficina-en-renta-en-planta-alta-en-av-la-paz-col-americana
EB-WX2228,RENTA,departamento,Guadalajara,Hermoso Departamento Renta Torre Berilio Providencia,https://www.aciertamax.com/property/hermoso-departamento-renta-torre-berilio-providencia
EB-WU1237,RENTA,departamento,Guadalajara,Departamento en Renta a Estrenar | Torre Loreto - Country Club,https://www.aciertamax.com/property/departamento-en-renta-a-estrenar-torre-loreto-country-club
EB-WF4186,RENTA,local comercial,Guadalajara,Local en renta,https://www.aciertamax.com/property/local-en-renta-vallarta-san-jorge
EB-VL9720,RENTA,oficina,Guadalajara,Oficina en renta en la Colonia Americana,https://www.aciertamax.com/property/oficina-en-renta-en-la-colonia-americana-4fabd311-364b-4c23-8545-a219e11e5b6f
EB-VJ4294,RENTA,departamento,Guadalajara,Renta de Departamento en el Country,https://www.aciertamax.com/property/departamento-en-renta-torre-galathea-guadalajara
EB-VC8899,RENTA,oficina,Guadalajara,Oficina en renta sobre Av. López Mateos Ladrón de Guevara,https://www.aciertamax.com/property/oficina-en-renta-sobre-av-lopez-mateos-ladron-de-guevara
EB-VC5796,RENTA,oficina,Guadalajara,Loft para Oficina en Renta en Lomas del Country – Ubicación Corporativa de Alt,https://www.aciertamax.com/property/loft-para-oficina-en-renta-en-lomas-del-country-ubicacion-corporativa-de-alt
EB-MS5881,RENTA,oficina,Guadalajara,¡Oficinas en Renta en Tipo CO-WORKING! a unas Cuadra de Chapultepec.,https://www.aciertamax.com/property/oficinas-en-renta-en-lujosos-espacios-co-working
EB-US8019,RENTA,departamento,Guadalajara,Renta de Loft con Consultorio a 2 Cuadras del Hospital del Carmen,https://www.aciertamax.com/property/renta-de-loft-con-consultorio-a-2-cuadras-del-hospital-del-carmen
EB-MF8286,RENTA,oficina,Guadalajara,OFICINA EN RENTA WEWORK MIDTOWN,https://www.aciertamax.com/property/oficina-en-renta-wework-midtown
EB-DG0776,RENTA,oficina,Guadalajara,RENTA DE OFICINA CONTRY CLUB EN AMERICAS,https://www.aciertamax.com/property/oficina-coworking-en-americas
EB-WL3892,RENTA,departamento,Guadalajara,"depa en renta torre WIT  2 habitaciones, 2 baños con balcón y amenidades Premium",https://www.aciertamax.com/property/depa-en-renta-torre-wit-2-habitaciones-2-banos-con-balcon-y-amenidades-premium
EB-JQ7330,RENTA,departamento,Guadalajara,Departamento renta en Chapalita,https://www.aciertamax.com/property/departamento-nuevo-en-renta-en-chapalita-chapalita
EB-WW1664,RENTA,departamento,Guadalajara,RENTA DEPARTAMENTO PROVIDENCIA A UNA CUADRA AV. AMÈRICAS,https://www.aciertamax.com/property/renta-departamento-providencia-a-una-cuadra-av-americas
EB-MJ1261,RENTA,oficina,Guadalajara,OFICINA EN RENTA EN PROVIDENCIA,https://www.aciertamax.com/property/oficina-en-renta-en-providencia-f2041d23-d789-47c6-bba0-409cca29370f
EB-JS9653,RENTA,local comercial,Guadalajara,LOCALES EN RENTA en el Centro de Guadalajara,https://www.aciertamax.com/property/renta-local-paseo-degollado
EB-XA1020,RENTA,departamento,Guadalajara,Departamento en RENTA en Torre Patria,https://www.aciertamax.com/property/departamento-en-renta-en-torre-patria-colomos-providencia-guadalajara
EB-WQ1769,RENTA,local comercial,Guadalajara,Local en renta Av Hidalgo Federalismo Centro,https://www.aciertamax.com/property/local-en-renta-av-hidalgo-federalismo-centro
EB-WZ0584,RENTA,local comercial,Guadalajara,Renta Local Comercial,https://www.aciertamax.com/property/renta-local-comercial-guadalajara-centro
EB-WT1319,RENTA,departamento,Guadalajara,Departamento en renta en el Country - YU Country a estrenar amueblado,https://www.aciertamax.com/property/departamento-en-renta-en-el-country-yu-country-a-estrenar-amueblado
EB-VW8109,RENTA,casa,Guadalajara,Casa en renta en Ladrón de Guevara con opción para casa habitación u oficinas,https://www.aciertamax.com/property/casa-en-renta-para-oficinas-o-uso-habitacional-en-ladron-de-guevara
EB-WZ9417,RENTA,departamento,Guadalajara,"DEPARTAMENTO EN RENTA EN TORRE DUO, CHAPALITA",https://www.aciertamax.com/property/departamento-en-renta-en-torre-duo-chapalita
EB-WU8838,RENTA,terreno comercial,Guadalajara,Terreno en Renta en Calzada Olímpica Guadalajara,https://www.aciertamax.com/property/terreno-en-renta-en-calzada-olimpica-guadalajara-olimpica
EB-WT3850,RENTA,departamento,Guadalajara,Departamento en renta en el Country,https://www.aciertamax.com/property/departamento-en-renta-en-el-country-f8d0ba48-0af3-4cb7-946f-6ad1b60c87a7
EB-WS7579,RENTA,oficina,Guadalajara,OFICINA CORPORATIVA EN RENTA | Col. Ladron de Guevara,https://www.aciertamax.com/property/oficina-corporativa-en-renta-col-ladron-de-guevara
EB-XA7402,RENTA,departamento,Guadalajara,"Departamento Amueblado en Renta colonia Americana, Guadalajara",https://www.aciertamax.com/property/departamento-amueblado-en-renta-colonia-americana-guadalajara-5ab53d06-fb3e-4178-bf55-a3e8802bbb9d
EB-WV7022,RENTA,oficina,Guadalajara,PISO COMPLETO DE OFICINAS EN VENTA O RENTA COLONIA LADRON DE GUEVARA GUADALAJARA,https://www.aciertamax.com/property/piso-completo-de-oficinas-en-venta-o-renta-colonia-ladron-de-guevara-guadalajara
EB-TN9920,RENTA,casa,Guadalajara,CHPALITA RENTA CASA DE UNA PLANTA. COCHERA 1 AUTO GRANDE.,https://www.aciertamax.com/property/renta-casa-en-chapalita
EB-WT6967,RENTA,departamento,Guadalajara,"DEPARTAMENTO NUEVO EN RENTA | TORRE GRECO, PROVIDENCIA ✨",https://www.aciertamax.com/property/departamento-nuevo-en-renta-torre-greco-providencia-prados-de-providencia
EB-XA2889,RENTA,departamento,Guadalajara,Renta Departamento 1 Hab Elysian Country Club,https://www.aciertamax.com/property/renta-departamento-1-hab-elysian-country-club
EB-WW7666,RENTA,casa en condominio,Guadalajara,RENTA CASA EN CONDOMINIO LOMAS DEL COUNTRY (4 recámaras),https://www.aciertamax.com/property/renta-casa-en-condominio-lomas-del-country
EB-WU6747,RENTA,departamento,Guadalajara,DEPARTAMENTO EN RENTA VALLARTA SAN JORGE GUADALAJARA JAL,https://www.aciertamax.com/property/departamento-en-renta-vallarta-san-jorge-guadalajara-jal
EB-WU6730,RENTA,departamento,Guadalajara,DEPARTAMENTO EN RENTA LA MINERVA GUADALAJARA JAL,https://www.aciertamax.com/property/departamento-en-renta-la-minerva-guadalajara-jal
EB-TV8239,RENTA,departamento,Guadalajara,Departamento en Renta- Ladron de Guevara,https://www.aciertamax.com/property/departamento-en-renta-ladron-de-guevara-59996d42-9a9a-417c-9bb2-d3904c591a77
EB-MS4025,RENTA,local comercial,Guadalajara,Rento local en Av. Juan Pablo II y Periférico,https://www.aciertamax.com/property/rento-local-en-av-juan-pablo-ii-y-periferico
EB-VA5519,RENTA,oficina,Guadalajara,Renta de Oficinas Corporativas en Providencia,https://www.aciertamax.com/property/renta-de-oficinas-corporativas-en-providencia-colomos-providencia-guadalajara
EB-HI8700,RENTA,oficina,Guadalajara,OFICINA EN RENTA EN PROVIDENCIA,https://www.aciertamax.com/property/oficina-en-renta-en-providencia-colomos-providencia-guadalajara
EB-XA0516,RENTA,departamento,Guadalajara,Departamento amueblado en Punto São Paulo Guadalajara,https://www.aciertamax.com/property/departamento-amueblado-en-punto-sao-paulo-guadalajara
EB-WT1166,RENTA,departamento,Guadalajara,"DEPARTAMENTO NUEVO EN RENTA | TORRE GRECO, PROVIDENCIA ✨",https://www.aciertamax.com/property/departamento-nuevo-en-renta-torre-greco-providencia
EB-MF9432,RENTA,oficina,Guadalajara,RENTA DE OFICINA EN PROVIDENCIA,https://www.aciertamax.com/property/renta-de-oficina-en-providencia-1492d680-66a2-477b-a55c-21c14a457217
EB-OA7952,RENTA,local comercial,Guadalajara,Rento local en Av. Juan Pablo II y Periférico,https://www.aciertamax.com/property/rento-local-en-av-juan-pablo-ii-y-periferico-tetlan-rio-verde-guadalajara
EB-EY2623,RENTA,local comercial,Guadalajara,LOCAL EN RENTA PLANTA BAJA EN AV. JUAN PABLO II,https://www.aciertamax.com/property/locales-comerciales-en-renta-juan-pablo-ii-tetlan-rio-verde
EB-WP2460,RENTA,local comercial,Guadalajara,Locales en Renta Torre Citi Tower,https://www.aciertamax.com/property/locales-en-renta-torre-citi-tower-ladron-de-guevara-guadalajara
EB-WE9857,RENTA,local comercial,Guadalajara,RENTA DE LOCAL ENFRENTE PLAZA LIBERACION Y AUN COSTADO DE TEATRO DEGOLLADO,https://www.aciertamax.com/property/renta-de-local-enfrente-plaza-liberacion-y-aun-costado-de-teatro-degollado
EB-LO7943,RENTA,oficina,Guadalajara,RENTA DE OFICINAS AV. MORELOS,https://www.aciertamax.com/property/renta-de-oficinas-colaborativas-nous-miguel-hidalgo-guadalajara
EB-WY3647,RENTA,local comercial,Guadalajara,LOCAL EN RENTA AVENIDA CHAPULTEPEC,https://www.aciertamax.com/property/local-avenida-chapultepec
EB-WU7850,RENTA,departamento,Guadalajara,"EN RENTA DEPARTAMENTO DOBLE ALTURA, UNA RECAMARA, COLONIA AMERICANA",https://www.aciertamax.com/property/en-renta-departamento-doble-altura-una-recamara-colonia-americana
EB-WU5304,RENTA,bodega comercial,Guadalajara,Bodega en RENTA en Manuel Cambre,https://www.aciertamax.com/property/bodega-en-renta-en-manuel-cambre
EB-WU5296,RENTA,local comercial,Guadalajara,Local en RENTA en Manuel Cambre,https://www.aciertamax.com/property/local-en-renta-en-manuel-cambre
EB-WT9110,RENTA,departamento,Guadalajara,Departamento en renta en el country,https://www.aciertamax.com/property/departamento-en-renta-en-el-country-ayuntamiento
EB-WL4421,RENTA,oficina,Guadalajara,Oficina Preminum en Renta para un Profesional en Guadalajara,https://www.aciertamax.com/property/oficina-preminum-en-renta-para-un-profesional-en-guadalajara
EB-VE4824,RENTA,oficina,Guadalajara,Oficina en Renta en Terranova en Guadalajara,https://www.aciertamax.com/property/oficina-en-renta-en-terranova-en-guadalajara-terranova
EB-UX2434,RENTA,oficina,Guadalajara,Oficina en renta Ladrón de Guevara,https://www.aciertamax.com/property/se-renta-oficina-en-ladron-de-guevara-ladron-de-guevara
EB-UP5619,RENTA,local comercial,Guadalajara,PRECIO UNICO EN LA ZONA!!! SE RENTA LOCAL COMERCIAL EN SAN JUAN DE DIOS,https://www.aciertamax.com/property/se-renta-local-en-plaza-comercial-san-juan-de-dios
EB-RR0587,RENTA,local comercial,Guadalajara,Local en venta y renta Juan Pablo ll,https://www.aciertamax.com/property/local-en-venta-y-renta-juan-pablo-ll
EB-JT2920,RENTA,departamento,Guadalajara,Departamento AMUEBLADO horizontes Chapultepec,https://www.aciertamax.com/property/departamento-amueblado-horizontes-chapultepec
EB-UN3124,RENTA,oficina,Guadalajara,SE RENTA OFICINA EN COLOMOS PROVIDENCIA,https://www.aciertamax.com/property/se-renta-oficina-en-colomos-providencia
EB-TW4822,RENTA,local comercial,Guadalajara,Local comercial en planta baja,https://www.aciertamax.com/property/local-comercial-en-planta-baja-el-retiro
EB-WU7630,RENTA,departamento,Guadalajara,"Loft en renta en Privada París, Arcos Vallarta | Guadalajara",https://www.aciertamax.com/property/loft-en-renta-en-privada-paris-arcos-vallarta-guadalajara
EB-WT7004,RENTA,departamento,Guadalajara,"DEPARTAMENTO NUEVO EN RENTA | TORRE GRECO, PROVIDENCIA ✨",https://www.aciertamax.com/property/departamento-nuevo-en-renta-torre-greco-providencia-prados-de-providencia-guadalajara
EB-WZ9276,RENTA,departamento,Guadalajara,"🏙️ DEPARTAMENTO EN RENTA EN COUNTRY CLUB, GUADALAJARA | $24,000 MXN",https://www.aciertamax.com/property/departamento-en-renta-en-country-club-guadalajara-24-000-mxn
EB-WV8671,RENTA,departamento,Guadalajara,DEPARTAMENTO EN RENTA CERCA DE LA MINERVA | 2 RECÁMARAS,https://www.aciertamax.com/property/departamento-en-renta-cerca-de-la-minerva-2-recamaras
EB-SH6022,RENTA,oficina,Guadalajara,Oficinas en renta en edificio Colonia Americana,https://www.aciertamax.com/property/oficinas-en-renta-en-edificio-colonia-americana
EB-SH4995,RENTA,oficina,Guadalajara,"OFICINA EN RENTA CON GALERÍA DE ARTE EN COL. AMERICANA, GUADALAJARA JAL.",https://www.aciertamax.com/property/oficina-en-renta-con-galeria-de-arte-en-col-americana-guadalajara-jal
EB-RK4656,RENTA,oficina,Guadalajara,OFICINA EN RENTA EN PROVIDENCIA CALLE FLORENCIA,https://www.aciertamax.com/property/oficina-en-renta-en-providencia-calle-florencia-46fd7167-c783-4e0d-ad81-a53a1bb5d483
EB-WX3745,RENTA,departamento,Guadalajara,"Casa en Renta, Col, Chapalita, Guadalajara, Jal",https://www.aciertamax.com/property/casa-en-renta-col-chapalita-guadalajara-jal
EB-WP2367,RENTA,local comercial,Guadalajara,Locales en Renta Torre Citi Tower,https://www.aciertamax.com/property/locales-en-renta-torre-citi-tower-ladron-de-guevara
EB-WV0963,RENTA,oficina,Guadalajara,Consultorio 11 en Renta,https://www.aciertamax.com/property/consultorio-11-en-renta
EB-NM1411,RENTA,departamento,Guadalajara,Departamento en renta a unos minutos de MIDTOWN,https://www.aciertamax.com/property/departamento-en-renta-a-unos-minutos-de-midtown
EB-UN3031,RENTA,oficina,Guadalajara,oficina en renta en colomos providencia piso 4,https://www.aciertamax.com/property/oficina-en-renta-en-colomos-providencia-piso-4
EB-WT7947,RENTA,oficina,Guadalajara,"Renta Oficinas Modernas Col. independencia $23,000",https://www.aciertamax.com/property/renta-oficinas-modernas-col-independencia-23-000
EB-VI3793,RENTA,departamento,Guadalajara,DEPARTAMENTOS de 1 RECAMARA EN VENTA Y Renta EN  PROVIDENCIA ZONA FINANCIERA,https://www.aciertamax.com/property/departamentos-en-torre-artea-zona-financiera
EB-VA4409,RENTA,oficina,Guadalajara,Renta de Oficinas Corporativas en Providencia,https://www.aciertamax.com/property/renta-de-oficinas-corporativas-en-providencia-colomos-providencia
EB-MF8325,RENTA,oficina,Guadalajara,RENTA DE OFICINA EN PROVIDENCIA,https://www.aciertamax.com/property/renta-de-oficina-en-providencia-colomos-providencia-guadalajara
EB-WZ2739,RENTA,departamento,Guadalajara,SE RENTA DEPARTAMENTO AMUEBLADO COL. MORAZ (FRENTE UAG (ICB),https://www.aciertamax.com/property/se-renta-departamento-amueblado-col-moraz-en-frenta-uag-icb
EB-WU5298,RENTA,departamento,Guadalajara,Departamento Amueblado en Renta en Coordenada Chapultepec – Colonia Americana,https://www.aciertamax.com/property/departamento-en-renta-en-coordenada-chapultepec-colonia-americana
EB-NU3456,RENTA,local comercial,Guadalajara,"Local  Planta baja renta Parque Agua Azul Guadalajara 180 m2 $22,500",https://www.aciertamax.com/property/local-renta-parque-agua-azul-guadalajara-210m2-48-300
EB-VB3196,RENTA,departamento,Guadalajara,Departamento amueblado en renta Colonia Americana. Planta Baja,https://www.aciertamax.com/property/departamento-amueblado-en-renta-colonia-americana-planta-baja
EB-WV8663,RENTA,departamento,Guadalajara,DEPARTAMENTO EN RENTA CERCA DE LA MINERVA | 1 RECÁMARA + 2 TERRAZAS.,https://www.aciertamax.com/property/departamento-en-renta-cerca-de-la-minerva-1-recamara-2-terrazas
EB-WR7963,RENTA,oficina,Guadalajara,INCREIBLE OFICINA EN RENTA DE CORPORATIVO EN CHAPALITA GUADALAJARA,https://www.aciertamax.com/property/increible-oficina-en-renta-de-corporativo-en-chapalita-guadalajara-chapalita-guadalajara
EB-WN7626,RENTA,oficina,Guadalajara,OFICINAS PRIVADAS EN RENTA EN PROVIDENCIA,https://www.aciertamax.com/property/oficinas-privadas-en-renta-en-providencia-italia-providencia-guadalajara
EB-WL9275,RENTA,local comercial,Guadalajara,"Local en Renta, Col, Centro, Guadalajara, Jal",https://www.aciertamax.com/property/local-en-renta-col-centro-guadalajara-jal
EB-SP6694,RENTA,local comercial,Guadalajara,Local en Renta,https://www.aciertamax.com/property/local-en-renta-san-juan-bosco-guadalajara
EB-WW1212,RENTA,departamento,Guadalajara,Departamento Recién Remodelado en Arcos Vallarta | Planta Baja,https://www.aciertamax.com/property/departamento-recien-remodelado-en-arcos-vallarta-planta-baja
EB-WT7643,RENTA,departamento,Guadalajara,DEPA AMUEBLADO 3 MIN MINERVA/AMERICANA,https://www.aciertamax.com/property/depa-amueblado-3-min-minerva-americana
EB-WM1451,RENTA,local comercial,Guadalajara,Local comercial en planta baja en Col. Americana,https://www.aciertamax.com/property/local-comercial-en-planta-baja-en-col-americana
EB-WJ8572,RENTA,local comercial,Guadalajara,CONSULTORIO EN RENTA EN COL. PROVIDENCIA,https://www.aciertamax.com/property/consultorio-en-renta-en-col-providencia
EB-XA7307,RENTA,departamento,Guadalajara,"Renta Departamento Colonia Americana | Torre TRIMERA | 2 Recámaras | $21,000",https://www.aciertamax.com/property/renta-departamento-colonia-americana-torre-trimera-2-recamaras-21-000
EB-WZ5171,RENTA,oficina,Guadalajara,"OFICINA EN RENTA, FRACC. ARBOLEDAS",https://www.aciertamax.com/property/oficina-en-renta-fracc-arboledas
EB-WZ2268,RENTA,departamento,Guadalajara,"Departamento en Brasilia 10 vista interior sur, piso 3, Colomos Providencia",https://www.aciertamax.com/property/departamento-en-brasilia-10-vista-interior-sur-piso-3-colomos-providencia
EB-WR6984,RENTA,local comercial,Guadalajara,Local comercial en renta Calz. Federalismo | Guadalajara,https://www.aciertamax.com/property/local-comercial-en-renta-calz-federalismo-guadalajara
EB-RL0722,RENTA,oficina,Guadalajara,OFICINA EN RENTA EN COLOMOS PROVIDENCIA GUADALAJARA,https://www.aciertamax.com/property/oficina-en-renta-en-colomos-providencia-guadalajara-0f671ac4-304f-48a2-bd14-3a92a97d5339
EB-XA2809,RENTA,terreno,Guadalajara,Terreno renta uso comercial La Loma Guadalajara,https://www.aciertamax.com/property/terreno-renta-uso-comercial-la-loma-guadalajara
EB-WG2919,RENTA,oficina,Guadalajara,"En Renta Consultorio equipado amueblado,  dentro de Clínica Médica",https://www.aciertamax.com/property/en-renta-consultorio-equipado-dentro-de-clinica-dermatologica
EB-KG0317,RENTA,oficina,Guadalajara,OFICINA EN RENTA EN PABLO NERUDA,https://www.aciertamax.com/property/oficina-en-renta-de-16-m2-en-pablo-neruda
EB-XA7947,RENTA,oficina,Guadalajara,Oficina 02 en renta – Torre Chapultepec Piso 19,https://www.aciertamax.com/property/oficina-02-en-renta-torre-chapultepec-piso-19
EB-XA3309,RENTA,casa,Guadalajara,"Casa en Renta, Col, Americana, Guadalajara, Jal",https://www.aciertamax.com/property/casa-en-renta-col-americana-guadalajara-jal
EB-WZ6665,RENTA,departamento,Guadalajara,Departamento en renta Acervo Residencial Mezquitan,https://www.aciertamax.com/property/departamento-en-renta-acervo-residencial-mezquitan
EB-WX9977,RENTA,casa,Guadalajara,"Casa Amueblada en coto cerca Centro Médico Guadalajara $20,000",https://www.aciertamax.com/property/casa-amueblada-en-coto-cerca-centro-medico-guadalajara-20-000
EB-WU6052,RENTA,departamento,Guadalajara,Depa tipo Loft amueblado en Renta Col. Americana,https://www.aciertamax.com/property/depa-tipo-loft-amueblado-en-renta-col-americana
EB-WP9116,RENTA,oficina,Guadalajara,🏢 OFICINA EN RENTA | COLONIA MODERNA,https://www.aciertamax.com/property/oficina-en-renta-colonia-moderna
EB-WI4817,RENTA,oficina,Guadalajara,"En Renta Consultorio equipado amueblado,  dentro de Clínica Médica",https://www.aciertamax.com/property/en-renta-consultorio-equipado-amueblado-dentro-de-clinica-medica
EB-VC5214,RENTA,departamento,Guadalajara,"Loft en renta en Círculo Francés, colonia Americana",https://www.aciertamax.com/property/loft-en-renta-en-circulo-frances-colonia-americana
EB-SU1038,RENTA,local en centro comercial,Guadalajara,SE RENTA LOCAL EN PLAZA COMERCIAL,https://www.aciertamax.com/property/se-renta-local-equipado-para-restaurant-bar
EB-SC8200,RENTA,local en centro comercial,Guadalajara,SE RENTA LOCAL EQUIPADO PARA RESTAURANT BAR,https://www.aciertamax.com/property/se-vende-local-equipado-para-restaurant-bar-san-juan-de-dios
EB-QL2116,RENTA,oficina,Guadalajara,Espacios para oficinas en Renta en Torre Chapultepec desde  20 mil mensuales,https://www.aciertamax.com/property/espacios-para-oficinas-en-renta-en-torre-chapultepec-desde-20-mil-mensuales
EB-WH4801,RENTA,oficina,Guadalajara,Oficinas en renta en planta alta en Prados Providencia,https://www.aciertamax.com/property/oficinas-en-renta-en-planta-alta-en-prados-providencia
EB-RL3185,RENTA,oficina,Guadalajara,OFICINA EN RENTA COLOMOS PROVIDENCIA,https://www.aciertamax.com/property/oficina-en-renta-colomos-providencia-b39b1d62-9626-4aca-9cad-f525c3745645
EB-WZ2922,RENTA,departamento,Guadalajara,SE RENTA DEPARTAMENTO AMUEBLADO AV. LOPEZ MATEOS (ITALIA PROVIDENCIA),https://www.aciertamax.com/property/se-renta-departamento-amueblado-av-lopez-mataeo-981-italia-providencia
EB-WV7984,RENTA,local en centro comercial,Guadalajara,LOCAL EN RENTA EN VILLADHARA,https://www.aciertamax.com/property/local-en-renta-en-villadhara
EB-VG6381,RENTA,local comercial,Guadalajara,LOCAL COMERCIAL EN EL CENTRO DE GUADALAJA  SOBRE AV.HIDALGO,https://www.aciertamax.com/property/local-comercial-en-el-centro-de-guadalaja-sobre-av-hidalgo
EB-UX5375,RENTA,local comercial,Guadalajara,LOCAL EN EL CENTRO DE GUADALAJARA,https://www.aciertamax.com/property/locales-comerciales-sobre-av-hidalgo-en-zona-centro-d4e10d39-2bd5-4b17-9f97-6bd8d034663a
EB-RN5557,RENTA,oficina,Guadalajara,Oficinas en renta en Manuel Acuña,https://www.aciertamax.com/property/se-rentan-locales-en-av-manuel-acuna-casi-lopez-mateos
EB-XA7009,RENTA,departamento,Guadalajara,Departamento Amueblado en Renta – Torre Margot | Zona Expo Guadalajara,https://www.aciertamax.com/property/departamento-amueblado-en-renta-torre-margot-zona-expo-guadalajara
EB-WZ4119,RENTA,departamento,Guadalajara,Departamento renta Arcos Vallarta Guadalajara,https://www.aciertamax.com/property/departamento-renta-arcos-vallarta-guadalajara-arcos-vallarta
EB-UQ6211,RENTA,local comercial,Guadalajara,"FRENTE AL HOSPITAL CIVIL VIEJO, SE RENTA LOCAL",https://www.aciertamax.com/property/frente-al-hospital-civil-viejo-se-renta-local
EB-SQ8239,RENTA,local comercial,Guadalajara,HOSPITAL CIVIL DE GDL LOCAL COMERCIAL EN RENTA,https://www.aciertamax.com/property/hospital-civil-de-gdl-local-comercial-en-renta
EB-QI3668,RENTA,local comercial,Guadalajara,"Se renta local comercial en ""Las 9 Esquinas""",https://www.aciertamax.com/property/se-renta-local-comercial-en-las-9-esquinas-guadalajara-centro
EB-OZ2326,RENTA,local comercial,Guadalajara,Renta de local comercial en Plaza Punto Chapultepec 480,https://www.aciertamax.com/property/renta-de-local-comercial-en-plaza-punto-chapultepec-480-2610dea3-2d09-47cb-9842-b709f1229646
EB-VY7942,RENTA,local comercial,Guadalajara,LOCAL EN RENTA FRENTE A CENTRO MEDICO DE OCCIDENTE,https://www.aciertamax.com/property/local-en-renta-frente-a-centro-medico-de-occidente
EB-VV7921,RENTA,oficina,Guadalajara,"OFICINA EN RENTA EN EDIFICIO CORPORATIVO, EN AV. VALLARTA Y UNION.",https://www.aciertamax.com/property/oficina-en-renta-en-edificio-corporativo-en-av-vallarta-y-union-arcos-vallarta
EB-TZ0181,RENTA,departamento,Guadalajara,Departamento en renta col. Americana Guadalajara,https://www.aciertamax.com/property/departamento-en-renta-col-americana-guadalajara-6fba1d73-e0af-48bb-a023-dc51ea2d25d2
EB-XA9138,RENTA,departamento,Guadalajara,LOFT EN RENTA COUNTRY CLUB GUADALAJARA,https://www.aciertamax.com/property/loft-en-renta-country-club-guadalajara
EB-XA9118,RENTA,departamento,Guadalajara,DEPARTAMENTO EN RENTA COUNTRY CLUB GUADALAJARA,https://www.aciertamax.com/property/departamento-en-renta-country-club-guadalajara-6bb28d06-643f-41c5-b804-b26932eb8d38
EB-XA5171,RENTA,departamento,Guadalajara,Departamento en renta en colonia Americana,https://www.aciertamax.com/property/departamento-en-renta-en-chapultepec-c810bb39-da57-43c6-b0b1-72c02068f5f1
EB-WT1234,RENTA,departamento,Guadalajara,RENTO DEPARTAMENTO AMUEBLADO EN LA MODERNA,https://www.aciertamax.com/property/rento-departamento-amueblado-en-la-moderna
EB-WS9261,RENTA,departamento,Guadalajara,"EN RENTA DEPARTAMENTO TIPO LOFT, COLONIA AMERICANA",https://www.aciertamax.com/property/em-renta-departamento-tipo-loft-colonia-americana
EB-WS7043,RENTA,departamento,Guadalajara,"EN RENTA DEPARTAMENTO TIPO LOFT, AMUEBLADO, COLONIA AMERICANA",https://www.aciertamax.com/property/en-renta-departamento-tipo-loft-amueblado-colonia-americana
EB-WR7937,RENTA,oficina,Guadalajara,INCREIBLE OFICINA EN RENTA DE CORPORATIVO EN CHAPALITA GUADALAJARA,https://www.aciertamax.com/property/increible-oficina-en-renta-de-corporativo-en-chapalita-guadalajara-chapalita
EB-TB9459,RENTA,oficina,Guadalajara,Consultorio 401C con baño privado Providencia,https://www.aciertamax.com/property/consultorio-401c-con-bano-privado-providencia
EB-PR3901,RENTA,departamento,Guadalajara,Departamento Arcos Vallarta,https://www.aciertamax.com/property/departamento-arcos-vallarta-arcos-vallarta-departamento
EB-WV0951,RENTA,oficina,Guadalajara,Consultorio 3 en Renta,https://www.aciertamax.com/property/consultorio-3-en-renta
EB-XA5542,RENTA,departamento,Guadalajara,"Departamento en renta, COLON INDUSTRIAL",https://www.aciertamax.com/property/departamento-en-renta-colon-industrial
EB-WZ3486,RENTA,departamento,Guadalajara,DEPARTAMENTO EN COLONIA VERDE VALLE,https://www.aciertamax.com/property/departamento-en-colonia-verde-valle
EB-WO6991,RENTA,departamento,Guadalajara,RENTA ESTRENANDO ZONA MINERVA,https://www.aciertamax.com/property/renta-estrenando-zona-minerva-jardines-del-bosque-norte
EB-PN1828,RENTA,departamento,Guadalajara,Loft en Edificio Inteligente con amenidades con o sin muebles,https://www.aciertamax.com/property/loft-en-edificio-inteligente-con-amenidades-con-o-sin-muebles-ayuntamiento
EB-WV0953,RENTA,oficina,Guadalajara,Consultorio 8 en Renta,https://www.aciertamax.com/property/consultorio-8-en-renta
EB-WN9097,RENTA,bodega comercial,Guadalajara,Se Renta Bodega Huentitan,https://www.aciertamax.com/property/se-renta-bodega-huentitan
EB-WA9004,RENTA,local comercial,Guadalajara,Local comercial a la Venta o Renta. Sta Teresita,https://www.aciertamax.com/property/local-comercial-a-la-venta-o-renta
EB-VO6563,RENTA,local comercial,Guadalajara,Local Comercial en Renta en Colomos Providencia,https://www.aciertamax.com/property/local-comercial-en-renta-en-colomos-providencia-colomos-providencia
EB-RD1819,RENTA,local comercial,Guadalajara,Local en RENTA en Colomos Providencia,https://www.aciertamax.com/property/local-en-renta-en-colomos-providencia-d7a1a525-6dfd-47e4-80f9-0c0cafdb8c9c
EB-XA9006,RENTA,oficina,Guadalajara,"Consultorio / oficina. De lujo en Providencia $17,00",https://www.aciertamax.com/property/consultorio-oficina-de-lujo-en-providencia-17-00
EB-WY0127,RENTA,departamento,Guadalajara,DEPARTAMENTO REMODELADO en RENTA PROVIDENCIA,https://www.aciertamax.com/property/departamento-remodelado-en-renta-providencia
EB-WW5189,RENTA,casa,Guadalajara,Casa en renta | Excelente ubicación a media cuadra del Estadio Jalisco,https://www.aciertamax.com/property/casa-en-renta-excelente-ubicacion-a-media-cuadra-del-estadio-jalisco
EB-WV0932,RENTA,oficina,Guadalajara,Consultorio 1 en Renta,https://www.aciertamax.com/property/consultorio-1-en-renta
EB-WU8986,RENTA,departamento,Guadalajara,"Departamento en renta, Gran San Rafael, Guadalajara, Jalisco.",https://www.aciertamax.com/property/departamento-en-renta-gran-san-rafael-guadalajara-jalisco-jardines-de-los-poetas-guadalajara
EB-XA0364,RENTA,departamento,Guadalajara,Departamento amueblado en renta en la americana Guadalajara,https://www.aciertamax.com/property/departamento-amueblado-en-renta-en-la-americana-guadalajara-americana-guadalajara
EB-VA2960,RENTA,local comercial,Guadalajara,"LOCAL A PIE DE HOTEL PLANTA BAJA, EN ARCOS VALLARTA",https://www.aciertamax.com/property/local-con-terraza-pre-renta-en-arcos-vallarta
EB-WZ2535,RENTA,departamento,Guadalajara,Departamento en Renta en Aurora Boreal | Rooftop y Balcón,https://www.aciertamax.com/property/departamento-en-renta-en-aurora-boreal-rooftop-y-balcon
EB-WT5332,RENTA,departamento,Guadalajara,DEPARTAMENTO EN RENTA PROVIDENCIA MIDTOWN GUADALAJARA JAL.,https://www.aciertamax.com/property/departamento-en-renta-providencia-midtown-guadalajara-jal
EB-WT5099,RENTA,departamento,Guadalajara,"EN RENTA DEPARTAMENTO ESTUDIO, COLONIA AMERICANA",https://www.aciertamax.com/property/en-renta-departamento-estudio-colonia-americana
EB-UQ2120,RENTA,departamento,Guadalajara,"Estudio en Renta, La Paz Neoliving en Arcos Vallarta",https://www.aciertamax.com/property/departamento-en-renta-la-paz-neoliving-en-arcos-vallarta
EB-QH2040,RENTA,departamento,Guadalajara,LOFT EN RENTA COUNTRY CLUB PROVIDENCIA MIDTOWN GUADALAJARA JAL.,https://www.aciertamax.com/property/loft-en-renta-country-club-providencia-midtown-guadalajara-jal
EB-WY3635,RENTA,departamento,Guadalajara,Departamento Amueblado en Renta en Planta Baja | Col. Santa Tere,https://www.aciertamax.com/property/departamento-amueblado-en-renta-en-planta-baja-col-americana
EB-WU8140,RENTA,departamento,Guadalajara,"EN RENTA DEPARTAMENTO TIPO ESTUDIO, AMUEBLADO, COLONIA AMERICANA",https://www.aciertamax.com/property/en-renta-departamento-tipo-estudio-amueblado-colonia-americana-americana
EB-WU6276,RENTA,casa,Guadalajara,Venta Casa 4 recámaras Álamo Industrial atrás de la Corona,https://www.aciertamax.com/property/venta-casa-4-recamaras-alamo-industrial-atras-de-la-corona
EB-WT2809,RENTA,departamento,Guadalajara,"EN RENTA DEPARTAMENTO TIPO LOFT, COLONIA AMERICANA",https://www.aciertamax.com/property/en-renta-departamento-tipo-loft-colonia-americana-americana
EB-WT2425,RENTA,departamento,Guadalajara,Departamento en Renta en Providencia,https://www.aciertamax.com/property/departamento-en-renta-en-providencia-6ab3c6e1-3cc9-4c84-8f86-e5d4def639f6
EB-WF0228,RENTA,local comercial,Guadalajara,"RENTA DE LOCAL EN LADRON DE GUEVARA, PLAZA LAS  AMÉRICAS",https://www.aciertamax.com/property/renta-de-local-en-ladron-de-guevara-plaza-las-americas-ladron-de-guevara
EB-NW5375,RENTA,local comercial,Guadalajara,Local en Renta en Calzada Independencia,https://www.aciertamax.com/property/local-en-renta-en-calzada-independencia-las-conchas
EB-WJ9680,RENTA,departamento,Guadalajara,Departamento nuevo en RENTA colonia El Retiro,https://www.aciertamax.com/property/departamento-nuevo-en-renta-colonia-el-retiro
EB-QQ5890,RENTA,oficina,Guadalajara,OFICINA EN RENTA A UNA CUADRA GLORIETA COLÓN,https://www.aciertamax.com/property/oficina-en-renta-a-una-cuadra-glorieta-colon
EB-WT0843,RENTA,local comercial,Guadalajara,NCREIBLE LOCAL COMERCIAL EN RENTA EN CORPORATIVO EN CHAPALITA GUADALAJARA,https://www.aciertamax.com/property/ncreible-local-comercial-en-renta-en-corporativo-en-chapalita-guadalajara
EB-WR7911,RENTA,local comercial,Guadalajara,INCREIBLE LOCAL COMERCIAL EN RENTA EN CORPORATIVO EN CHAPALITA GUADALAJARA,https://www.aciertamax.com/property/increible-oficina-en-renta-de-corporativo-en-chapalita-guadalajara
EB-XA8614,RENTA,departamento,Guadalajara,departamento loft en renta Chapultepec,https://www.aciertamax.com/property/departamento-loft-en-renta-chapultepec
EB-WW2082,RENTA,departamento,Guadalajara,Renata departamento AMUEBLADO en Almira Mirador Vertical. Huentitan el bajo.,https://www.aciertamax.com/property/volcan-babuyan-5739
EB-VI0327,RENTA,local comercial,Guadalajara,Oficinas y locales en renta en Manuel Acuña a 3 cuadras de Casa Jalisco,https://www.aciertamax.com/property/oficinas-y-locales-en-renta-en-manuel-acuna-a-2-cuadras-de-casa-jalisco
EB-PN1806,RENTA,departamento,Guadalajara,Loft en Edificio Inteligente con amenidades con o sin muebles,https://www.aciertamax.com/property/loft-en-edificio-inteligente-con-amenidades-con-o-sin-muebles-san-pedro-de-los-pinos
EB-WP2141,RENTA,local comercial,Guadalajara,Locales en Renta Torre Citi Tower,https://www.aciertamax.com/property/locales-en-renta-torre-citi-tower
EB-WZ3122,RENTA,departamento,Guadalajara,Loft en Espacio parques del country,https://www.aciertamax.com/property/loft-en-espacio-parques-del-country
EB-WV0956,RENTA,oficina,Guadalajara,Consultorio 10 en Renta,https://www.aciertamax.com/property/consultorio-10-en-renta
EB-WU7828,RENTA,departamento,Guadalajara,"LOFT AMUEBLADO, EN AV. HIDALGO 1402, A 1 CUADRA DE AV. CHAPULTEPEC",https://www.aciertamax.com/property/loft-amueblado-en-av-hidalgo-1402-a-1-cuadra-de-av-chapultepec
EB-WU4749,RENTA,oficina,Guadalajara,"Oficina en Avenida Rio Nilo en Tlaquepaque, Jalisco",https://www.aciertamax.com/property/oficina-en-renta-15-000-00-sobre-av-rio-nilo-en-tlaquepaque-jalisco
EB-KG0229,RENTA,oficina,Guadalajara,OFICINA EN RENTA EN PABLO NERUDA,https://www.aciertamax.com/property/oficina-en-renta-en-pablo-neruda-de-12-m2
EB-WX2294,RENTA,departamento,Guadalajara,Principia Living departamento nuevo en Renta a estrenar,https://www.aciertamax.com/property/principia-living-departamento-nuevo-en-renta-a-estrenar
EB-WZ6673,RENTA,casa en condominio,Guadalajara,Casa en Alto Sur Guadalajara,https://www.aciertamax.com/property/casa-en-alto-sur-guadalajara
EB-WZ5876,RENTA,departamento,Guadalajara,DEPARTAMENTO AMUEBLADO Y EQUIPADO EN RENTA EN HUENTITAN,https://www.aciertamax.com/property/departamento-amueblado-y-equipado-en-renta-en-huentitan
EB-VJ2764,RENTA,local comercial,Guadalajara,Local comercial 40 m2 cerca de Mercado de Abastos  en Jardines del Bosque,https://www.aciertamax.com/property/local-comercial-40-m2-cerca-de-mercado-de-abastos-en-jardines-del-bosque
EB-WX2755,RENTA,departamento,Guadalajara,Depto Amueblado  RENTA *Col. Americana,https://www.aciertamax.com/property/depto-amueblado-renta-col-americana
EB-WW7290,RENTA,departamento,Guadalajara,"En Renta, departamento nuevo",https://www.aciertamax.com/property/en-renta-departamento-nuevo-vistas-del-nilo
EB-WW5427,RENTA,departamento,Guadalajara,DEPARTAMENTO EN RENTA | COL. ARTESANOS,https://www.aciertamax.com/property/departamento-en-renta-col-artesanos-artesanos-departamento
EB-WW2479,RENTA,departamento,Guadalajara,Departamento en Renta Amueblado en Monraz,https://www.aciertamax.com/property/departamento-en-renta-amueblado-en-monraz-monraz
EB-UG9508,RENTA,local en centro comercial,Guadalajara,Local en renta en Plaza Fiesta Arboledas,https://www.aciertamax.com/property/local-en-renta-en-plaza-fiesta-arboledas-bosques-de-la-victoria
EB-TN8301,RENTA,oficina,Guadalajara,¡Oficina en renta por el Hotel Riu Guadalajara!,https://www.aciertamax.com/property/oficina-en-renta-por-el-hotel-riu-guadalajara
EB-TB9487,RENTA,oficina,Guadalajara,Consultorio 401E Providencia,https://www.aciertamax.com/property/consultorio-401e-providencia
EB-KI2992,RENTA,oficina,Guadalajara,Renta de consultorios zona minerva a 5 minutos de midtown,https://www.aciertamax.com/property/renta-de-consultorios-oficinas-en-renta-zona-minerva-a-5-minutos-de-midtown
EB-VZ0390,RENTA,local comercial,Guadalajara,Consultorio / Privado en Renta Planta Alta dentro de Núcleo de Belleza y Salud,https://www.aciertamax.com/property/consultorio-privado-en-renta-planta-alta-dentro-de-nucleo-de-belleza-y-salud
EB-WS2336,RENTA,oficina,Guadalajara,Se rentan oficinas en Plan de San Luis esquina Circunvalación,https://www.aciertamax.com/property/se-rentan-oficinas-en-plan-de-san-luis-esquina-circunvalacion-b76444ae-dbac-4040-96c1-1cd9b9dbb0f1
EB-WZ8430,RENTA,local comercial,Guadalajara,Local comercial Renta Zona San Juan De Dios de 18 metros. Abascal y Souza 119.,https://www.aciertamax.com/property/local-comercial-renta-zona-san-juan-de-dios-de-18-metros-abascal-y-souza-119
EB-PL6748,RENTA,local comercial,Guadalajara,Local en el centro de Guadalajara,https://www.aciertamax.com/property/local-en-el-centro-de-guadalajara-analco
EB-WZ8164,RENTA,casa,Guadalajara,Renta Casa Col. Santa Tere,https://www.aciertamax.com/property/renta-casa-col-santa-tere-capilla-de-jesus
EB-WZ2852,RENTA,departamento,Guadalajara,"DEPARTAMENTO EN RENTA EN PRIVADA CISNE, LOMAS DE INDEPENDENCIA",https://www.aciertamax.com/property/departamento-en-renta-en-privada-cisne-lomas-de-independencia
EB-WV6340,RENTA,bodega comercial,Guadalajara,Bodega en Renta Zona San Juan de Dios en Abascal y Souza 240 con 33 m²,https://www.aciertamax.com/property/bodega-en-renta-zona-san-juan-de-dios-en-abascal-y-souza-240-con-33-m
EB-WU6132,RENTA,departamento,Guadalajara,DEPA EN RENTA EN PRINCIPIA LIVING,https://www.aciertamax.com/property/depa-en-renta-en-principia-living
EB-WT1387,RENTA,departamento,Guadalajara,SE RENTA DEPARTAMENTO  NUEVO (PRINCIPIA LIVING)GUADALAJARA,https://www.aciertamax.com/property/se-renta-departamento-nuevo-principia-living-guadalajara
EB-RW2317,RENTA,oficina,Guadalajara,OFICINA EN RENTA EN LADRON DE GUEVARA,https://www.aciertamax.com/property/oficina-en-renta-en-ladron-de-guevara-781d6bf1-3782-4db7-95e7-005d4b8f8381
EB-WZ4946,RENTA,casa,Zapopan,Casa en Venta en El Campestre Residencial,https://www.aciertamax.com/property/casa-en-venta-en-el-campestre-residencial-d4255778-8ccf-4855-93a0-2b939d69e696
EB-VT0535,RENTA,nave industrial,Zapopan,NAVE INDUSTRIAL EN AV JUAN GIL PRECIADO,https://www.aciertamax.com/property/nave-industrial-en-av-juan-gil-preciado
EB-ID5221,RENTA,nave industrial,Zapopan,NAVE EN RENTA PARQUE INDUSTRIAL TESISTAN,https://www.aciertamax.com/property/nave-en-renta-parque-industrial-tesistan-iii
EB-WJ6157,RENTA,local comercial,Zapopan,LOCAL COMERCIAL EN RENTA  AV. VALLARTA ZONA DE AGENCIAS DE CARROS.,https://www.aciertamax.com/property/local-comercial-en-renta-av-vallarta-zona-de-agencias-de-carros
EB-VP9939,RENTA,bodega industrial,Zapopan,BODEGA EN RENTA EN LA VENTA DEL ASTILLERO,https://www.aciertamax.com/property/bodega-en-renta-en-la-venta-del-astillero-8b762ed0-cf71-4f1c-a9f3-405e52448526
EB-OX7460,RENTA,nave industrial,Zapopan,Nave industrial en Capithal Park Colotlan,https://www.aciertamax.com/property/nave-industrial-en-capithal-park-colotlan
EB-WI1211,RENTA,bodega industrial,Zapopan,BODEGAS INDUSTRIALES EN RENTA EN NEXTIPAC,https://www.aciertamax.com/property/bodegas-industriales-en-renta-en-nextipac-la-venta-del-astillero
EB-RR0900,RENTA,nave industrial,Zapopan,NAVE EN RENTA DENTRO DE PARQUE INDUSTRIAL,https://www.aciertamax.com/property/nave-en-renta-dentro-de-parque-industrial-nextipac
EB-WG1666,RENTA,nave industrial,Zapopan,NAVES EN RENTA EN CARR A NOGALES,https://www.aciertamax.com/property/naves-en-renta-en-carr-a-nogales-la-venta-del-astillero
EB-LB6272,RENTA,oficina,Zapopan,Oficina En Renta En Corporativo Dos Puntas Andares,https://www.aciertamax.com/property/oficina-en-renta-en-corporativo-dos-puntas-andares
EB-VS9482,RENTA,oficina,Zapopan,EDIFICIO DE OFICINAS AMUEBLADO EN RENTA EN CIUDAD GRANJA,https://www.aciertamax.com/property/edificio-de-oficinas-amueblado-en-renta-en-ciudad-granja-ciudad-granja
EB-VP8543,RENTA,edificio,Zapopan,EDIFICIO AMUEBLADO EN RENTA EN CIUDAD GRANJA,https://www.aciertamax.com/property/edificio-amueblado-en-renta-en-ciudad-granja-ciudad-granja
EB-LA4671,RENTA,local comercial,Zapopan,Local En Renta En Corporativo Dos  Puntas Andares,https://www.aciertamax.com/property/local-en-renta-en-corporativo-dos-puntas-andares
EB-QE2296,RENTA,oficina,Zapopan,OFICINA EN RENTA TORRE DIAMANTE,https://www.aciertamax.com/property/oficina-en-renta-torre-diamante
EB-OE2080,RENTA,nave industrial,Zapopan,Nave industrial ubicada en Capithal Park Colotlan,https://www.aciertamax.com/property/nave-industrial-ubicada-en-capithal-park-colotlan
EB-RH2828,RENTA,bodega industrial,Zapopan,RENTA DE BODEGA INDUSTRIAL EN NEXTIPAC,https://www.aciertamax.com/property/renta-de-bodega-industrial-en-nextipac
EB-WK0559,RENTA,local comercial,Zapopan,LOCAL COMERCIAL EN RENTA  AV. VALLARTA ZONA DE AGENCIAS DE CARROS.,https://www.aciertamax.com/property/local-comercial-en-renta-av-vallarta-zona-de-agencias-de-carros-camichines-vallarta-zapopan
EB-RX0624,RENTA,nave industrial,Zapopan,NAVE EN RENTA DENTRO DE PARQUE INDUSTRIAL,https://www.aciertamax.com/property/nave-en-renta-dentro-de-parque-industrial-nextipac-zapopan
EB-WK0555,RENTA,local comercial,Zapopan,LOCAL COMERCIAL EN RENTA  AV. VALLARTA ZONA DE AGENCIAS DE CARROS.,https://www.aciertamax.com/property/local-comercial-en-renta-av-vallarta-zona-de-agencias-de-carros-camichines-vallarta
EB-LA6856,RENTA,local comercial,Zapopan,Local En Renta En Corporativo Dos Puntas Andares,https://www.aciertamax.com/property/local-en-renta-en-corporativo-dos-puntas-andares-puerta-de-hierro-zapopan
EB-XA1754,RENTA,bodega industrial,Zapopan,Se renta amplia Nave Bodega Industrial en La venta del Astillero,https://www.aciertamax.com/property/se-renta-amplia-nave-bodega-industrial-en-la-venta-del-astillero
EB-WU5651,RENTA,bodega industrial,Zapopan,Nave/Bodega en renta,https://www.aciertamax.com/property/nave-bodega-en-renta
EB-RH1130,RENTA,nave industrial,Zapopan,"Nave en Renta en  la Venta del Astillero, Zapopan, Jalisco",https://www.aciertamax.com/property/nave-en-renta-en-la-venta-del-astillero-zapopan-jalisco
EB-UD5706,RENTA,bodega industrial,Zapopan,NAVE INDUSTRIAL EN RENTA PARQUE TESISTAN II,https://www.aciertamax.com/property/excelente-nave-industrial-en-parque-tesistan-ii-tesistan
EB-WJ2483,RENTA,bodega industrial,Zapopan,Bodegas en renta,https://www.aciertamax.com/property/bodegas-en-renta-nextipac
EB-VA4722,RENTA,bodega comercial,Zapopan,BODEGA EN RENTA EN ZONA REAL,https://www.aciertamax.com/property/bodega-en-renta-en-zona-real-santa-margarita
EB-LB6312,RENTA,oficina,Zapopan,Oficina En Renta En Corporativo Dos Puntas Andares,https://www.aciertamax.com/property/oficina-en-renta-en-corporativo-dos-puntas-andares-puerta-de-hierro
EB-VZ4163,RENTA,oficina,Zapopan,OFICINA EN RENTA EN JUAN PABLO II,https://www.aciertamax.com/property/oficina-en-renta-en-juan-pablo-ii
EB-VX4097,RENTA,oficina,Zapopan,Oficina corporativa en Juan Pablo ll,https://www.aciertamax.com/property/oficina-corporativa-en-el-centro-de-zapopan
EB-WV5527,RENTA,terreno industrial,Zapopan,Terreno en renta sobre Av. Vallarta,https://www.aciertamax.com/property/terreno-en-renta-sobre-av-vallarta-guadalajara-technology-park-terreno-industrial
EB-VF8642,RENTA,nave industrial,Zapopan,NAVE INDUSTRIAL EN VENTA LA VENTA DEL ASTILLERO ZAPOPAN JALISCO,https://www.aciertamax.com/property/nave-industrial-en-venta-la-venta-del-astillero-zapopan-jalisco
EB-ST1517,RENTA,nave industrial,Zapopan,"BODEGA EN RENTA EN ZAPOPAN, NORTE (NEXTIPARK BY KIVA)",https://www.aciertamax.com/property/bodega-en-renta-en-zapopan-norte-nextipark-by-kiva
EB-RX1690,RENTA,nave industrial,Zapopan,NAVE EN RENTA DENTRO DE PARQUE INDUSTRIAL,https://www.aciertamax.com/property/nave-en-renta-dentro-de-parque-industrial-nextipac-nave-industrial
EB-WN0399,RENTA,bodega industrial,Zapopan,NAVE EN PARQUE INDUSTRIAL AV. AVIACION,https://www.aciertamax.com/property/nave-en-parque-industrial-av-aviacion
EB-WQ1957,RENTA,local comercial,Zapopan,LOCAL COMERCIAL EN RENTA LOBBY 33,https://www.aciertamax.com/property/local-comercial-en-renta-lobby-33
EB-WR6213,RENTA,nave industrial,Zapopan,NAVE EN RENTA EN TESISTAN,https://www.aciertamax.com/property/nave-en-renta-en-tesistan
EB-FM6436,RENTA,nave industrial,Zapopan,NAVE EN RENTA EN PARQUE EN CARRETERA TESISTAN,https://www.aciertamax.com/property/nave-en-renta-en-parque-tesistan-iii-residencial-parques-de-tesistan-iii
EB-RA4150,RENTA,nave industrial,Zapopan,BODEGAS Y LOTES EN ZONA NEXTIPAC DE PRIMERA CLASE,https://www.aciertamax.com/property/bodegas-y-lotes-en-zona-nextipac-de-primera-clase-16ec5a71-3489-4def-8e15-2e5a6135b599
EB-VS9106,RENTA,local comercial,Zapopan,LOCAL EN RENTA TORRE BUCE EN AV. AMERICAS,https://www.aciertamax.com/property/local-comercial-torre-buce-en-av-americas
EB-WI1184,RENTA,bodega industrial,Zapopan,BODEGAS INDUSTRIALES EN RENTA EN NEXTIPAC,https://www.aciertamax.com/property/bodegas-industriales-en-renta-en-nextipac
EB-PI4637,RENTA,local comercial,Zapopan,Local Comercial en Renta,https://www.aciertamax.com/property/local-comercial-en-venta-renta-juan-manuel-vallarta
EB-WG1636,RENTA,nave industrial,Zapopan,NAVES EN RENTA EN CARR A NOGALES,https://www.aciertamax.com/property/naves-en-renta-en-carr-a-nogales
EB-WA5539,RENTA,oficina,Zapopan,Oficina en Renta Zona Andares,https://www.aciertamax.com/property/oficina-en-renta-zona-andares-ee8ef580-cdb3-4e85-975d-28b93c619d17
EB-VV5500,RENTA,oficina,Zapopan,Oficinas de lujo en Zona Andares,https://www.aciertamax.com/property/oficinas-de-lujo-en-zona-andares-a55a0501-82ed-4303-be86-532d9665a729
EB-VX6842,RENTA,bodega industrial,Zapopan,Bodega en renta López Mateos Sur,https://www.aciertamax.com/property/bodega-en-renta-lopez-mateos-sur-francisco-sarabia-zapopan
EB-UL5549,RENTA,nave industrial,Zapopan,BODEGA EN RENTA EN ELITE NEXTIPAC II,https://www.aciertamax.com/property/bodega-en-renta-en-elite-santa-lucia-i-santa-lucia
EB-TI8072,RENTA,oficina,Zapopan,Oficina en Renta - Zona Expo Guadalajara,https://www.aciertamax.com/property/oficina-acondicionada-a-unos-pasos-de-la-expo
EB-WN7847,RENTA,bodega industrial,Zapopan,Bodega en Renta en López Mateos Sur,https://www.aciertamax.com/property/bodega-en-renta-en-lopez-mateos-sur-francisco-sarabia-bodega-industrial
EB-WS9709,RENTA,nave industrial,Zapopan,NAVE EN RENTA EN AV. ANGEL LEAÑO,https://www.aciertamax.com/property/nave-en-renta-en-av-angel-leano
EB-VI9576,RENTA,bodega comercial,Zapopan,Bodega en Renta - Aldea Park,https://www.aciertamax.com/property/bodega-en-renta-aldea-park-la-venta-del-astillero
EB-VR7218,RENTA,bodega comercial,Zapopan,"BODEGA EN RENTA EN ZAPOPAN, NORTE (NEXTIPARK BY KIVA)",https://www.aciertamax.com/property/bodega-en-renta-en-zapopan-norte-nextipark-by-kiva-nextipac-zapopan
EB-WV3268,RENTA,local comercial,Zapopan,LOCAL EN RENTA DENTRO DE PLAZA DEL SOL,https://www.aciertamax.com/property/local-en-renta-dentro-de-plaza-del-sol-ciudad-del-sol
EB-LA6902,RENTA,local comercial,Zapopan,Local En Renta En Corporativo Dos Puntas Andares,https://www.aciertamax.com/property/local-en-renta-en-corporativo-dos-puntas-andares-puerta-de-hierro-local
EB-NK5408,RENTA,nave industrial,Zapopan,NAVE EN RENTA EN LA VENTA DEL ASTILLERO,https://www.aciertamax.com/property/nave-en-renta-en-la-venta-del-astillero-la-venta-del-astillero-zapopan
EB-VX7735,RENTA,oficina,Zapopan,Oficinas corporativas en Puerta de Hierro,https://www.aciertamax.com/property/oficinas-corporativas-en-puerta-de-hierro-puerta-de-hierro-zapopan
EB-CR5501,RENTA,oficina,Zapopan,RENTA DE OFICINA EN PUERTA DE HIERRO,https://www.aciertamax.com/property/oficina-business-center-en-puerta-de-hierro-zapopan
EB-VW1622,RENTA,bodega comercial,Zapopan,BODEGAS EN RENTA EN LOMAS DE ZAPOPAN,https://www.aciertamax.com/property/bodegas-en-renta-en-lomas-de-zapopan
EB-WS9819,RENTA,casa,Zapopan,BODEGA EN RENTA en Parque Industrial cerca de NEXTIPAC Y SANTA LUCIA,https://www.aciertamax.com/property/bodega-en-renta-en-parque-industrial-cerca-de-nextipac-y-santa-lucia
EB-WK8807,RENTA,oficina,Zapopan,OFICINAS EN RENTA EN PUERTAS DEL TULE GUADALAJARA,https://www.aciertamax.com/property/oficinas-en-renta-en-puertas-del-tule-guadalajara-puertas-del-tule
EB-WK3892,RENTA,oficina,Zapopan,OFICINAS EN RENTA EN PUERTAS DEL TULE GUADALAJARA,https://www.aciertamax.com/property/oficinas-en-renta-en-puertas-del-tule-guadalajara
EB-VW8887,RENTA,oficina,Zapopan,"OFICINAS EN RENTA PUERTAS DEL TULE, ZAPOPAN JALISCO",https://www.aciertamax.com/property/oficinas-en-renta-puertas-del-tule-zapopan-jalisco
EB-XA4471,RENTA,oficina,Zapopan,Oficinas en Renta en Av Patria,https://www.aciertamax.com/property/oficinas-en-renta-en-av-patria
EB-WS8671,RENTA,bodega comercial,Zapopan,Bodega Comercial en parque,https://www.aciertamax.com/property/bodega-comercial-en-parque
EB-VL6860,RENTA,bodega industrial,Zapopan,"EXCELENTE BODEGA DE 1,590 M2 EN AV. LOPEZ MATEOS DENTRO DE PARQUE INDUSTRIAL CAL",https://www.aciertamax.com/property/excelente-bodega-de-1-590-m2-en-av-lopez-mateos-dentro-de-parque-industrial-cal-francisco-sarabia-bodega-industrial
EB-UI0984,RENTA,oficina,Zapopan,OFICINA EN RENTA EN CORPORATIVO TERRACOTA,https://www.aciertamax.com/property/oficina-en-renta-en-corporativo-terracota-puertas-del-tule
EB-VW1453,RENTA,bodega comercial,Zapopan,BODEGA EN RENTA EN LOMAS DE ZAPOPAN,https://www.aciertamax.com/property/bodega-en-renta-en-lomas-de-zapopan-lomas-de-zapopan
EB-VS4538,RENTA,nave industrial,Zapopan,Bodega en Renta en Parque Industrial en Colotlán,https://www.aciertamax.com/property/bodegas-en-renta-en-parque-industrial-en-colotlan
EB-TU0192,RENTA,casa con uso de suelo,Zapopan,"PROPIEDAD COMERCIAL EN RENTA EN JARDINES DE SAN IGNACIO, ZAPOPAN",https://www.aciertamax.com/property/propiedad-comercial-en-renta-en-jardines-de-san-ignacio-zapopan
EB-WS8503,RENTA,bodega comercial,Zapopan,Bodega dentro de Parque Industrial,https://www.aciertamax.com/property/bodega-dentro-de-parque-industrial-francisco-sarabia
EB-TP4151,RENTA,bodega industrial,Zapopan,"BODEGA DE 1,516 M2 EN AV. LÓPEZ MATEOS SUR CASI CRUCE CON PERIFÉRICO",https://www.aciertamax.com/property/bodega-de-1-516-m2-en-av-lopez-mateos-sur-casi-cruce-con-periferico-en-conjunto
EB-VU2470,RENTA,oficina,Zapopan,Oficina acondicionada en puerta de hierro,https://www.aciertamax.com/property/oficina-acondicionada-en-puerta-de-hierro
EB-WN7287,RENTA,oficina,Zapopan,Oficina en Renta Zona Expo Gdl,https://www.aciertamax.com/property/oficina-en-renta-zona-expo-gdl
EB-VA4845,RENTA,bodega comercial,Zapopan,BODEGA EN RENTA EN ZONA REAL,https://www.aciertamax.com/property/bodega-en-renta-en-zona-real-santa-margarita-zapopan
EB-RU7581,RENTA,bodega industrial,Zapopan,BODEGA EN RENTA ZAPOPAN NORTE,https://www.aciertamax.com/property/bodega-en-renta-zapopan-norte-industrial-los-belenes
EB-VP9672,RENTA,bodega industrial,Zapopan,BODEGA EN RENTA EN LA VENTA DEL ASTILLERO,https://www.aciertamax.com/property/bodega-en-renta-en-la-venta-del-astillero-1650-m
EB-TI5076,RENTA,nave industrial,Zapopan,NAVE EN RENTA NUEVA GALICIA,https://www.aciertamax.com/property/nave-en-renta-nueva-galicia
EB-WF8865,RENTA,casa en condominio,Zapopan,Casa en Bosque de los Lagos!!!!,https://www.aciertamax.com/property/casa-en-bosque-de-los-lagos-bosque-de-los-lagos-zapopan
EB-VW2276,RENTA,bodega industrial,Zapopan,BODEGA EN RENTA LOMAS DE ZAPOPAN,https://www.aciertamax.com/property/bodega-en-renta-lomas-de-zapopan-lomas-de-zapopan
EB-WS8630,RENTA,nave industrial,Zapopan,NAVE EN RENTA EN CAPITHAL COLOTLAN,https://www.aciertamax.com/property/nave-en-renta-en-capithal-colotlan-parques-de-tesistan
EB-RA3405,RENTA,nave industrial,Zapopan,BODEGAS Y LOTES EN ZONA NEXTIPAC DE PRIMERA CLASE,https://www.aciertamax.com/property/bodegas-y-lotes-en-zona-nextipac-de-primera-clase-c07b59b7-2537-44df-8f17-e2f0907d621e
EB-WF2623,RENTA,bodega comercial,Zapopan,Increíble bodega para Cedis cerca de zona Andares Zapopan,https://www.aciertamax.com/property/increible-bodega-para-cedis-cerca-de-zona-andares-zapopan
EB-WO4500,RENTA,terreno comercial,Zapopan,"Terreno Comercial en Renta – Paseos del Sol, Zapopan, Jalisco",https://www.aciertamax.com/property/terreno-comercial-en-renta-paseos-del-sol-zapopan-jalisco
EB-WU7234,RENTA,nave industrial,Zapopan,NAVE EN RENTA PERIFÉRICO Y AV VALLARTA,https://www.aciertamax.com/property/nave-en-renta-periferico-y-av-vallarta
EB-PO3297,RENTA,nave industrial,Zapopan,NAVE EN RENTA EN PARQUE INDUSTRIAL TESISTAN,https://www.aciertamax.com/property/nave-en-renta-en-parque-industrial-tesistan
EB-QE3389,RENTA,oficina,Zapopan,OFICINA EN RENTA TORRE DIAMANTE,https://www.aciertamax.com/property/oficina-en-renta-torre-diamante-puerta-de-hierro-zapopan
EB-TU5707,RENTA,oficina,Zapopan,OFICINA EN RENTA CHAPALITA 690 GUADALAJARA  JALISCO,https://www.aciertamax.com/property/oficina-en-renta-chapalita-690-guadalajara-jalisco
EB-TL4185,RENTA,bodega comercial,Zapopan,"BODEGAS DE CAMARA FRIA EN RENTA EN BELENES, ZAPOPAN",https://www.aciertamax.com/property/bodegas-de-camara-fria-en-renta-en-belenes-zapopan
EB-WM5876,RENTA,casa,Zapopan,LOCAL EXTERIOR 01H a 03H HOTEL PRESIDENTE INTERCONTINENTAL CIUDAD DEL SOL GUADAL,https://www.aciertamax.com/property/local-exterior-01h-a-03h-hotel-presidente-intercontinental-ciudad-del-sol-guadal
EB-FI3106,RENTA,local comercial,Zapopan,Amplio local para restaurante en Plaza Picacho,https://www.aciertamax.com/property/amplio-local-para-restaurante-en-plaza-picacho
EB-UL5499,RENTA,nave industrial,Zapopan,BODEGA EN RENTA EN ELITE SANTA LUCIA I,https://www.aciertamax.com/property/bodega-en-renta-en-elite-santa-lucia-i
EB-VW1971,RENTA,bodega comercial,Zapopan,BODEGAS EN RENTA EN LOMAS DE ZAPOPAN,https://www.aciertamax.com/property/bodegas-en-renta-en-lomas-de-zapopan-lomas-de-zapopan
EB-UW9353,RENTA,local comercial,Zapopan,Local comercial en renta en la Estancia,https://www.aciertamax.com/property/local-comercial-en-renta-en-la-estancia
EB-WO5083,RENTA,bodega industrial,Zapopan,BODEGA EN RENTA EN SPRING PARK,https://www.aciertamax.com/property/bodega-en-renta-en-spring-park
EB-VP5164,RENTA,local comercial,Zapopan,Local comercial en ciudad granja,https://www.aciertamax.com/property/local-comercial-en-ciudad-granja-ciudad-granja-local-comercial
EB-UE3267,RENTA,casa con uso de suelo,Zapopan,Oficinas en renta en la Colonia Chapalita sobre avenida Guadalupe,https://www.aciertamax.com/property/oficinas-en-renta-en-la-colonia-chapalita-sobre-avenida-guadalupe
EB-VO0782,RENTA,local comercial,Zapopan,LOCAL en CIUDAD GRANJA Zapopan,https://www.aciertamax.com/property/local-en-ciudad-granja-zapopan-ciudad-granja
EB-VX4335,RENTA,oficina,Zapopan,Oficina Corporativa en Juan Pablo ll,https://www.aciertamax.com/property/oficina-corporativa-en-centro-de-zapopan
EB-WV3077,RENTA,bodega comercial,Zapopan,"Terreno Industrial en Renta de 2,740 M² Con 1,000 M² Techados y Amplio Patio",https://www.aciertamax.com/property/terreno-industrial-en-renta-de-2-740-m-con-1-000-m-techados-y-amplio-patio
EB-WN0601,RENTA,bodega industrial,Zapopan,NAVE EN PARQUE INDUSTRIAL AV. AVIACION,https://www.aciertamax.com/property/nave-en-parque-industrial-av-aviacion-indigena-san-juan-de-ocotan
EB-QE3802,RENTA,oficina,Zapopan,OFICINA EN RENTA TORRE DIAMANTE,https://www.aciertamax.com/property/oficina-en-renta-torre-diamante-puerta-de-hierro-oficina
EB-VQ4509,RENTA,oficina,Zapopan,Oficinas en renta en Dos Puntas Corporate Towers,https://www.aciertamax.com/property/oficinas-en-renta-en-dos-puntas-corporate-towers-9c8fc3d1-f636-494b-9cd8-7f8eef6f078b
EB-QS6752,RENTA,nave industrial,Zapopan,BODEGA EN RENTA EN CAPITHAL NEXTIPAC,https://www.aciertamax.com/property/bodega-en-renta-en-capithal-nextipac
EB-WV9914,RENTA,terreno industrial,Zapopan,Terreno con Bodega en Renta - Zona Agua Blanca Industrial,https://www.aciertamax.com/property/terreno-con-bodega-en-renta-zona-agua-blanca-industrial
EB-WV5295,RENTA,bodega industrial,Zapopan,Bodega en Renta con Patio de Maniobras - Zona Agua Blanca Industrial,https://www.aciertamax.com/property/bodega-en-renta-con-patio-de-maniobras-zona-agua-blanca-industrial-la-palmira
EB-WV5247,RENTA,bodega comercial,Zapopan,Bodega en Renta con Patio de Maniobras - Zona Agua Blanca Industrial,https://www.aciertamax.com/property/bodega-en-renta-con-patio-de-maniobras-zona-agua-blanca-industrial
EB-SV6951,RENTA,terreno,Zapopan,TERRENO EN VENTA EN ZAPOPAN CON USOS DE SUELO COMERCIAL O HABITACIONAL,https://www.aciertamax.com/property/terreno-en-venta-en-zapopan-con-usos-de-suelo-comercial-o-habitacional
EB-LS0536,RENTA,terreno,Zapopan,"Precioso terreno para desarrollo habitacional o bodegas  5,194 mts2",https://www.aciertamax.com/property/precioso-terreno-para-desarrollo-habitacional-o-bodeguitas-5-194-mts2
EB-TJ3242,RENTA,local comercial,Zapopan,LOCAL A EN RENTA CIUDAD DEL SOL GUADALAJARA,https://www.aciertamax.com/property/local-a-en-renta-ciudad-del-sol-guadalajara
EB-VX6969,RENTA,local comercial,Zapopan,Local comercial en Juan Pablo ll,https://www.aciertamax.com/property/local-comercial-en-juan-pablo-ll
EB-WM2121,RENTA,casa,Zapopan,"Casa Comercial en Renta sobre Avenida Guadalupe, Chapalita de Occidente, Zapopan",https://www.aciertamax.com/property/casa-comercial-en-renta-sobre-avenida-guadalupe-chapalita-de-occidente-zapopan
EB-RI4655,RENTA,local en centro comercial,Zapopan,LOCALES EN RENTA PLAZA ALADA VALLE REAL,https://www.aciertamax.com/property/locales-en-renta-plaza-alada-valle-real-valle-real
EB-RM1896,RENTA,local comercial,Zapopan,EXCELENTE LOCAL RENTA MEZANINE CON TAPANCO,https://www.aciertamax.com/property/excelente-local-renta-mezanine-con-tapanco-jardines-del-sol-local-comercial
EB-RK9470,RENTA,oficina,Zapopan,"Oficina en renta, Torre Evecorpad, Cd. del Sol, Zapopan, Jalisco. Oficina Corpor",https://www.aciertamax.com/property/oficina-en-renta-torre-evecorpad-cd-del-sol-zapopan-jalisco-oficina-corpor
EB-WB8239,RENTA,bodega industrial,Zapopan,Bodega Industrial en renta Capithal Park- Tesistán,https://www.aciertamax.com/property/bodega-industrial-en-renta-capithal-park-tesistan
EB-UW9713,RENTA,local comercial,Zapopan,Local comercial en renta en la Estancia,https://www.aciertamax.com/property/local-comercial-en-renta-en-la-estancia-la-estancia-zapopan
EB-VW1807,RENTA,bodega industrial,Zapopan,BODEGA EN RENTA LOMAS DE ZAPOPAN,https://www.aciertamax.com/property/bodega-en-renta-lomas-de-zapopan
EB-WD3493,RENTA,bodega industrial,Zapopan,BODEGA EN RENTA PARQUE TREX,https://www.aciertamax.com/property/bodega-en-renta-parque-trex-ii
EB-WL9560,RENTA,bodega industrial,Zapopan,Bodega en venta y renta TREX Industrial Park,https://www.aciertamax.com/property/bodega-en-renta-trex-industrial-park
EB-WG2129,RENTA,bodega comercial,Zapopan,Bodega en RENTA en Trex Nextipac,https://www.aciertamax.com/property/bodega-en-renta-en-trex-nextipac
EB-NE7613,RENTA,nave industrial,Zapopan,NAVE EN PERIFÉRICO Y AV. VALLARTA,https://www.aciertamax.com/property/nave-en-periferico-y-av-vallarta
EB-DJ4991,RENTA,oficina,Zapopan,Oficina a un lado de Mercado Andares,https://www.aciertamax.com/property/oficina-en-zona-puerta-de-hierro
EB-VM4933,RENTA,bodega industrial,Zapopan,"Renta Nave Industrial PREMIUM desde 1,070 m² | Sur Guadalajara a 6 min de Lopez",https://www.aciertamax.com/property/renta-nave-industrial-premium-desde-1-070-m-sur-guadalajara-a-6-min-de-lopez
EB-RH0651,RENTA,bodega industrial,Zapopan,Bodega en renta a estrenar en Aldea Park,https://www.aciertamax.com/property/bodega-en-renta-a-estrenar-en-aldea-park
EB-OB9754,RENTA,nave industrial,Zapopan,NAVE EN RENTA EN LA VENTA DEL ASTILLERO,https://www.aciertamax.com/property/nave-en-renta-en-la-venta-del-astillero-nextipac
EB-WQ1665,RENTA,casa,Zapopan,CASA AMUEBLADA EN RENTA COLINAS DE SAN JAVIER ZAPOPAN,https://www.aciertamax.com/property/casa-amueblada-en-renta-colinas-de-san-javier-zapopan
EB-QZ1337,RENTA,nave industrial,Zapopan,BODEGAS Y LOTES EN ZONA NEXTIPAC DE PRIMERA CLASE,https://www.aciertamax.com/property/bodegas-y-lotes-en-zona-nextipac-de-primera-clase
EB-VR7211,RENTA,bodega comercial,Zapopan,"BODEGA EN RENTA EN ZAPOPAN, NORTE (NEXTIPARK BY KIVA)",https://www.aciertamax.com/property/bodega-en-renta-en-zapopan-norte-nextipark-by-kiva-nextipac
EB-QE3354,RENTA,oficina,Zapopan,OFICINA EN RENTA TORRE DIAMANTE,https://www.aciertamax.com/property/oficina-en-renta-torre-diamante-puerta-de-hierro
EB-QF6561,RENTA,bodega comercial,Zapopan,RENTA DE BODEGA EN TLAJOMULCO NAVE 6,https://www.aciertamax.com/property/renta-de-bodega-en-tlajomulco-nave-6
EB-WA2718,RENTA,nave industrial,Zapopan,NAVE EN RENTA EN PARQUE INDUSTRIAL,https://www.aciertamax.com/property/nave-en-renta-en-parque-industrial-87b81ff6-dead-4b6b-b79d-d160e271dfac
EB-QX0365,RENTA,bodega industrial,Zapopan,BODEGA INDUSTRIAL EN RENTA EN SANTA LUCÍA,https://www.aciertamax.com/property/bodega-industrial-en-renta-en-santa-lucia-santa-lucia
EB-RA4159,RENTA,nave industrial,Zapopan,BODEGAS Y LOTES EN ZONA ZAPOPAN NORTE DE PRIMERA CLASE,https://www.aciertamax.com/property/bodegas-y-lotes-en-zona-zapopan-norte-de-primera-clase-santa-lucia
EB-OZ1994,RENTA,local comercial,Zapopan,Renta de local comercial en Plaza Urbania,https://www.aciertamax.com/property/renta-de-local-comercial-en-plaza-urbania-juan-manuel-vallarta
EB-VI9734,RENTA,oficina,Zapopan,OFICINA EN RENTA CIUDAD DEL SOL,https://www.aciertamax.com/property/renta-de-oficina-torre-meya
EB-XA2995,RENTA,casa en condominio,Zapopan,RESIDENCIAN  EN RENTA LAS CAÑADAS,https://www.aciertamax.com/property/residencian-en-renta-las-canadas
EB-WA5485,RENTA,oficina,Zapopan,Oficina en Renta Zona Andares,https://www.aciertamax.com/property/oficina-en-renta-zona-andares-ff13d320-c606-4bea-8baa-da303cff2868
EB-VW7597,RENTA,bodega industrial,Zapopan,"Bodega en renta, PARQUE INDUSTRIAL NEXTIPARK",https://www.aciertamax.com/property/bodega-en-renta-parque-industrial-nextipark
EB-RA3399,RENTA,nave industrial,Zapopan,BODEGAS Y LOTES EN ZONA NEXTIPAC DE PRIMERA CLASE,https://www.aciertamax.com/property/bodegas-y-lotes-en-zona-nextipac-de-primera-clase-e21c8333-fb27-4b5b-9532-8ca92281c1c9
EB-QW9197,RENTA,bodega industrial,Zapopan,BODEGA INDUSTRIAL EN RENTA EN NEXTIPAC,https://www.aciertamax.com/property/bodega-industrial-en-renta-en-nextipac-10729e01-d8c1-44a1-a7e6-c948347e3123
EB-RA3396,RENTA,nave industrial,Zapopan,BODEGAS Y LOTES EN ZONA NEXTIPAC DE PRIMERA CLASE,https://www.aciertamax.com/property/bodegas-y-lotes-en-zona-nextipac-de-primera-clase-5d03e34e-820b-4301-9c94-b5751b81391b
EB-VQ4252,RENTA,oficina,Zapopan,Oficinas en renta en Dos Puntas Corporate Towers SEMICONSTRUIDA,https://www.aciertamax.com/property/oficinas-en-renta-en-dos-puntas-corporate-towers-semiconstruida
EB-WZ8262,RENTA,bodega industrial,Zapopan,Bodega Industrial en Renta – El Colli,https://www.aciertamax.com/property/bodega-industrial-en-renta-el-colli-lomas-del-colli
EB-WQ7098,RENTA,bodega comercial,Zapopan,"Bodega en Renta,Col, el Triangulo, Zapopan, Jal",https://www.aciertamax.com/property/bodega-en-renta-col-el-triangulo-zapopan-jal
EB-TF9117,RENTA,oficina,Zapopan,Renta de Piso de Oficinas – 550 m² en el Norte de la Ciudad,https://www.aciertamax.com/property/renta-de-piso-de-oficinas-500-m-en-el-norte-de-la-ciudad
EB-SF4444,RENTA,nave industrial,Zapopan,NAVE INDUSTRIAL EN RENTA AVIACION ZAPOPAN JALISCO,https://www.aciertamax.com/property/bodega-en-renta-zapopan-jalisco-nuevo-mexico-bodega-industrial
EB-SF4442,RENTA,bodega industrial,Zapopan,BODEGA EN RENTA SOLARES ZAPOPAN JALISCO,https://www.aciertamax.com/property/bodega-en-renta-zapopan-jalisco-nuevo-mexico-zapopan
EB-QZ1343,RENTA,nave industrial,Zapopan,BODEGAS Y LOTES EN ZONA NEXTIPAC DE PRIMERA CLASE,https://www.aciertamax.com/property/bodegas-y-lotes-en-zona-nextipac-de-primera-clase-nextipac
EB-WS8242,RENTA,bodega comercial,Zapopan,Bodega comercial dentro de Parque,https://www.aciertamax.com/property/bodega-comercial-dentro-de-parque
EB-VN4659,RENTA,bodega comercial,Zapopan,En Renta Bodega NUEVA Parque Industrial NEXTIPARK,https://www.aciertamax.com/property/en-renta-bodega-parque-industrial-nextipark
EB-TD5954,RENTA,nave industrial,Zapopan,NAVE EN RENTA EN PARQUE INDUSTRIAL,https://www.aciertamax.com/property/nave-en-renta-en-parque-industrial-nextipac-zapopan
EB-VQ4219,RENTA,oficina,Zapopan,Oficinas en renta en Dos Puntas Corporate Towers,https://www.aciertamax.com/property/oficinas-en-renta-en-dos-puntas-corporate-towers-puerta-de-hierro-zapopan
EB-QH3470,RENTA,bodega comercial,Zapopan,AMPLIA BODEGA EN NEXTIPAC NAVE 14,https://www.aciertamax.com/property/amplia-bodega-en-nextipac-nave-14
EB-QZ1345,RENTA,nave industrial,Zapopan,BODEGAS Y LOTES EN ZONA NEXTIPAC DE PRIMERA CLASE,https://www.aciertamax.com/property/bodegas-y-lotes-en-zona-nextipac-de-primera-clase-nextipac-zapopan
EB-PQ5288,RENTA,nave industrial,Zapopan,NAVE EN RENTA EN LA VENTA DEL ASTILLERO,https://www.aciertamax.com/property/nave-en-renta-en-la-venta-del-astillero-nextipac-nave-industrial
EB-WN7298,RENTA,oficina,Zapopan,Oficina en Renta Zona Expo Gdl,https://www.aciertamax.com/property/oficina-en-renta-zaona-expo-gdl
EB-WT3609,RENTA,departamento,Zapopan,Landmark Reserve en Renta Amueblado,https://www.aciertamax.com/property/landmark-reserve-en-renta-amueblado
EB-PH9011,RENTA,oficina,Zapopan,Renta Oficinas  Zona Ciudad del sol Planta Baja,https://www.aciertamax.com/property/renta-oficinas-zona-ciudad-del-sol
EB-VR9443,RENTA,local comercial,Zapopan,"Local renta Planta alta 443m2  en $99, 137 en el Bajío Zapopan",https://www.aciertamax.com/property/local-renta-planta-alta-443m2-en-99-137-en-el-bajio-zapopan
EB-VQ4478,RENTA,oficina,Zapopan,Oficinas en renta en Dos Puntas Corporate Towers,https://www.aciertamax.com/property/oficinas-en-renta-en-dos-puntas-corporate-towers-79603316-54e2-441f-baaa-781aed2aae20
EB-WN0176,RENTA,nave industrial,Zapopan,NAVE DENTRO DE PARQUE INDUSTRIAL,https://www.aciertamax.com/property/nave-dentro-de-parque-industrial
EB-WT6555,RENTA,bodega industrial,Zapopan,Bodega en Renta para Almacenamiento sobre Carretera La Venta–Nextipac,https://www.aciertamax.com/property/bodega-en-renta-para-almacenamiento-sobre-carretera-la-venta-nextipac-el-campestre
EB-WT6536,RENTA,bodega industrial,Zapopan,Bodega en Renta para Almacenamiento sobre Carretera La Venta–Nextipac,https://www.aciertamax.com/property/bodega-en-renta-para-almacenamiento-sobre-carretera-la-venta-nextipac
EB-TF9462,RENTA,bodega comercial,Zapopan,NAVE EN RENTA EN PARQUE INDUSTRIAL,https://www.aciertamax.com/property/nave-en-renta-en-parque-industrial-colotlan-tesistan
EB-TO0822,RENTA,oficina,Zapopan,Oficinas en renta en Dos Puntas Corporate Towers,https://www.aciertamax.com/property/oficinas-en-renta-en-dos-puntas-corporate-towers-puerta-de-hierro
EB-WV7198,RENTA,oficina,Zapopan,"Oficina de Lujo en Renta en La Exclusiva Torre Celtis, Puerta de Hierro",https://www.aciertamax.com/property/oficina-de-lujo-en-renta-en-la-exclusiva-torre-celtis-puerta-de-hierro-puerta-de-hierro
EB-UZ6693,RENTA,oficina,Zapopan,"Oficinas Corporativas en Renta – Colonia Altamira, Frente al Bosque de Colomos",https://www.aciertamax.com/property/piso-de-oficinas-corporativas-en-renta-colonia-altamira-frente-al-bosque-de-c
EB-LZ1253,RENTA,nave industrial,Zapopan,NAVE EN RENTA EN PARQUE INDUSTRIAL,https://www.aciertamax.com/property/naves-en-renta-parque-industrial-colotlan
EB-UF3865,RENTA,local comercial,Zapopan,Local comercial en Plaza Pabellón,https://www.aciertamax.com/property/local-comercial-en-plaza-pabellon
EB-RI4681,RENTA,local en centro comercial,Zapopan,LOCAL EN RENTA PLAZA ALADA SHOPS VALLE REAL,https://www.aciertamax.com/property/local-en-renta-plaza-alada-shops-valle-real-valle-real
EB-TU5309,RENTA,oficina,Zapopan,OFICINA EN RENTA  TORRE ICON PUERTA DE HIERRO,https://www.aciertamax.com/property/oficina-en-renta-torre-icon-puerta-de-hierro
EB-UZ7773,RENTA,oficina,Zapopan,OFICINA TORRE ICON23 CORPORATIVO ANDARES,https://www.aciertamax.com/property/oficina-torre-icon23-corporativo-andares
EB-TK8488,RENTA,bodega industrial,Zapopan,Bodega en Parque Industrial en Renta,https://www.aciertamax.com/property/bodega-en-parque-industrial-en-renta-santa-lucia
EB-VD5659,RENTA,bodega comercial,Zapopan,Bodega en Topolobampo VENTA Y RENTA,https://www.aciertamax.com/property/bodega-en-topolobampo-venta-y-renta
EB-VD6373,RENTA,nave industrial,Zapopan,NAVE EN RENTA EN PARQUE INDUSTRIAL COLOTLAN,https://www.aciertamax.com/property/nave-en-renta-en-parque-industrial-colotlan-tesistan-nave-industrial
EB-WS9348,RENTA,casa,Zapopan,Casa en RENTA Colinas de San Javier a pie de Calle,https://www.aciertamax.com/property/casa-en-renta-colinas-de-san-javier-a-pie-de-calle
EB-WO6169,RENTA,bodega comercial,Zapopan,Bodega ubicada en unidad Administrativa las Aguilas,https://www.aciertamax.com/property/bodega-ubicada-en-unidad-administrativa-las-aguilas
EB-WA7288,RENTA,bodega industrial,Zapopan,Nave Industrial junto al Aeropuerto GDL,https://www.aciertamax.com/property/nave-industrial-junto-al-aeropuerto-gdl
EB-TN4199,RENTA,departamento,Zapopan,Departamento en renta Zona Andares,https://www.aciertamax.com/property/departamento-en-renta-zona-andares-96812cd7-5f1c-4aa7-afce-cfa316bd2805
EB-VQ4568,RENTA,oficina,Zapopan,Oficinas en renta en Dos Puntas Corporate Towers,https://www.aciertamax.com/property/oficinas-en-renta-en-dos-puntas-corporate-towers-a1960077-1388-4b5a-8eb0-8df77560d580
EB-RA7509,RENTA,nave industrial,Zapopan,BODEGAS Y LOTES EN ZONA ZAPOPAN NORTE DE PRIMERA CLASE,https://www.aciertamax.com/property/bodegas-y-lotes-en-zona-zapopan-norte-de-primera-clase-santa-lucia-zapopan
EB-KH7452,RENTA,local comercial,Zapopan,LOCAL EN RENTA COLINAS DE SAN JAVIER PA-E 312M2 GUADALAJARA JALISCO,https://www.aciertamax.com/property/local-pa-e-en-renta-plaza-pabellon
EB-TO0679,RENTA,oficina,Zapopan,Oficinas en renta en Dos puntas corporate towers,https://www.aciertamax.com/property/oficinas-en-renta-en-dos-puntas-corporate-towers
EB-KG3886,RENTA,local comercial,Zapopan,LOCAL EN RENTA COLINAS DE SAN JAVIER PB-7 186M2 GUADALAJARA JALISCO,https://www.aciertamax.com/property/local-en-renta-plaza-pabellon-colinas-de-san-javier-zapopan
EB-RD3263,RENTA,local comercial,Zapopan,Locales en Av. Aviación en Renta en planta baja y alta,https://www.aciertamax.com/property/locales-en-av-aviacion-en-renta
EB-VI1601,RENTA,local comercial,Zapopan,LOCAL EN RENTA ENTRE BOSQUES,https://www.aciertamax.com/property/local-en-renta-entre-bosques-valle-real
EB-PQ3313,RENTA,bodega comercial,Zapopan,Bodega en Capithal Park,https://www.aciertamax.com/property/bodega-en-capithal-park
EB-WG5710,RENTA,local comercial,Zapopan,Urge! Se TRASPASA! excelente RESTAURANTE operando AV. SANTA MARGARITA. ZONA REAL,https://www.aciertamax.com/property/se-traspasa-excelente-restaurante-operando-av-santa-margarita-zona-real
EB-RA3393,RENTA,nave industrial,Zapopan,BODEGAS Y LOTES EN ZONA NEXTIPAC DE PRIMERA CLASE,https://www.aciertamax.com/property/bodegas-y-lotes-en-zona-nextipac-de-primera-clase-d655843a-3e8c-41a5-b2a9-346e326d2295
EB-WV7227,RENTA,oficina,Zapopan,"Oficina de Lujo en Renta en La Exclusiva Torre Celtis, Puerta de Hierro",https://www.aciertamax.com/property/oficina-de-lujo-en-renta-en-la-exclusiva-torre-celtis-puerta-de-hierro-puerta-de-hierro-zapopan
EB-VQ4570,RENTA,oficina,Zapopan,Oficinas en renta en Dos Puntas Corporate Towers,https://www.aciertamax.com/property/oficinas-en-renta-en-dos-puntas-corporate-towers-d4f96648-5651-41e1-9e73-962cd9c2ecf8
EB-SE8633,RENTA,bodega comercial,Zapopan,RENTA DE BODEGA EN SANTA LUCIA,https://www.aciertamax.com/property/renta-de-bodega-en-santa-lucia
EB-TF9013,RENTA,oficina,Zapopan,OFICINA EN RENTA PARQUE INDUSTRIAL EN CUCBA,https://www.aciertamax.com/property/oficina-en-parque-industrial-en-cucba
EB-WS9361,RENTA,casa en condominio,Zapopan,Casa en Valle Real,https://www.aciertamax.com/property/casa-en-valle-real-be6b41f5-da07-4d00-9f76-f1e088a68c7d
EB-WM2898,RENTA,casa en condominio,Zapopan,"Residencia de lujo en Valle Real, Zapopan",https://www.aciertamax.com/property/residencia-de-lujo-en-valle-real-zapopan-valle-real
EB-NU5499,RENTA,casa en condominio,Zapopan,RENTA CASA VILLA CORAL,https://www.aciertamax.com/property/renta-casa-villa-coral
EB-WK8011,RENTA,nave industrial,Zapopan,NAVE EN RENTA/VENTA EN CAPITHAL PARK NEXTIPAC,https://www.aciertamax.com/property/nave-en-renta-venta-en-capithal-park-nextipac
EB-RA3392,RENTA,nave industrial,Zapopan,BODEGAS Y LOTES EN ZONA NEXTIPAC DE PRIMERA CLASE,https://www.aciertamax.com/property/bodegas-y-lotes-en-zona-nextipac-de-primera-clase-nextipac-nave-industrial
EB-QY4636,RENTA,bodega industrial,Zapopan,BODEGA INDUSTRIAL EN RENTA A EN NEXTIPAC,https://www.aciertamax.com/property/bodega-industrial-en-renta-a-unos-pasos-del-aeropuerto
EB-QW9120,RENTA,bodega industrial,Zapopan,BODEGA INDUSTRIAL EN RENTA EN NEXTIPAC,https://www.aciertamax.com/property/bodega-industrial-en-renta-en-nextipac-b04e02ff-fc61-4019-a2f3-4cfcb4f269d5
EB-WX2661,RENTA,local comercial,Zapopan,"Local Comercial sobre Avenida Beethoven y Rafael Sanzio, Colonia La Estancia",https://www.aciertamax.com/property/local-comercial-sobre-avenida-beethoven-y-rafael-sanzio-colonia-la-estancia
EB-WW3422,RENTA,casa,Zapopan,Casa en Renta- Circuito Madrigal,https://www.aciertamax.com/property/casa-en-renta-circuito-madrigal-san-wenceslao-zapopan
EB-VO7242,RENTA,departamento,Zapopan,Departamento En Renta En Legacy Andares,https://www.aciertamax.com/property/departamento-en-renta-en-legacy-andares-puerta-de-hierro-zapopan
EB-VJ0042,RENTA,bodega comercial,Zapopan,BODEGA EN RENTA EN CARR SALTILLO,https://www.aciertamax.com/property/bodega-en-renta-en-carr-saltillo
EB-UU9669,RENTA,local comercial,Zapopan,"Local en renta, Col. Loma Bonita, Zapopan, Jal.",https://www.aciertamax.com/property/local-en-renta-col-loma-bonita-zapopan-jal
EB-QP8050,RENTA,bodega industrial,Zapopan,BODEGA EN PARQUE INDUSTRIAL LOS MOLINOS,https://www.aciertamax.com/property/bodega-en-parque-industrial-los-molinos
EB-PG9574,RENTA,nave industrial,Zapopan,BODEGAS EN RENTA DENTRO DE PARQUE INDUSTRIAL,https://www.aciertamax.com/property/bodegas-en-renta-dentro-de-parque-industrial-los-molinos-zapopan
EB-RI4770,RENTA,local en centro comercial,Zapopan,LOCAL EN RENTA PLAZA ALADA VALLE REAL,https://www.aciertamax.com/property/local-en-renta-plaza-alada-valle-real-valle-real
EB-UX8459,RENTA,bodega comercial,Zapopan,"BODEGA PARQUE INDUSTRIAL NEXTIPARK, Zapopan, Jalisco.",https://www.aciertamax.com/property/bodega-en-renta-nave-industrial-nextipark-zapopan-jalisco
EB-XA6149,RENTA,bodega industrial,Zapopan,Bodegas en renta Parque Industrial,https://www.aciertamax.com/property/bodegas-en-renta-parque-industrial
EB-XA0638,RENTA,local comercial,Zapopan,Se renta local comercial sobre Avenida Clouthier,https://www.aciertamax.com/property/se-renta-local-comercial-sobre-avenida-clouthier-lomas-de-guadalupe-local-comercial
EB-WJ9969,RENTA,local comercial,Zapopan,Se renta local comercial sobre Avenida Clouthier,https://www.aciertamax.com/property/se-renta-local-comercial-sobre-avenida-clouthier-lomas-de-guadalupe-zapopan
EB-TN9267,RENTA,local comercial,Zapopan,Local Comercial sobre Av. Patria – Renta Ideal para Oficinas o Punto de Venta,https://www.aciertamax.com/property/local-comercial-sobre-av-patria-renta-ideal-para-oficinas-o-punto-de-venta
EB-WT1222,RENTA,casa,Zapopan,Colinas Virreyes Casa en Renta,https://www.aciertamax.com/property/colinas-virreyes-casa-en-renta-condominio-colinas-virreyes
EB-RZ8671,RENTA,local comercial,Zapopan,LOCAL EN RENTA ENTRE BOSQUES,https://www.aciertamax.com/property/local-en-renta-entre-bosques
EB-WX0577,RENTA,casa en condominio,Zapopan,RENTA casa en condominio Royal Country,https://www.aciertamax.com/property/renta-casa-en-condominio-royal-country-royal-country
EB-WU2367,RENTA,departamento,Zapopan,Landmark reserve piso 32,https://www.aciertamax.com/property/landmark-reserve-piso-32
EB-WS6036,RENTA,casa en condominio,Zapopan,Casa en renta en Valle Real,https://www.aciertamax.com/property/casa-en-renta-en-valle-real-de661596-ba0d-4cdb-9198-7bb9d502ada2
EB-VY0862,RENTA,bodega comercial,Zapopan,Renta Bodega a pie de calle en periférico Sur y López Mateos,https://www.aciertamax.com/property/renta-bodega-a-pie-de-calle-en-periferico-sur-y-lopez-mateos
EB-VD2906,RENTA,departamento,Zapopan,Departamento en Renta – Landmark Reserve Piso 27,https://www.aciertamax.com/property/departamento-en-renta-landmark-reserve-piso-33
EB-TB7967,RENTA,bodega industrial,Zapopan,Bodega Industrial - Comercial en Renta en Col. Villa de Guadalupe,https://www.aciertamax.com/property/bodega-industrial-comercial-en-renta-en-col-villa-de-guadalupe
EB-NH5925,RENTA,bodega comercial,Zapopan,Renta de Bodega en Ciudad Granja Zapopan,https://www.aciertamax.com/property/renta-de-bodega-en-ciudad-granja-zapopan
EB-MF8296,RENTA,oficina,Zapopan,OFICINA EN RENTA EN ANDARES,https://www.aciertamax.com/property/oficina-en-renta-en-andares
EB-TO0769,RENTA,oficina,Zapopan,Oficinas en renta en Dos Puntas Corporate Tower,https://www.aciertamax.com/property/oficinas-en-renta-a252aa6e-1ed5-45ef-a35f-ab5c29bdb41a
EB-OO8248,RENTA,local en centro comercial,Zapopan,Renta de local comercial en Plaza Urbania,https://www.aciertamax.com/property/locales-en-renta-en-plaza-urbania
EB-VO7834,RENTA,local comercial,Zapopan,LOCAL CON AMPLIA TERRAZA  A 2 CUADRAS DE UNIV. PANAMERICANA,https://www.aciertamax.com/property/local-con-amplia-terraza-frente-a-avenida-a-2-cuadras-de-univ-panamericana
EB-VZ9566,RENTA,departamento,Zapopan,Lujoso penthouse en renta en La toscana Valle real,https://www.aciertamax.com/property/lujoso-depa-en-renta-en-la-toscana-valle-real
EB-RA4156,RENTA,nave industrial,Zapopan,BODEGAS Y LOTES EN ZONA ZAPOPAN NORTE DE PRIMERA CLASE,https://www.aciertamax.com/property/bodegas-y-lotes-en-zona-zapopan-norte-de-primera-clase
EB-QX0169,RENTA,bodega industrial,Zapopan,BODEGA INDUSTRIAL EN RENTA EN SANTA LUCÍA,https://www.aciertamax.com/property/bodega-industrial-en-renta-en-santa-lucia
EB-WX2928,RENTA,bodega comercial,Zapopan,BODEGA EN RENTA EN EL COLLI URBANO,https://www.aciertamax.com/property/bodega-en-renta-en-el-colli-urbano-el-colli-urbano-1a-seccion-zapopan
EB-WW1351,RENTA,departamento,Zapopan,"Departamento Amueblado de Lujo en Renta ""The Landmark Reserve"" Puerta de Hierro",https://www.aciertamax.com/property/departamento-amueblado-de-lujo-en-renta-the-landmark-reserve-puerta-de-hierro
EB-VP5922,RENTA,departamento,Zapopan,"Departamento En Renta En Torre Aura Altitude, Puerta de Hierro",https://www.aciertamax.com/property/departamento-en-renta-en-torre-aura-altitude-puerta-de-hierro-puerta-de-hierro
EB-RK7225,RENTA,oficina,Zapopan,OFICINA EN RENTA EN LA AGUILAS,https://www.aciertamax.com/property/oficina-en-renta-en-la-aguilas-las-aguilas
EB-MF8039,RENTA,oficina,Zapopan,OFICINA EN RENTA EN PLAZA DEL SOL,https://www.aciertamax.com/property/oficinas-dentro-de-plaza-del-sol
EB-UI0905,RENTA,oficina,Zapopan,OFICINA EN RENTA EN CORPORATIVO TERRACOTA,https://www.aciertamax.com/property/oficina-en-renta-en-corporativo-terracota
EB-WQ4322,RENTA,terreno,Zapopan,TERRENO COMERCIAL por López Mateos,https://www.aciertamax.com/property/terreno-comercial-por-lopez-mateos-el-mante
EB-WP9383,RENTA,terreno comercial,Zapopan,TERRENO COMERCIAL por López Mateos,https://www.aciertamax.com/property/terreno-comercial-por-lopez-mateos
EB-WZ5795,RENTA,casa en condominio,Zapopan,Casa hermosa con vista a la barranca y amplio jardín en Virreyes Residencial,https://www.aciertamax.com/property/casa-en-renta-virreyes-amplio-jardin-y-espectacular-vista
EB-VG8208,RENTA,bodega comercial,Zapopan,Bodega en renta El Colli,https://www.aciertamax.com/property/bodega-comercial-en-renta-el-colli
EB-VH4145,RENTA,oficina,Zapopan,Espacio de oficina en Corporativo Zona San Miguel de la Colina,https://www.aciertamax.com/property/espacio-de-oficina-en-corporativo-zona-san-miguel-de-la-colina
EB-VR9442,RENTA,local comercial,Zapopan,"Local renta Planta alta 295m2  en $55,168 en el Bajío Zapopan",https://www.aciertamax.com/property/local-renta-planta-alta-295m2-en-55-168-en-el-bajio-zapopan
EB-VW8825,RENTA,oficina,Zapopan,"OFICINA EN RENTA PUERTAS DEL TULE, ZAPOPAN JALISCO",https://www.aciertamax.com/property/oficina-en-renta-puertas-del-tule-zapopan-jalisco
EB-WT9141,RENTA,departamento,Zapopan,Penthouse en renta y venta cerca de andares,https://www.aciertamax.com/property/penthouse-en-renta-y-venta-cerca-de-andares
EB-WT6060,RENTA,departamento,Zapopan,🏬 DEPARTAMENTO EN RENTA - THE LANDMARK RESERVE 🏬,https://www.aciertamax.com/property/departamento-en-renta-the-landmark-reserve-b9d32eff-eb7c-4433-8a5f-187ab8105be4
EB-WL0903,RENTA,casa con uso de suelo,Zapopan,Casa en Renta con Uso de Suelo Comercial,https://www.aciertamax.com/property/casa-en-renta-con-uso-de-suelo-comercial-vallarta-universidad
EB-VO8177,RENTA,bodega comercial,Zapopan,Bodega en venta Paraisos del Colli,https://www.aciertamax.com/property/bodega-en-venta-paraisos-del-colli-paraisos-del-colli-bodega-comercial
EB-WN6286,RENTA,local comercial,Zapopan,Rento local a 2 cuadras de Plaza del Sol en Av Obsidiana,https://www.aciertamax.com/property/rento-local-a-2-cuadras-de-plaza-del-sol-en-av-obsidiana
EB-KI2600,RENTA,local comercial,Zapopan,LOCAL EN RENTA COLINAS DE SAN JAVIER PB-15 177M2 GUADALAJARA JALISCO,https://www.aciertamax.com/property/renta-local-pb-15-plaza-pabellon
EB-WT6379,RENTA,casa en condominio,Zapopan,Casa en renta Campestre Los Pinos,https://www.aciertamax.com/property/casa-en-renta-campestre-los-pinos-campestre-los-pinos
EB-WR1704,RENTA,oficina,Zapopan,Oficina en RENTA en Aura Corporativo,https://www.aciertamax.com/property/oficina-en-renta-en-aurora-corporativo
EB-RI4694,RENTA,local en centro comercial,Zapopan,RENTA DE LOCALES PLAZA LADA SHOPS,https://www.aciertamax.com/property/renta-de-locales-plaza-lada-shops-valle-real
EB-WT2586,RENTA,departamento,Zapopan,"Departamento Amueblado en Renta, Ventura Vertical, West Ventura 400",https://www.aciertamax.com/property/departamento-amueblado-en-renta-puerta-del-valle-west-ventura-400
EB-VM6385,RENTA,local comercial,Zapopan,Local en Renta en Plaza Urbania,https://www.aciertamax.com/property/local-en-renta-en-plaza-urbania
EB-NT8092,RENTA,oficina,Zapopan,Oficina en Corporativo Zona San Miguel de la Colina,https://www.aciertamax.com/property/oficinas-corporativas-san-miguel-de-la-colina
EB-WK2582,RENTA,local comercial,Zapopan,"Locales comerciales en renta Av. Cloutier, por Av. Patria y Tepeyac, Zapopan, Ja",https://www.aciertamax.com/property/locales-comerciales-en-renta-av-cloutier-por-av-patria-y-tepeyac-zapopan-ja
EB-VZ5128,RENTA,bodega comercial,Zapopan,BODEGA EN RENTA EN LAS CAÑADAS,https://www.aciertamax.com/property/bodega-en-renta-en-las-canadas
EB-SH9554,RENTA,casa con uso de suelo,Zapopan,CASA CON USO DE SUELO COMERCIAL EN RENTA AV. JUAN PALOMAR,https://www.aciertamax.com/property/oficina-en-renta-sobre-av-juan-palomar-y-arias
EB-SB7180,RENTA,terreno,Zapopan,Terreno comercial en RENTA en Zapopan AV. FEDERALISMO NORTE,https://www.aciertamax.com/property/terreno-comercial-en-renta-en-zapopan-av-federalismo-norte
EB-WV5222,RENTA,departamento,Zapopan,Departamento en renta torre Opera,https://www.aciertamax.com/property/departamento-en-renta-torre-opera
EB-EJ4791,RENTA,local comercial,Zapopan,Se renta oficina o Local Comercial en Plaza Picacho a 5 min de la La Gran Plaza,https://www.aciertamax.com/property/se-renta-oficina-o-local-comercial-en-plaza-picacho
EB-VW8240,RENTA,oficina,Zapopan,"CONSULTORIO EN RENTA, TORRE MEDICA ACUEDUCTO",https://www.aciertamax.com/property/consultorio-en-renta-torre-medica-acueducto-puerta-de-hierro-oficina
EB-VJ9767,RENTA,local comercial,Zapopan,LOCALES EN PRERENTA CARR. COLOTLAN,https://www.aciertamax.com/property/locales-en-prerenta-carr-colotlan
EB-DS6861,RENTA,local comercial,Zapopan,LOCAL EN RENTA EN UBIKA BOREALES,https://www.aciertamax.com/property/locales-comerciales-en-renta-en-plaza-boreales-en-zapopan-francisco-villa
EB-VA2406,RENTA,local comercial,Zapopan,LOCAL EN PLANTA BAJA EN A DOS CUADRAS DE PLAZA DEL SOL,https://www.aciertamax.com/property/local-en-planta-baja-en-a-dos-cuadras-de-plaza-del-sol
EB-WS3899,RENTA,casa,Zapopan,Casa en renta en excelentes condiciones.,https://www.aciertamax.com/property/casa-en-renta-en-excelentes-condiciones-jardines-universidad
EB-WQ4356,RENTA,terreno,Zapopan,TERRENO COMERCIAL en el Colli,https://www.aciertamax.com/property/terreno-comercial-en-el-colli-el-colli-urbano-1a-seccion
EB-WQ3055,RENTA,terreno comercial,Zapopan,TERRENO COMERCIAL en el Colli,https://www.aciertamax.com/property/terreno-comercial-en-el-colli
EB-WY3648,RENTA,departamento,Zapopan,"Departamento de 366 m2 en renta, con alberca, sobre Av. Juan Palomar y Arias",https://www.aciertamax.com/property/depa-de-366-m2-renta-de-dos-pisos-alberca-sobre-av-juan-palomar-y-arias
EB-WV7644,RENTA,bodega comercial,Zapopan,Bodega en renta en Paraísos El Colli | Zapopan,https://www.aciertamax.com/property/bodega-en-renta-en-paraisos-el-colli-zapopan
EB-WS9876,RENTA,casa en condominio,Zapopan,"Departamento de 366 m2 en renta, alberca, sobre Av. Juan Palomar y Arias",https://www.aciertamax.com/property/depa-casa-de-366-m2-renta-de-dos-pisos-alberca-sobre-av-juan-palomar-y-arias-vallarta-universidad
EB-WS3763,RENTA,oficina,Zapopan,Casa acondicionada para oficinas a puerta cerrada,https://www.aciertamax.com/property/casa-acondicionada-para-oficinas-a-puerta-cerrada
EB-IX4309,RENTA,departamento,Zapopan,Lujoso departamento en andares,https://www.aciertamax.com/property/lujoso-departamento-en-andares
EB-WB8313,RENTA,oficina,Zapopan,"Oficina en renta a puerta cerrada, SAN WENCESLAO",https://www.aciertamax.com/property/oficina-en-renta-a-puerta-cerrada-san-wenceslao
EB-VQ4539,RENTA,oficina,Zapopan,Oficinas en renta en Dos Puntas Corporate Towers,https://www.aciertamax.com/property/oficinas-en-renta-en-dos-puntas-corporate-towers-7a78a21d-87ba-4eaf-b584-0b34b72bc0e7
EB-WQ3266,RENTA,oficina,Zapopan,OFICINA EN RENTA CORPORATIVO AMERICAS,https://www.aciertamax.com/property/oficina-en-renta-corporativo-americas
EB-UU4649,RENTA,terreno,Zapopan,Terreno Comercial en Renta,https://www.aciertamax.com/property/terreno-comercial-en-renta-la-cima
EB-KI5623,RENTA,local en centro comercial,Zapopan,LOCAL EN RENTA COLINAS DE SAN JAVIER PB9-129M2 GUADALAJARA JALISCO,https://www.aciertamax.com/property/renta-local-pb-9-plaza-pabellon
EB-XA0504,RENTA,casa en condominio,Zapopan,CASA EN VENTA O RENTA AMUEBLADA EN BUGAMBILIAS COTO VISTAS DEL SOL,https://www.aciertamax.com/property/casa-en-venta-o-renta-amueblada-en-bugambilias-coto-vistas-del-sol
EB-WZ5851,RENTA,departamento,Zapopan,PENTHOUSE EN RENTA,https://www.aciertamax.com/property/ph-en-renta-virreyes-residencial
EB-WW7445,RENTA,departamento,Zapopan,Departamento en RENTA en Giverny Acuarela Valle Real,https://www.aciertamax.com/property/departamento-en-renta-en-giverny-acuarela-valle-real
EB-WT7462,RENTA,departamento,Zapopan,Departamento amueblado de lujo en renta | Torre Zentral 2 | Zapopan,https://www.aciertamax.com/property/departamento-amueblado-de-lujo-en-renta-torre-zentral-2-zapopan
EB-WG6372,RENTA,edificio,Zapopan,"Espacio ideal para clínica, consultorios, escuela, cercano a Plaza Patria, Zap.",https://www.aciertamax.com/property/espacio-ideal-para-clinica-consultorios-escuela-cercano-a-plaza-patria-zap
EB-VR8963,RENTA,departamento,Zapopan,Departamento PH en renta en Zona Real Zapopan,https://www.aciertamax.com/property/departamento-ph-en-renta-en-zona-real-zapopan
EB-UH0245,RENTA,bodega comercial,Zapopan,BODEGA EN RENTA A METROS DE AV JUAN GIL PRECIADO,https://www.aciertamax.com/property/bodega-en-renta-a-metros-de-av-juan-gil-preciado
EB-TL1420,RENTA,terreno comercial,Zapopan,Se Renta Terreno Comercial,https://www.aciertamax.com/property/se-renta-terreno-comercial-altavista-residencial
EB-QD7683,RENTA,casa,Zapopan,"Casa amueblada en renta, Ciudad del Sol",https://www.aciertamax.com/property/casa-amueblada-en-renta-ciudad-del-sol-ciudad-del-sol
EB-WS5072,RENTA,departamento,Zapopan,DEPA a estrenar en renta Shoji Living Valle Real,https://www.aciertamax.com/property/depa-a-estrenar-en-renta-shoji-living-valle-real
EB-VW5171,RENTA,local comercial,Zapopan,"LOCAL EN RENTA PUERTAS DEL TULE, ZAPOPAN JALISCO",https://www.aciertamax.com/property/local-en-renta-puertas-del-tule-zapopan-jalisco
EB-WU7472,RENTA,departamento,Zapopan,DEPA AMUEBLADO EN RENTA EN LOBBY 33,https://www.aciertamax.com/property/depa-amueblado-en-renta-en-lobby-33
EB-WI2554,RENTA,oficina,Zapopan,Casa en Renta Ideal Para Oficinas Col Jardines Universidad,https://www.aciertamax.com/property/casa-en-renta-ideal-para-oficinas-col-jardines-universidad-jardines-universidad
EB-WI2515,RENTA,casa,Zapopan,Casa en Renta Ideal Para Oficinas Col Jardines Universidad,https://www.aciertamax.com/property/casa-en-renta-ideal-para-oficinas-col-jardines-universidad
EB-BW6673,RENTA,oficina,Zapopan,OFICINA COWORKING EN PUERTA DE HIERRO,https://www.aciertamax.com/property/oficina-business-center-en-puerta-de-hierro
EB-WR0582,RENTA,bodega comercial,Zapopan,"Bodega en renta en Santa Ana Tepetitlán, Zapopan – 400 m²",https://www.aciertamax.com/property/bodega-en-renta-en-santa-ana-tepetitlan-zapopan-400-m
EB-UR2366,RENTA,bodega industrial,Zapopan,BODEGA EN RENTA EN LA VENTA DEL ASTILLERO,https://www.aciertamax.com/property/bodega-en-renta-en-la-venta-del-astillero-pinar-de-la-venta
EB-WV2740,RENTA,departamento,Zapopan,Departamento amueblado en renta,https://www.aciertamax.com/property/departamento-amueblado-en-renta-residencial-poniente
EB-UW7418,RENTA,local comercial,Zapopan,Consultorio Médico Nuevo en Renta en Puerta de Hierro,https://www.aciertamax.com/property/consultorio-medico-nuevo-en-renta-en-puerta-de-hierro
EB-VA2929,RENTA,local comercial,Zapopan,AMPLIO LOCAL A DOS CUADRAS DE PLAZA DEL SOL,https://www.aciertamax.com/property/amplio-local-a-dos-cuadras-de-plaza-del-sol
EB-XA7197,RENTA,casa,Zapopan,"Casa con uso comercial en renta en Arcos Guadalupe, Zapopan.",https://www.aciertamax.com/property/casa-con-uso-comercial-en-renta-en-arcos-guadalupe-zapopan
EB-WZ3143,RENTA,nave industrial,Zapopan,NAVE INDUSTRIAL EN RENTA AVIACION ZAPOPAN,https://www.aciertamax.com/property/nave-industrial-en-renta-aviacion-zapopan
EB-WZ2561,RENTA,bodega comercial,Zapopan,BODEGA EN RENTA ZAPOPAN JALISCO,https://www.aciertamax.com/property/bodega-en-renta-zapopan-jalisco-nuevo-mexico-bodega-comercial
EB-SF4428,RENTA,bodega industrial,Zapopan,BODEGA EN RENTA SOLARES ZAPOPAN JALISCO,https://www.aciertamax.com/property/bodega-en-renta-zapopan-jalisco-nuevo-mexico
EB-WQ3329,RENTA,oficina,Zapopan,OFICINA EN RENTA CORPORATIVO AMERICAS,https://www.aciertamax.com/property/oficina-en-renta-corporativo-americas-jacarandas
EB-XA6993,RENTA,casa,Zapopan,CASA EN RENTA SOARE II EN SOLARES ZAPOPAN,https://www.aciertamax.com/property/casa-en-renta-soare-ii-en-solares-zapopan
EB-XA4955,RENTA,casa,Zapopan,Hermosa Residencia en Solares ✨ RENTA,https://www.aciertamax.com/property/hermosa-residencia-en-solares-renta
EB-WZ6613,RENTA,casa en condominio,Zapopan,Residencia en Solares de renta,https://www.aciertamax.com/property/residencia-en-solares-de-renta
EB-WV9664,RENTA,departamento,Zapopan,HERMOSO DEPARTAMENTO EN RENTA EN VALLE REAL SHOJI,https://www.aciertamax.com/property/shoji
EB-BZ2208,RENTA,casa,Zapopan,Casa muy bien ubicada para oficina cerca de Av. Patria y Av. Naciones.,https://www.aciertamax.com/property/casa-muy-bien-ubicada-para-oficina-o-familia-cerca-de-av-patria-y-av-naciones
EB-UJ4698,RENTA,bodega industrial,Zapopan,Estrena Bodega en Renta en La Venta del Astillero - Nextipac,https://www.aciertamax.com/property/nuevas-bodegas-en-renta-en-la-venta-del-astillero-nextipac
EB-CF0237,RENTA,oficina,Zapopan,OFICINA EN RENTA BUSINESS CENTER WERKSHOP,https://www.aciertamax.com/property/oficinas-business-center-en-acueducto
EB-WY0573,RENTA,casa,Zapopan,CASA NUEVA EN RENTA FRENTE A PARQUE | VALLE IMPERIAL,https://www.aciertamax.com/property/casa-nueva-en-renta-frente-a-parque-valle-imperial
EB-WV4232,RENTA,casa,Zapopan,"Casa en Renta por Av. Naciones Unidas, Coto Mallorca, Zapopan.",https://www.aciertamax.com/property/casa-en-renta-por-av-naciones-unidas-coto-mallorca-zapopan
EB-UY4715,RENTA,local comercial,Zapopan,RENTA LOCAL - NACIONES UNIDAS,https://www.aciertamax.com/property/renta-local-naciones-unidas
EB-UJ4704,RENTA,bodega comercial,Zapopan,Bodega en Renta en La Venta del Astillero - Nextipac,https://www.aciertamax.com/property/nuevas-bodegas-en-renta-en-la-venta-del-astillero-nextipac-la-venta-del-astillero
EB-WU6508,RENTA,departamento,Zapopan,Departamento en Renta en Torre del Prado en Zapopan,https://www.aciertamax.com/property/departamento-en-renta-en-torre-del-prado-en-zapopan
EB-WT4023,RENTA,casa en condominio,Zapopan,"Casa en renta ""COTO SOLE"" (TEC DE MTY)",https://www.aciertamax.com/property/casa-en-renta-coto-sole-tec-de-mty
EB-WN6745,RENTA,departamento,Zapopan,"DEPARTAMENTO EN RENTA,  PASEO ANDARES",https://www.aciertamax.com/property/departamento-en-renta-paseos-andares
EB-WB3723,RENTA,departamento,Zapopan,"Departamento En Renta En Cima Park 800, Zapopan",https://www.aciertamax.com/property/departamento-amueblado-en-renta-en-cima-park-800
EB-WB1458,RENTA,local comercial,Zapopan,Locales en Av. Aviación en Renta en planta baja y alta,https://www.aciertamax.com/property/locales-en-av-aviacion-en-renta-en-planta-baja-y-alta
EB-WZ1780,RENTA,departamento,Zapopan,Departamento Amueblado Zona Real South Ventura,https://www.aciertamax.com/property/departamento-amueblado-zona-real-south-ventura
EB-VA2884,RENTA,local comercial,Zapopan,LOCAL EN PLANTA BAJA A DOS CUADRAS DE PLAZA DEL SOL,https://www.aciertamax.com/property/local-en-planta-baja-a-dos-cuadras-de-plaza-del-sol
EB-XA2634,RENTA,local comercial,Zapopan,Renta de Local comercial em en esquina en avenida de alto flujo,https://www.aciertamax.com/property/renta-de-local-comercial-em-en-esquina-en-avenida-de-alto-flujo
EB-XA0461,RENTA,departamento,Zapopan,Departamento con vista a Andares en Lobby 33,https://www.aciertamax.com/property/departamento-con-vista-a-andares-en-lobby-33-puerta-de-hierro-zapopan
EB-WW7401,RENTA,departamento,Zapopan,"Departamento en Renta, Col, Valle Real, Zapopan , Jal",https://www.aciertamax.com/property/departamento-en-renta-col-valle-real-zapopan-jal
EB-WV2878,RENTA,departamento,Zapopan,Departamento en renta Torre de Prado,https://www.aciertamax.com/property/departamento-en-renta-torre-de-prado
EB-WV0664,RENTA,casa en condominio,Zapopan,Amplia casa en renta en Solares,https://www.aciertamax.com/property/amplia-casa-en-renta-en-solares-solares
EB-WT7002,RENTA,local comercial,Zapopan,¡LOCAL COMERCIAL EN RENTA EN PLAZA DE LA TECNOLOGÍA ITHAA!,https://www.aciertamax.com/property/local-comercial-en-renta-en-plaza-de-la-tecnologia-ithaa
EB-WP1011,RENTA,local comercial,Zapopan,"EXCELENTE LOCAL COMERCIAL 60 M2. EN RENTA, AV. PATRIA 163, PRADOS DE GPE.",https://www.aciertamax.com/property/excelente-local-comercial-60-m2-en-renta-av-patria-163-prados-de-gpe
EB-VZ4040,RENTA,oficina,Zapopan,OFICINA BUSINESS CENTER EN RENTA ZONA ANDARES,https://www.aciertamax.com/property/oficina-business-center-en-renta-zona-andares
EB-VW0842,RENTA,oficina,Zapopan,Oficinas de lujo en Zona Andares,https://www.aciertamax.com/property/oficinas-de-lujo-en-zona-andares-a7457938-780e-4ed8-ac9b-7db35245bae4
EB-NR8270,RENTA,oficina,Zapopan,RENTA DE OFICINAS A ESTRENAR EN JARDINES DEL VALLE,https://www.aciertamax.com/property/renta-de-oficinas-en-jardines-del-valle-jardines-del-valle
EB-IP0129,RENTA,local comercial,Zapopan,"Local Comercial En Planta Alta  Plaza Chapalita  $35,000",https://www.aciertamax.com/property/local-106m2-renta-plaza-san-ignacio-zona-chapalita-25-500
EB-VA2924,RENTA,local comercial,Zapopan,AMPLIO LOCAL EN PLAZA NUEVA RESIDENCIAL VICTORIA,https://www.aciertamax.com/property/amplio-local-en-plaza-nueva-residencial-victoria
EB-WR6905,RENTA,departamento,Zapopan,DEPARTAMENTO AMUEBLADO EN RENTA EN ZONA REAL CENTER,https://www.aciertamax.com/property/departamento-amueblado-en-renta-en-zona-real-center
EB-UR7979,RENTA,departamento,Zapopan,Departamento amueblado en renta en Real View Towers,https://www.aciertamax.com/property/departamento-amueblado-en-renta-en-real-view-towers-residencial-del-valle
EB-VH8857,RENTA,departamento,Zapopan,Departamento Amueblado y con Bodega en renta en Cosmocrat,https://www.aciertamax.com/property/depa-en-renta-en-cosmocrat
EB-WV9827,RENTA,departamento,Zapopan,Vitia Departamento en Renta,https://www.aciertamax.com/property/vitia-departamento-en-renta
EB-VI0315,RENTA,local comercial,Zapopan,Local comerciales en renta en Av. Federalismo,https://www.aciertamax.com/property/local-comerciales-en-renta-en-av-federalismo-la-palmita
EB-VP1556,RENTA,local comercial,Zapopan,LOCAL EN RENTA EN AV. FEDERALISMO,https://www.aciertamax.com/property/local-en-renta-en-av-federalismo-la-palmita-zapopan
EB-RM2025,RENTA,local en centro comercial,Zapopan,LOCAL EN RENTA PLAZA GUADALUPE INN,https://www.aciertamax.com/property/local-en-renta-plaza-guadalupe-inn-exitmex-local-en-centro-comercial
EB-IN7897,RENTA,casa,Zapopan,"CASA SEMINUEVA , CON ACABADOS DE LUJO",https://www.aciertamax.com/property/casa-nueva-con-acabados-de-lujo-santillana-parque-residencial
EB-RI6507,RENTA,local en centro comercial,Zapopan,RENTA DE LOCALES PLAZA ALADA,https://www.aciertamax.com/property/renta-de-locales-plaza-alada-valle-real
EB-WV7148,RENTA,departamento,Zapopan,DEPARTAMENTO AMUEBLADO EN RENTA,https://www.aciertamax.com/property/departamento-amueblado-en-renta-def4c3d0-dce1-494b-81bc-f25bfb4d122c
EB-WT1039,RENTA,casa en condominio,Zapopan,"CASA EN RENTA EN COTO ABEDUL, Parques Vallarta",https://www.aciertamax.com/property/casa-en-renta-en-coto-abedul-parques-vallarta
EB-VQ7291,RENTA,bodega comercial,Zapopan,BODEGA EN RENTA EL COLLI ZAPOPAN JALISCO,https://www.aciertamax.com/property/bodega-en-renta-el-colli-zapopan-jalisco-el-colli-urbano-1a-seccion
EB-XA0501,RENTA,departamento,Zapopan,Departamento en renta amueblado o sin amueblar en Torre Livorno,https://www.aciertamax.com/property/departamento-en-renta-amueblado-o-sin-amueblar-en-torre-livorno-lomas-altas-zapopan
EB-XA4842,RENTA,casa,Zapopan,Hermosa residencia en jardín real,https://www.aciertamax.com/property/casa-en-jardin-real-zapopan-renta-jardin-real
EB-WZ6640,RENTA,casa en condominio,Zapopan,Casa en Jardin Real Zapopan Renta,https://www.aciertamax.com/property/casa-en-jardin-real-zapopan-renta
EB-WZ3069,RENTA,departamento,Zapopan,Departamento en renta con espectacular vista en zona Andares,https://www.aciertamax.com/property/departamento-en-renta-con-espectacular-vista-en-zona-andares
EB-WV6548,RENTA,departamento,Zapopan,Hermoso departamento nuevo en Lirica estrena !!,https://www.aciertamax.com/property/hermoso-departamento-nuevo-en-lirica-estrena
EB-VA2378,RENTA,local comercial,Zapopan,LOCAL EN PLANTA BAJA A ESTRENAR EN RESIDENCIAL VICTORIA,https://www.aciertamax.com/property/local-en-planta-baja-a-estrenar-en-residencial-victoria
EB-XA0522,RENTA,departamento,Zapopan,"DEPARTAMENTO EN RENTA EN ZONA REAL, REAL VIEW TOWERS",https://www.aciertamax.com/property/departamento-en-renta-en-zona-real-real-view-towers
EB-WU8115,RENTA,casa en condominio,Zapopan,"RESIDENCIA EN RENTA EN BUGAMBILIAS, COTO BOSQUE. PADRISIMA!",https://www.aciertamax.com/property/residencia-en-renta-en-bugambilias-coto-bosque-padrisima
EB-WU2700,RENTA,casa en condominio,Zapopan,"Casa en renta en Solares, en coto Althea",https://www.aciertamax.com/property/casa-en-renta-en-solares-en-coto-althea
EB-WS2099,RENTA,casa,Zapopan,Casa en renta ideal para oficinas,https://www.aciertamax.com/property/casa-en-renta-ideal-para-oficinas-residencial-victoria
EB-TO0291,RENTA,casa en condominio,Zapopan,Casa en renta Bosques Vallarta,https://www.aciertamax.com/property/casa-en-renta-bosques-vallarta-de1a77e5-518d-4962-96f4-127af4dff390
EB-VR9440,RENTA,local comercial,Zapopan,"Local renta Planta baja 89.45m2  en $31,284 en el Bajío Zapopan",https://www.aciertamax.com/property/local-renta-planta-baja-89-45m2-en-31-284-en-el-bajio-zapopan
EB-WW3420,RENTA,departamento,Zapopan,Departamento en Renta zona Andares | Zapopan,https://www.aciertamax.com/property/departamento-en-renta-zona-andares-zapopan-puerta-de-hierro
EB-RI4754,RENTA,local en centro comercial,Zapopan,LOCAL EN RENTA PLAZA ALADA EN VALLE REAL,https://www.aciertamax.com/property/local-en-renta-plaza-alameda-valle-real-valle-real
EB-WZ5069,RENTA,casa,Zapopan,Casa en Renta en Solares Coto Althea,https://www.aciertamax.com/property/casa-en-renta-en-solares-coto-althea-solares-casa
EB-WX2535,RENTA,departamento,Zapopan,"Departamento en Renta en Torre Émile – Zona Real, Zapopan",https://www.aciertamax.com/property/departamento-en-renta-en-torre-emile-valle-real-zapopan-valle-real
EB-WW9156,RENTA,casa,Zapopan,"Casa en Renta con Estudio en PB y Roof Garden | Soare II, Solares",https://www.aciertamax.com/property/casa-en-renta-con-estudio-en-pb-y-roof-garden-soare-ii-solares
EB-WT1479,RENTA,departamento,Zapopan,Departamento en Renta en Urbania Zapopan,https://www.aciertamax.com/property/departamento-en-renta-en-urbania-zapopan-juan-manuel-vallarta-departamento
EB-WS3587,RENTA,local comercial,Zapopan,Consultorio en renta,https://www.aciertamax.com/property/consultorio-en-renta-capital-norte-local-comercial
EB-WS3571,RENTA,local comercial,Zapopan,Consultorio en renta,https://www.aciertamax.com/property/consultorio-en-renta-capital-norte
EB-WR9884,RENTA,departamento,Zapopan,Departamento en RENTA en Torre SHOJI,https://www.aciertamax.com/property/departamento-en-renta-en-torre-shoji-valle-real
EB-WR6374,RENTA,casa con uso de suelo,Zapopan,🏢 CORPORATIVO / OFICINAS EN RENTA | Col. El Briseño | Zapopan,https://www.aciertamax.com/property/corporativo-oficinas-en-renta-col-el-briseno-zapopan
EB-WJ8341,RENTA,oficina,Zapopan,Oficinas URBAN Workplace - NIVEL 3,https://www.aciertamax.com/property/oficinas-urban-workplace-nivel-3
EB-WJ2463,RENTA,bodega industrial,Zapopan,Bodega en Renta,https://www.aciertamax.com/property/bodega-en-renta-nextipac-zapopan
EB-SF7250,RENTA,terreno,Zapopan,Terreno comercial en renta Zapopan,https://www.aciertamax.com/property/terreno-comercial-en-renta-zapopan
EB-WX3755,RENTA,departamento,Zapopan,"Departamento en Renta en CIMA 200 – Valle Real, Zapopan",https://www.aciertamax.com/property/departamento-en-renta-en-cima-200-valle-real-zapopan-valle-real-zapopan
EB-WP4846,RENTA,departamento,Zapopan,Departamento en Renta en Lirica Towers en Zapopan,https://www.aciertamax.com/property/departamento-en-renta-en-lirica-towers-en-zapopan
EB-XA7896,RENTA,departamento,Zapopan,DEPARTAMENTO 2 RECAMARAS EN LOMAS ALTAS,https://www.aciertamax.com/property/departamento-2-recamaras-en-lomas-altas-lomas-altas
EB-WV1386,RENTA,departamento,Zapopan,Departamento Amueblado en renta zona Andares Zapopan,https://www.aciertamax.com/property/departamento-amueblado-en-renta-zona-andares-zapopan
EB-LX7064,RENTA,departamento,Zapopan,DEPARTAMENTO EN RENTA TORRE URBANIA,https://www.aciertamax.com/property/departamento-en-renta-torre-urbania-piso-11
EB-WS8684,RENTA,casa,Zapopan,Casa en Renta | Espacios Amplios y Gran Jardín | Valdepeñas,https://www.aciertamax.com/property/casa-en-renta-espacios-amplios-y-gran-jardin-valdepenas
EB-WS6377,RENTA,departamento,Zapopan,"DEPARTAMENTO EN RENTA | LIVA RESIDENCIAL | SOLARES, ZAPOPAN",https://www.aciertamax.com/property/departamento-en-renta-liva-residencial-solares-zapopan-solares
EB-VA2936,RENTA,local comercial,Zapopan,LOCAL A 2 MIN DE PLAZA DEL SOL TORRE BASSET,https://www.aciertamax.com/property/local-con-terraza-en-residencial-victoria
EB-WY0915,RENTA,local comercial,Zapopan,LOCAL EN PLANTA BAJA LISTO PARA OPERAR EN CD GRANJA,https://www.aciertamax.com/property/local-en-planta-baja-listo-para-operar-en-cd-granja
EB-WY1016,RENTA,casa,Zapopan,CASA EN RENTA | LA CIMA DE ZAPOPAN – COTO C,https://www.aciertamax.com/property/casa-en-renta-la-cima-de-zapopan-coto-c
EB-WT2821,RENTA,departamento,Zapopan,DEPARTAMENTO EN RENTA JARDINES UNIVERSIDAD,https://www.aciertamax.com/property/departamento-en-renta-jardines-universidas
EB-WZ2024,RENTA,departamento,Zapopan,Vertikale PH de 160 mts con terraza de mas de 30 mts2,https://www.aciertamax.com/property/vertikale-ph-de-160-mts-con-terraza-de-mas-de-30-mts2-ciudad-granja
EB-WW4000,RENTA,casa en condominio,Zapopan,FABULOSA RESIDENCIA RENTA AMUEBLADA EN LOS PINOSC,https://www.aciertamax.com/property/fabulosa-residencia-renta-amueblada-en-los-pinosc
EB-WT6083,RENTA,departamento,Zapopan,departamento muy amplio en zona seattle,https://www.aciertamax.com/property/departamento-muy-amplio-en-zona-seattle
EB-WT2739,RENTA,casa,Zapopan,"Casa en RENTA, LA ESTANCIA en Zapopan, Jalisco",https://www.aciertamax.com/property/casa-en-renta-la-estancia-en-zapopan-jalisco
EB-WT0098,RENTA,casa en condominio,Zapopan,Acogedora casa en renta en Ciudad Granja,https://www.aciertamax.com/property/acogedora-casa-en-renta-en-ciudad-granja
EB-WS7273,RENTA,casa en condominio,Zapopan,CASA EN RENTA EN VALLE IMPERIAL,https://www.aciertamax.com/property/casa-en-renta-en-valle-imperial-f91c4489-b05e-4b34-b42b-782e0c1ca168
EB-WK5950,RENTA,oficina,Zapopan,"Oficinas de Lujo en Renta en Puerta de Hierro, Zapopan, Jalisco",https://www.aciertamax.com/property/oficinas-de-lujo-en-renta-en-puerta-de-hierro-zapopan-jalisco
EB-PJ5772,RENTA,local comercial,Zapopan,Local en renta en el centro de Zapopan,https://www.aciertamax.com/property/local-en-renta-en-el-centro-de-zapopan-zapopan-centro
EB-WN0066,RENTA,oficina,Zapopan,"CONSULTORIO EN RENTA | TORRE MÉDICA  ACUEDUCTO  , PUERTA DE HIERRO",https://www.aciertamax.com/property/consultorio-en-renta-torre-medica-acueducto-puerta-de-hierro-puerta-de-hierro-zapopan
EB-VA2910,RENTA,local comercial,Zapopan,LOCAL EN PLAZA NUEVA RESIDENCIAL VICTORIA,https://www.aciertamax.com/property/local-en-plaza-nueva-residencial-victoria
EB-WK5980,RENTA,oficina,Zapopan,"Oficinas de Lujo en Renta en Puerta de Hierro, Zapopan, Jalisco",https://www.aciertamax.com/property/oficinas-de-lujo-en-renta-en-puerta-de-hierro-zapopan-jalisco-puerta-de-hierro
EB-VN4838,RENTA,local comercial,Zapopan,OPORTUNIDAD PARA EMPRESARIOS LOCAL EN RENTA PLANTA BAJA GUADALAJARA,https://www.aciertamax.com/property/oportunidad-para-empresarios-local-en-renta-planta-baja-guadalajara
EB-WZ8605,RENTA,casa,Zapopan,Casa en bugambilias 2da seccion,https://www.aciertamax.com/property/casa-en-bugambilias-2da-seccion-bugambilias
EB-WW7387,RENTA,oficina,Zapopan,Oficina en renta en Puerta de Hierro Corporativo,https://www.aciertamax.com/property/oficina-en-renta-en-puerta-de-hierro-corporativo
EB-WW6374,RENTA,departamento,Zapopan,"DEPARTAMENTO EN RENTA EN TORRE VENTURA – VALLE REAL, ZAPOPAN",https://www.aciertamax.com/property/departamento-en-renta-en-torre-ventura-valle-real-zapopan
EB-WU7385,RENTA,local comercial,Zapopan,"Local Comercial en Renta | Plaza Lapizlázuli, Col. Residencial Victoria",https://www.aciertamax.com/property/local-comercial-en-renta-plaza-lapizlazuli-col-residencial-victoria
EB-TM4416,RENTA,local comercial,Zapopan,LOCAL COMERCIAL EN VENTA/RENTA EN Valdepeñas,https://www.aciertamax.com/property/local-comercial-en-venta-renta-en-valdepenas
EB-LN8906,RENTA,departamento,Zapopan,Torre Bermeo (Ciudad Granja),https://www.aciertamax.com/property/departamentos-en-preventa-torre-bermeo-ciudad-granja
EB-EH0746,RENTA,departamento,Zapopan,Se renta Home en Distrito CUBE,https://www.aciertamax.com/property/departamento-en-distrito-cube-townhouse
EB-NC6877,RENTA,local comercial,Zapopan,LOCAL EN RENTA EN PLAZA ALEIRA,https://www.aciertamax.com/property/local-en-renta-en-plaza-aleira-el-tigre
EB-EW9277,RENTA,local comercial,Zapopan,RENTA DE LOCAL EN PLAZA UBIKA TECHNOLOGY PARK,https://www.aciertamax.com/property/rento-local-comercial-en-ubika-technology-park-rancho-contento
EB-WW0313,RENTA,departamento,Zapopan,¡VIVE A LO GRANDE! | DEPARTAMENTO EN NACIONES UNIDAS,https://www.aciertamax.com/property/vive-a-lo-grande-departamento-en-naciones-unidas
EB-WV3035,RENTA,departamento,Zapopan,ENORME DEPARTAMENTO EN RENTA EN JARDINES DE GUADALUPE ZAPOPAN,https://www.aciertamax.com/property/enorme-departamento-en-renta-en-jardines-de-guadalupe-zapopan-fraccionamiento-jardines-de-guadalupe-zapopan
EB-WK5985,RENTA,oficina,Zapopan,"Oficinas de Lujo en Renta en Puerta de Hierro, Zapopan, Jalisco",https://www.aciertamax.com/property/oficinas-de-lujo-en-renta-en-puerta-de-hierro-zapopan-jalisco-puerta-de-hierro-zapopan
EB-UG8371,RENTA,local comercial,Zapopan,Local en planta baja en Centro Comercial,https://www.aciertamax.com/property/local-en-planta-baja-en-centro-comercial
EB-WZ5802,RENTA,casa,Zapopan,"Lomas Universidad ""SE RENTA CASA. AMUEBLADA""",https://www.aciertamax.com/property/lomas-universidad-se-renta-casa
EB-WT8094,RENTA,departamento,Zapopan,"Departamento en Renta en Iconia, Piso 17, Torre Norte",https://www.aciertamax.com/property/departamento-en-renta-en-iconia-piso-17-torre-norte
EB-SB1325,RENTA,departamento,Zapopan,Departamento amueblado en renta en liva Solares,https://www.aciertamax.com/property/departamento-amueblado-en-renta-en-liva-solares
EB-QZ5708,RENTA,departamento,Zapopan,SE RENTA DEPARTAMENTO AMUEBLADO EN COLINAS DE SAN JAVIER,https://www.aciertamax.com/property/departamento-amueblado-en-renta-en-colinas-de-san-javier-colinas-de-san-javier-zapopan
EB-OZ0066,RENTA,departamento,Zapopan,RENTA DEPARTAMENTO AMUEBLADO,https://www.aciertamax.com/property/renta-departamento-amueblado-puerta-de-hierro-zapopan
EB-RG5548,RENTA,local comercial,Zapopan,Local comerciales en renta en Av. Federalismo,https://www.aciertamax.com/property/local-comerciales-en-renta-en-av-federalismo
EB-WC6404,RENTA,oficina,Zapopan,Oficinas Ejecutivas Premium en Torre ICON 23,https://www.aciertamax.com/property/oficinas-ejecutivas-premium-en-torre-icon-23
EB-VA2367,RENTA,local comercial,Zapopan,LOCAL EN PLANTA BAJA EN RESIDENCIAL VICTORIA,https://www.aciertamax.com/property/local-en-planta-baja-en-residencial-victoria
EB-WI6592,RENTA,casa,Zapopan,"Casa en Renta en Colonia Miramar, Zapopan | Ideal para Oficinas, Consultorios o",https://www.aciertamax.com/property/casa-en-renta-en-colonia-miramar-zapopan-ideal-para-oficinas-consultorios-o
EB-WF8702,RENTA,oficina,Zapopan,CONSULTORIO EN RENTA - HOSPITAL REAL SAN JOSE VALLE REAL,https://www.aciertamax.com/property/consultorio-en-renta-hospital-real-san-jose-valle-real-residencial-poniente
EB-QM4052,RENTA,local comercial,Zapopan,Locales en renta en Av. Naciones Unidas,https://www.aciertamax.com/property/locales-en-renta-en-av-naciones-unidas
EB-KI1864,RENTA,local en centro comercial,Zapopan,"RENTA LOCAL 10-A ,PLAZA PABELLON",https://www.aciertamax.com/property/renta-local-10-a-plaza-pabellon
EB-XA7455,RENTA,casa en condominio,Zapopan,Casa en Renta en Condominio Encino | Valle Imperial,https://www.aciertamax.com/property/casa-en-renta-en-condominio-encino-valle-imperial
EB-XA0431,RENTA,casa en condominio,Zapopan,"Casa en renta en Coto H, La Cima de Zapopan. Con recámara y baño en planta baja",https://www.aciertamax.com/property/casa-en-renta-en-coto-h-la-cima-de-zapopan-con-recamara-y-bano-en-planta-baja-la-cima
EB-WT0912,RENTA,departamento,Zapopan,Departamento en Renta en Entrebosques,https://www.aciertamax.com/property/departamento-en-renta-en-zona-real-f458e271-8d13-4a94-8806-4f64563e7b43
EB-WS5701,RENTA,departamento,Zapopan,Departamento amueblado en renta We Solares,https://www.aciertamax.com/property/departamento-amueblado-en-renta-we-solares-solares
EB-WR0105,RENTA,bodega comercial,Zapopan,Bodega en Renta en el Colli,https://www.aciertamax.com/property/bodega-en-renta-en-el-colli-paraisos-del-colli
EB-WA5855,RENTA,departamento,Zapopan,Departamento en Renta Juan Palomar y Arias,https://www.aciertamax.com/property/departamento-en-renta-juan-palomar-y-arias-colinas-de-san-javier
EB-UW1326,RENTA,oficina,Zapopan,"CONSULTORIO EN RENTA | TORRE MÉDICA  ACUEDUCTO  , PUERTA DE HIERRO",https://www.aciertamax.com/property/consultorio-en-renta-torre-medica-acueducto-puerta-de-hierro-puerta-de-hierro
EB-WU3289,RENTA,local comercial,Zapopan,CONSULTORIO EN RENTA TORRE MEDICA ACUEDUCTO ZAPOPAN,https://www.aciertamax.com/property/consultorio-en-renta-torre-medica-acueducto-zapopan
EB-KI6205,RENTA,local comercial,Zapopan,LOCAL EN RENTA COLINAS DE SAN JAVIER PA10-11 87M2 GUADALAJARA JALISCO,https://www.aciertamax.com/property/renta-local-pa-10-y-11-en-plaza-pabellon
EB-UD7883,RENTA,local comercial,Zapopan,Local Comercial en Centro Comercial,https://www.aciertamax.com/property/local-comercial-en-centro-comercial-jardines-del-sol
EB-WV6074,RENTA,departamento,Zapopan,DEPARTAMENTO AMUEBLADO EN RENTA LIGHTHOUSE ZONA ANDARES ZAPOPAN,https://www.aciertamax.com/property/departamento-amueblado-en-renta-lighthouse-zona-andares-zapopan
EB-WU8981,RENTA,departamento,Zapopan,DEPARTAMENTO EN RENTA HYDEVIEW APARTMENTS EN JARDINES DE LA PATRIA ZAPOPAN,https://www.aciertamax.com/property/departamento-en-renta-hydeview-apartments-en-jardines-de-la-patria-zapopan
EB-WK5993,RENTA,oficina,Zapopan,"Oficinas de Lujo en Renta en Puerta de Hierro, Zapopan, Jalisco",https://www.aciertamax.com/property/oficinas-de-lujo-en-renta-en-puerta-de-hierro-zapopan-jalisco-puerta-de-hierro-oficina
EB-RV3165,RENTA,local en centro comercial,Zapopan,Local en Renta en Plaza Ciudadela,https://www.aciertamax.com/property/local-en-renta-en-plaza-ciudadela
EB-NC5987,RENTA,local comercial,Zapopan,LOCAL EN RENTA EN PLAZA ALEIRA,https://www.aciertamax.com/property/local-en-renta-en-plaza-aleira
EB-WZ9135,RENTA,departamento,Zapopan,DEPARTAMENTO EN RENTA | LIVA SOLARES | PISO 7 | 2 HAB | 2 BAÑOS,https://www.aciertamax.com/property/departamento-en-renta-liva-solares-piso-7-2-hab-2-banos
EB-WW4981,RENTA,departamento,Zapopan,"Departamento en renta en Liva Life Style, dentro de Solares Residencial, Zapopan",https://www.aciertamax.com/property/departamento-en-renta-en-liva-life-style-dentro-de-solares-residencial-zapopan
EB-WS6980,RENTA,casa en condominio,Zapopan,VIVE EN CIUDAD GRANJA EN COTO DE TAN SOLO 14 CASAS,https://www.aciertamax.com/property/vive-en-ciudad-granja-en-coto-de-tan-solo-14-casas
EB-VH4182,RENTA,oficina,Zapopan,Comodo Espacio de oficina en Corporativo Zona San Miguel de la Colina,https://www.aciertamax.com/property/comodo-espacio-de-oficina-en-corporativo-zona-san-miguel-de-la-colina
EB-WZ6734,RENTA,departamento,Zapopan,"Departamento Lomas Altas Livorno Zapopan amueblado $23,200",https://www.aciertamax.com/property/departamento-lomas-altas-livorno-zapopan-amueblado-23-200
EB-WZ5821,RENTA,casa,Zapopan,"Lomas Universidad ""SE RENTA CASA""",https://www.aciertamax.com/property/lomas-universidad-se-renta-casa-lomas-universidad
EB-WY1004,RENTA,casa,Zapopan,CASA EN RENTA 🏡,https://www.aciertamax.com/property/casa-en-renta-501d5eda-6e02-4a24-980f-1c4d59202074
EB-WU3081,RENTA,casa en condominio,Zapopan,"Casa en renta en Sendas Residencial, Zapopan",https://www.aciertamax.com/property/casa-en-renta-en-sendas-residencial-zapopan-sendas-residencial-zapopan
EB-WT1849,RENTA,departamento,Zapopan,Departamento amueblado en renta. Torre. Unión SQUARE,https://www.aciertamax.com/property/departamento-amueblado-en-renta-torre-union-square
EB-WT0083,RENTA,departamento,Zapopan,Se Renta Departamento Anuva Residencial,https://www.aciertamax.com/property/se-renta-departamento-anuva-residencial
EB-NY2169,RENTA,local comercial,Zapopan,LOCAL EN RENTA UBIKA MARIANO OTERO,https://www.aciertamax.com/property/local-en-renta-ubika-mariano-otero
EB-XA8861,RENTA,casa,Zapopan,"🏡 CASA EN PLANTA BAJA EN RENTA, JARDINES DEL SOL",https://www.aciertamax.com/property/casa-en-planta-baja-en-renta-jardines-del-sol
EB-WZ5219,RENTA,oficina,Zapopan,Oficina en renta Nuevo México cerca de Aviacion,https://www.aciertamax.com/property/oficina-en-renta-nuevo-mexico-cerca-de-aviacion
EB-WU4631,RENTA,departamento,Zapopan,"Departamento en Renta Cerca del parque Metropolitano, Torre Metropark, Zapopan",https://www.aciertamax.com/property/departamento-en-renta-cerca-del-parque-metropolitano-torre-metropark-zapopan
EB-QC6925,RENTA,local comercial,Zapopan,Rento local en Av. Santa Margarita,https://www.aciertamax.com/property/rento-local-en-av-santa-margarita-valle-real-zapopan
EB-WK5995,RENTA,oficina,Zapopan,"Oficinas de Lujo en Renta en Puerta de Hierro, Zapopan, Jalisco",https://www.aciertamax.com/property/oficinas-de-lujo-en-renta-en-puerta-de-hierro-zapopan-jalisco-43f8bfa8-f0b9-4175-8645-97b6249ad547
EB-VI1809,RENTA,local comercial,Zapopan,LOCAL EN RENTA EN AV. FEDERALISMO,https://www.aciertamax.com/property/local-en-renta-en-av-federalismo
EB-WZ1678,RENTA,casa,Zapopan,"CASA EN RENTA - EL REAL III, ZAPOPAN",https://www.aciertamax.com/property/casa-en-renta-el-real-iii-zapopan-el-real
EB-WW6801,RENTA,casa en condominio,Zapopan,CASA EN RENTA EN COTO PRIVADO | 3 RECÁMARAS,https://www.aciertamax.com/property/casa-en-renta-en-coto-privado-3-recamaras
EB-WU4880,RENTA,oficina,Zapopan,Oficina Colonia Chapalita,https://www.aciertamax.com/property/oficina-comercial-en-renta-planta-alta-col-chapalita-sobre-av-de-las-rosas-gu
EB-WU3101,RENTA,bodega comercial,Zapopan,Bodega en Renta Paraísos del Colli COMO NUEVA,https://www.aciertamax.com/property/bodega-en-renta-paraisos-del-colli-como-nueva
EB-WT6906,RENTA,casa,Zapopan,Casa en Renta en Paseos del Sol,https://www.aciertamax.com/property/casa-en-renta-en-paseos-del-sol-cede6b64-e858-430e-bb7d-6aaaf8f2d505
EB-WO8492,RENTA,local comercial,Zapopan,Local en Renta en PB - Zapopan Centro,https://www.aciertamax.com/property/local-en-renta-en-pb-zapopan-centro
EB-WO7808,RENTA,local comercial,Zapopan,Local en zona real,https://www.aciertamax.com/property/local-en-zona-real
EB-ON5347,RENTA,departamento,Zapopan,DEPARTAMENTO EN RENTA EN VIRREYES RESIDENCIAL,https://www.aciertamax.com/property/departamento-en-renta-en-virreyes-residencial-virreyes-residencial
EB-VK4025,RENTA,departamento,Zapopan,Departamento en Renta 1 Recámara Zona Real Real View,https://www.aciertamax.com/property/departamento-en-renta-1-recamara-zona-real-real-view
EB-WK5997,RENTA,oficina,Zapopan,"Oficinas de Lujo en Renta en Puerta de Hierro, Zapopan, Jalisco",https://www.aciertamax.com/property/oficinas-de-lujo-en-renta-en-puerta-de-hierro-zapopan-jalisco-9b4ec2f7-d044-4f3f-b344-75482f2d17ee
EB-WQ0153,RENTA,local comercial,Zapopan,Renta local en Aviación,https://www.aciertamax.com/property/renta-local-en-aviacion
EB-WK6002,RENTA,oficina,Zapopan,"Oficinas de Lujo en Renta en Puerta de Hierro, Zapopan, Jalisco",https://www.aciertamax.com/property/oficinas-de-lujo-en-renta-en-puerta-de-hierro-zapopan-jalisco-eaf2249a-d2eb-45d9-9456-ebe98f82bbd3
EB-VW8229,RENTA,oficina,Zapopan,"CONSULTORIO EN RENTA, TORRE MEDICA ACUEDUCTO",https://www.aciertamax.com/property/consultorio-en-renta-torre-medica-acueducto-puerta-de-hierro-zapopan
EB-VW8217,RENTA,oficina,Zapopan,"CONSULTORIO EN RENTA, TORRE MEDICA ACUEDUCTO",https://www.aciertamax.com/property/consultorio-en-renta-torre-medica-acueducto
EB-WZ2829,RENTA,departamento,Zapopan,DEPARTAMENTO EN RENTA EN PARQUE METROPOLITANO,https://www.aciertamax.com/property/departamento-en-renta-en-parque-metropolitano-rinconada-del-parque
EB-SK3866,RENTA,departamento,Zapopan,Departamento en venta  y rentan Av. Patria Zapopan Jalisco.,https://www.aciertamax.com/property/departamento-en-venta-en-mid-town-ayuntamiento
EB-QQ6467,RENTA,departamento,Zapopan,DEPARTAMENTO EN RENTA EN SOLARES EN LIVA FRIENDLY LIVING,https://www.aciertamax.com/property/departamento-en-renta-el-liva-friendly-living
EB-KG2785,RENTA,local comercial,Zapopan,LOCAL EN RENTA COLINAS DE SAN JAVIER PB10-58M2 GUADALAJARA JALISCO,https://www.aciertamax.com/property/renta-local-en-pabellon
EB-SS3664,RENTA,local comercial,Zapopan,LOCAL EN RENTA PLAZA ALEIRA,https://www.aciertamax.com/property/local-en-renta-plaza-aleira
EB-SZ6700,RENTA,local comercial,Zapopan,LOCAL EN RENTA EN PLAZA UBICA TECHNOLOGY PARK,https://www.aciertamax.com/property/local-en-renta-en-plaza-ubica-technology-park
EB-JQ0498,RENTA,local comercial,Zapopan,Locales comerciales en Plaza Technology Park,https://www.aciertamax.com/property/locales-comerciales-en-plaza-technology-park
EB-XA5283,RENTA,departamento,Zapopan,Estrena Depa a 3 minutos del Parque Metropolitano,https://www.aciertamax.com/property/estrena-depa-a-3-minutos-del-parque-metropolitano
EB-XA4332,RENTA,departamento,Zapopan,DEPARTAMENTO EN RENTA EN PABLO NERUDA AMUEBLADO,https://www.aciertamax.com/property/departamento-en-renta-en-pablo-neruda-amueblado
EB-WX0586,RENTA,local comercial,Zapopan,Consultorio en Renta en La Estancia,https://www.aciertamax.com/property/consultorio-en-renta-en-la-estancia-la-estancia
EB-WV6725,RENTA,casa,Zapopan,"Casa en  valle imperial, en coto, en sección bosques",https://www.aciertamax.com/property/casa-en-valle-imperial-en-coto-en-seccion-bosques
EB-WU6301,RENTA,casa,Zapopan,Casa en RENTA en el CAMPESTRE (coto BAKAL),https://www.aciertamax.com/property/casa-en-renta-en-el-campestre-coto-bakal
EB-WU2759,RENTA,casa en condominio,Zapopan,Casa en renta en Madeiras - Valle Imperial,https://www.aciertamax.com/property/casa-en-renta-en-madeiras-valle-imperial-valle-imperial
EB-WG6406,RENTA,casa en condominio,Zapopan,Casa en Renta  frente a Amenidades en Alva Residencial,https://www.aciertamax.com/property/casa-en-renta-frente-a-amenidades-en-alva-residencial
EB-UU1472,RENTA,casa en condominio,Zapopan,Casa dentro de Fracc.  en renta en el Sur,https://www.aciertamax.com/property/casa-amueblada-dentro-de-fracc-en-renta-en-el-sur
EB-WV0615,RENTA,casa en condominio,Zapopan,Casa altavista,https://www.aciertamax.com/property/casa-altavista-altavista-residencial-zapopan
EB-WZ9991,RENTA,departamento,Zapopan,Departamento en Renta,https://www.aciertamax.com/property/departamento-en-renta-zapopan-centro-zapopan
EB-WK6007,RENTA,oficina,Zapopan,"Oficinas de Lujo en Renta en Puerta de Hierro, Zapopan, Jalisco",https://www.aciertamax.com/property/oficinas-de-lujo-en-renta-en-puerta-de-hierro-zapopan-jalisco-38e03d49-82a4-431c-be39-b208fff62214
EB-XA0105,RENTA,departamento,Zapopan,Departamento en renta Col Patria universidad / con o sin muebles,https://www.aciertamax.com/property/departamento-en-renta-col-patria-universidad-con-o-sin-muebles-la-patria-universidad
EB-WN2673,RENTA,local comercial,Zapopan,"CONSULTORIO EN RENTA - CAPITAL NORTE, ZAPOPAN",https://www.aciertamax.com/property/consultorio-en-renta-capital-norte-zapopan
EB-UB1703,RENTA,local comercial,Zapopan,Locales comerciales en Renta en Av. Mariano Otero,https://www.aciertamax.com/property/locales-comerciales-en-renta-en-av-mariano-otero-arenales-tapatios
EB-WY1405,RENTA,departamento,Zapopan,"Departamento en Renta en Torre Soare, Solares",https://www.aciertamax.com/property/departamento-en-renta-en-torre-soare-solares-solares-departamento
EB-WW1933,RENTA,casa,Zapopan,CASA EN RENTA EN CAPITAL NORTE (zona Valle Imperial),https://www.aciertamax.com/property/casa-en-renta-en-capital-norte-b552705d-714e-409b-a885-2e05ff7ace9f
EB-WV2564,RENTA,departamento,Zapopan,Departamento en Renta Amueblado Cerca de Zapopan Centro,https://www.aciertamax.com/property/departamento-en-renta-amueblado-cerca-de-zapopan-centro
EB-WS9025,RENTA,departamento,Zapopan,Departamento amueblado en renta. UNIÓN SQUARE,https://www.aciertamax.com/property/departamento-amueblado-en-renta-union-square
EB-WN8955,RENTA,local comercial,Zapopan,"Consultorio Médico en Renta – Centro Médico Puerta de Hierro Andares, Zapopan",https://www.aciertamax.com/property/consultorio-medico-en-renta-centro-medico-puerta-de-hierro-andares-zapopan
EB-XA4371,RENTA,departamento,Zapopan,"Departamento en Renta, Col, Colli Urbano",https://www.aciertamax.com/property/departamento-en-renta-col-colli-urbano
EB-UT5871,RENTA,departamento,Zapopan,"Renta de departamento en Biosfera Living Tower, Valdepeñas, boreales, Zapopan",https://www.aciertamax.com/property/renta-de-departamento-en-biosfera-living-tower-valdepenas-boreales-zapopan
EB-RL0899,RENTA,departamento,Zapopan,"DEPARTAMENTO EN VENTA TORRE PLENITUD, ZONA REAL",https://www.aciertamax.com/property/departamento-en-venta-torre-plenitud-zona-real
EB-MF8070,RENTA,oficina,Zapopan,OFICINA EN RENTA AV. ACUEDUCTO,https://www.aciertamax.com/property/oficina-en-renta-av-acueducto-puerta-de-hierro
EB-XA0634,RENTA,departamento,Zapopan,DEPARTAMENTO EN RENTA | PUNTO PANAMERICANO | PISO 9 | IDEAL ESTUDIANTES UP / PRO,https://www.aciertamax.com/property/departamento-en-renta-punto-panamericano-piso-9-ideal-estudiantes-up-pro
EB-WZ1578,RENTA,departamento,Zapopan,"RENTA DEPARTAMENTO UNIVA, PLAZA DEL SOL, DISTRITO LA PERLA",https://www.aciertamax.com/property/renta-departamento-univa-plaza-del-sol-distrito-la-perla
EB-WW7327,RENTA,oficina,Zapopan,"OFICINA EN RENTA EN EL MANTE, ZAPOPAN",https://www.aciertamax.com/property/oficina-en-renta-en-el-mante-zapopan
EB-WU4868,RENTA,oficina,Zapopan,Local en renta Colonia Chapalita,https://www.aciertamax.com/property/local-comercial-en-renta-col-chapalita-sobre-av-de-las-rosas-zapopan
EB-WT7434,RENTA,casa en condominio,Zapopan,"CASA EN RENTA COTO ""ALEIRA VIVE"" CERCA DE LA CIMA",https://www.aciertamax.com/property/casa-en-renta-coto-aleira-vive-cerca-de-la-cima
EB-UE4690,RENTA,oficina,Zapopan,Precioso Consultorio en Unidad Médica Santa Rita,https://www.aciertamax.com/property/consultorio-medico-en-moderna-y-bonita-clinica-rinconada-santa-rita
EB-TS2279,RENTA,oficina,Zapopan,"Oficina en Renta Piso 1 - A 93 m2, Zapopan Centro, Jalisco",https://www.aciertamax.com/property/oficina-en-renta-piso-1-a-93-m2-zapopan-centro-jalisco
EB-WE9810,RENTA,oficina,Zapopan,OFICINA EN EDIFICIO CORPORATIVO A DOS CUADRAS DE LA UP,https://www.aciertamax.com/property/oficina-en-edificio-corporativo-a-dos-cuadras-de-la-up-ciudad-granja
EB-WX8247,RENTA,oficina,Zapopan,OFICINA EN RENTA “AMUEBLADA  EN MAGNÍFICA UBICACIÓN”,https://www.aciertamax.com/property/oficina-en-renta-amueblada-en-magnifica-ubicacion
EB-WU0714,RENTA,departamento,Zapopan,"SE RENTA DEPARTAMENTO AMUEBLADO, A SOLO DOS CUADRAS DEL DERMATOLOGICO DE GDL.",https://www.aciertamax.com/property/se-renta-departamento-amueblado-a-solo-dos-cuadras-del-dermatologico-de-gdl
EB-MF8095,RENTA,oficina,Zapopan,OFICINA EN RENTA AV. ACUEDUCTO,https://www.aciertamax.com/property/oficina-en-renta-av-acueducto-puerta-de-hierro-zapopan
EB-UZ6008,RENTA,local comercial,Zapopan,RENTA DE LOCAL COMERCIAL EN CIUDAD GRANJA,https://www.aciertamax.com/property/renta-de-local-comercial-en-ciudad-granja-ciudad-granja-local-comercial
EB-NB0536,RENTA,local comercial,Zapopan,LOCALES COMERCIALES EN RENTA EN EL FORTÍN,https://www.aciertamax.com/property/local-comercial-plaza-oyamel
EB-XA0098,RENTA,departamento,Zapopan,Departamento en renta Col Patria universidad / con o sin muebles,https://www.aciertamax.com/property/departamento-en-renta-col-patria-universidad-con-o-sin-muebles
EB-WZ8532,RENTA,casa,Zapopan,Casa en Zapopan cerca de CUCEA,https://www.aciertamax.com/property/casa-en-zapopan-cerca-de-cucea
EB-WW3726,RENTA,casa en condominio,Zapopan,Casa en renta Residencial la Avellana Zapopan,https://www.aciertamax.com/property/casa-en-renta-residencial-la-avellana-zapopan-27-de-septiembre
EB-WP8645,RENTA,casa,Zapopan,Casa en Coto Bugambilias Primera Sección como nueva,https://www.aciertamax.com/property/casa-en-coto-bugambilias-primera-seccion-como-nueva
EB-WP2019,RENTA,casa en condominio,Zapopan,Casa en Renta en Valdepeñas,https://www.aciertamax.com/property/casa-en-renta-en-valdepenas-fraccionamiento-real-de-valdepenas-casa-en-condominio
EB-OZ1898,RENTA,local comercial,Zapopan,Renta de local comercial en Plaza Urbania,https://www.aciertamax.com/property/renta-de-local-comercial-en-plaza-urbania
EB-TQ3712,RENTA,departamento,Zapopan,Renta departamento en colonia Lomas Altas,https://www.aciertamax.com/property/renta-de-oficinas-colonia-lomas-altas
EB-WE8836,RENTA,casa con uso de suelo,Zapopan,Casa comercial en Zapopan,https://www.aciertamax.com/property/casa-comercial-en-zapopan
EB-NS4472,RENTA,local comercial,Zapopan,venta de locales #49 y #50,https://www.aciertamax.com/property/venta-de-locales-49-y-50
EB-XA8851,RENTA,departamento,Zapopan,🏡 DEPARTAMENTO RECIÉN REMODELADO EN RENTA. JARDINES DEL SOL,https://www.aciertamax.com/property/departamento-recien-remodelado-en-renta-jardines-del-sol
EB-WU5921,RENTA,departamento,Zapopan,"DEPARTAMENTO  EN RENTA , STELAR BUGAMBILIAS,ZONA SUR METROPOLITANA",https://www.aciertamax.com/property/departamento-en-renta-stelar-bugambilias-zona-sur-metropolitana
EB-WG1992,RENTA,oficina,Zapopan,Oficinas en RENTA con excelente ubicación,https://www.aciertamax.com/property/oficinas-en-renta-con-excelente-ubicacion-prados-vallarta
EB-WV0729,RENTA,departamento,Zapopan,"En Atemajac, Zapopan Se renta amueblado de tres recámaras",https://www.aciertamax.com/property/departamento-nuevo-en-atemajac-atemajac-del-valle
EB-WN9358,RENTA,local comercial,Zapopan,LOCAL 5D EN RENTA EN HOTEL INTERCONTINENTAL,https://www.aciertamax.com/property/local-5d-en-renta-en-hotel-intercontinental
EB-WW2781,RENTA,departamento,Zapopan,Loft en renta Brittania District,https://www.aciertamax.com/property/loft-en-renta-brittania-district
EB-WV9094,RENTA,departamento,Zapopan,Depa en renta en Anuva,https://www.aciertamax.com/property/depa-en-renta-en-anuva-virreyes-residencial
EB-RA6542,RENTA,local en centro comercial,Zapopan,LOCALES COMERCIALES EN RENTA,https://www.aciertamax.com/property/locales-comerciales-en-renta-camichines-vallarta
EB-WV3569,RENTA,departamento,Zapopan,Departamento en Renta Torre Centro Zapopan,https://www.aciertamax.com/property/departamento-en-renta-torre-centro-zapopan
EB-UY0267,RENTA,departamento,Zapopan,DEPARTAMENTO EN PLANTA BAJA STELAR BUGAMBILIAS,https://www.aciertamax.com/property/departamento-en-planta-baja-stelar-bugambilias
EB-XA1520,RENTA,departamento,Zapopan,"En Atemajac, Zapopan Se renta amueblado de tres recámaras",https://www.aciertamax.com/property/en-atemajac-zapopan-se-renta-amueblado-de-tres-recamaras
EB-WU4843,RENTA,local comercial,Zapopan,"Local Comercial en renta Col. Chapalita Planta Baja, Zapopan, Jal.",https://www.aciertamax.com/property/local-comercial-en-renta-col-chapalita-planta-baja-zapopan-jal
EB-WZ9078,RENTA,departamento,Zapopan,🏡 TU NUEVO ESPACIO TE ESTÁ ESPERANDO | DEPARTAMENTO EN RENTA,https://www.aciertamax.com/property/tu-nuevo-espacio-te-esta-esperando-departamento-en-renta
EB-WZ8482,RENTA,casa,Zapopan,Casa en renta Volcán del Colli,https://www.aciertamax.com/property/casa-en-renta-volcan-del-colli
EB-WW6505,RENTA,departamento,Zapopan,Se renta repartamento en Aladra Zapopan norte,https://www.aciertamax.com/property/se-renta-repartamento-en-aladra-zapopan-norte
EB-WO7676,RENTA,local en centro comercial,Zapopan,LOCAL COMERCIAL EN RENTA | GRUNCOM CLOUTHIER | ZAPOPAN,https://www.aciertamax.com/property/local-comercial-en-renta-gruncom-clouthier-zapopan
EB-VO3111,RENTA,local en centro comercial,Zapopan,SE RENTA LOCAL COMERCIAL 50 m² EN PRIMER NIVEL DENTRO DE GRUNCOM CLOUTHIER,https://www.aciertamax.com/property/se-renta-local-comercial-de-50-m-en-primer-nivel-dentro-de-gruncom-clouthier-u
EB-PE0434,RENTA,local comercial,Zapopan,"Local Comercial en Renta en Plaza Los Sauces, Zapopan Norte",https://www.aciertamax.com/property/ultimos-2-locales-comerciales-en-renta-en-plaza-los-sauces-zapopan-norte
EB-WW3267,RENTA,local comercial,Zapopan,Local en renta Plaza Comercial sobre Av. Guadalupe | Chapalita de Occidente,https://www.aciertamax.com/property/local-en-renta-plaza-comercial-sobre-av-guadalupe-chapalita-de-occidente
EB-WV4787,RENTA,departamento,Zapopan,Departamento en Venta,https://www.aciertamax.com/property/departamento-en-venta-a24c880e-c7ed-477b-902b-354316ed7124
EB-WV2579,RENTA,casa,Zapopan,Casa en Renta en Arboreto (Juan Gil Preciado) Zapopan,https://www.aciertamax.com/property/casa-en-renta-en-arboreto-juan-gil-preciado-zapopan-parques-de-tesistan
EB-WS6096,RENTA,departamento,Zapopan,Departamento en Renta en PUNTA FORESTA,https://www.aciertamax.com/property/departamento-en-renta-en-punta-foresta-jose-lopez-portillo-zapopan
EB-VZ4781,RENTA,casa,Zapopan,Casa Remodelada en Renta en Zapopan,https://www.aciertamax.com/property/casa-remodelada-en-venta-en-zapopan
EB-VQ4225,RENTA,oficina,Zapopan,Oficina en coworking en Zapopan Jardines Universidad,https://www.aciertamax.com/property/oficina-en-coworking-en-zapopan-jardines-universidad
EB-VI9276,RENTA,oficina,Zapopan,Consultorio en renta. Dentro de plaza Grüncom Clouthier,https://www.aciertamax.com/property/consultorio-en-renta-dentro-de-plaza-gruncom-clouthier
EB-TG3592,RENTA,local comercial,Zapopan,Local Comercial en Renta Plaza Altures - Capital Norte,https://www.aciertamax.com/property/locales-en-capital-norte
EB-WX4517,RENTA,departamento,Zapopan,DEPARTAMENTO EN RENTA-PLANTA BAJA COL. ARBOLEDAS,https://www.aciertamax.com/property/departamento-en-renta-planta-baja-col-arboledas-arboledas-1a-secc
EB-WV9947,RENTA,casa,Zapopan,"Casa dúplex en Renta, Planta Baja, Lomas de Atemajac, cerca de Avenida Patria",https://www.aciertamax.com/property/casa-en-renta-lomas-de-atemajac-cerca-de-avenida-patria-lomas-de-atemajac-zapopan
EB-WT2944,RENTA,departamento,Zapopan,SE RENTA DEPARTAMENTO EN BOREALES ZAPOPAN.,https://www.aciertamax.com/property/se-renta-departamento-en-boreales-zapopan
EB-WP6810,RENTA,oficina,Zapopan,Consultorio COMPARTIDO en Renta en TORRE ELITE en Puerta de Hierro,https://www.aciertamax.com/property/consultorios-en-renta-en-torre-elite-en-puerta-de-hierro-puerta-de-hierro
EB-WN9261,RENTA,casa,Zapopan,Casa en Renta,https://www.aciertamax.com/property/casa-en-renta-ciudad-tepeyac
EB-WJ3634,RENTA,local en centro comercial,Zapopan,"Local Comercial en Renta en Juan Gil Preciado, Dentro de Plaza Ubika",https://www.aciertamax.com/property/local-comercial-en-renta-en-juan-gil-preciado-dentro-de-plaza-ubika
EB-TD4613,RENTA,local comercial,Zapopan,✅ LOCAL EN RENTA ✅,https://www.aciertamax.com/property/local-en-renta-valle-imperial
EB-VX2880,RENTA,local comercial,Zapopan,"Local Comercial en Renta sobre Av Juan Gil Preciado, Zapopan, Jalisco",https://www.aciertamax.com/property/local-comercial-en-renta-sobre-av-juan-gil-preciado-zapopan-jalisco
EB-WR1936,RENTA,local comercial,Zapopan,Locales en Renta Plaza Norte,https://www.aciertamax.com/property/penthouse-de-lujo-en-renta-landmark-reserve
EB-WU5191,RENTA,casa en condominio,Zapopan,RENTA CASA en Fraccionamiento privado Cerca de Periferico Norte,https://www.aciertamax.com/property/renta-casa-en-fraccionamiento-privado-cerca-de-periferico-norte
EB-RG5536,RENTA,local comercial,Zapopan,Local comercial ideal para Mariscos y Comida Oriental,https://www.aciertamax.com/property/local-comercial-ideal-para-gym-en-federalismo
EB-XA4863,RENTA,oficina,Zapopan,Consultorio en renta. Plaza Grümcom Coordilleras.,https://www.aciertamax.com/property/consultorio-en-renta-plaza-grumcom-coordilleras
EB-WU7698,RENTA,departamento,Zapopan,Villas del Ixtepete,https://www.aciertamax.com/property/villas-del-ixtepete-villas-del-iztepete
EB-WT7910,RENTA,casa en condominio,Zapopan,Excelente  oportunidad Casa en renta,https://www.aciertamax.com/property/casa-en-renta-en-bosques-de-san-gonzalo-zapopan
EB-VG3750,RENTA,oficina,Zapopan,Renta de oficina en jardines Vallarta Zapopan,https://www.aciertamax.com/property/renta-de-oficina-super-ubicaciones
EB-XA1515,RENTA,casa,Zapopan,"Casa en Renta en El Campestre Residencial, Coto Ontario, cerca de la Venta del A",https://www.aciertamax.com/property/casa-en-renta-en-el-campestre-residencial-coto-ontario-cerca-de-la-venta-del-a
EB-CR5483,RENTA,oficina,Zapopan,RENTA DE OFICINA EN PUERTA DE HIERRO,https://www.aciertamax.com/property/oficina-business-center-en-puerta-de-hierro-puerta-de-hierro
EB-WZ6669,RENTA,departamento,Zapopan,Departamento renta Altaluz vertical Colotlan,https://www.aciertamax.com/property/departamento-renta-altaluz-vertical-colotlan
EB-WV6553,RENTA,casa,Zapopan,Casa en renta en jardines del Valle,https://www.aciertamax.com/property/casa-en-renta-en-jardines-del-valle-3d804c94-062c-4b17-88fb-758fee09e575
EB-VY9051,RENTA,local en centro comercial,Zapopan,LOCAL CAPITAL NORTE,https://www.aciertamax.com/property/local-capital-norte
EB-NT8065,RENTA,oficina,Zapopan,CONSULTORIO EN RENTA COLONIA LOMAS ALTAS ZAPOPAN JALISCO,https://www.aciertamax.com/property/consultorio-en-renta-colonia-lomas-altas-zapopan-jalisco
EB-VV8203,RENTA,bodega industrial,Tlaquepaque,RENTA DE BODEGA SAN IGNACIO TLAQUEPAQUE JALISCO,https://www.aciertamax.com/property/renta-de-bodega-san-ignacio-tlaquepaque-jalisco-la-llave-tlaquepaque
EB-WB1981,RENTA,bodega industrial,Tlaquepaque,PARQUE INDUSTRIAL SAN IGNACIO EN RENTA EN TLAQUEPAQUE,https://www.aciertamax.com/property/parque-industrial-san-ignacio-en-renta-en-tlaquepaque
EB-UI2584,RENTA,nave industrial,Tlaquepaque,NAVE EN RENTA EN PERIFERICO SUR,https://www.aciertamax.com/property/nave-en-renta-en-periferico-sur-la-llave-tlaquepaque
EB-WA5773,RENTA,bodega industrial,Tlaquepaque,BODEGA EN RENTA EN PARQUE INDUSTRIAL SAN IGNACIO,https://www.aciertamax.com/property/bodega-en-renta-en-parque-industrial-san-ignacio
EB-WA8772,RENTA,bodega industrial,Tlaquepaque,BODEGA EN RENTA MODULO 2 EN PARQUE INDUSTRIAL,https://www.aciertamax.com/property/bodega-en-renta-modulo-2-en-parque-industrial-la-llave
EB-VV8140,RENTA,bodega industrial,Tlaquepaque,RENTA DE BODEGA SAN IGNACIO TLAQUEPAQUE JALISCO,https://www.aciertamax.com/property/renta-de-bodega-san-ignacio-tlaquepaque-jalisco-la-llave
EB-WA8195,RENTA,bodega industrial,Tlaquepaque,BODEGA EN RENTA MODULO 1 EN PARQUE INDUSTRIAL SAN IGNACIO,https://www.aciertamax.com/property/bodega-en-renta-modulo-1-en-parque-industrial-san-ignacio
EB-WA8747,RENTA,bodega industrial,Tlaquepaque,BODEGA EN RENTA MODULO 2 EN PARQUE INDUSTRIAL,https://www.aciertamax.com/property/bodega-en-renta-modulo-2-en-parque-industrial
EB-UI2527,RENTA,nave industrial,Tlaquepaque,NAVE EN RENTA EN PERIFERICO SUR,https://www.aciertamax.com/property/nave-en-renta-en-periferico-sur-la-llave
EB-WA8383,RENTA,bodega industrial,Tlaquepaque,BODEGA EN RENTA EN TLAQUEPAQUE COLINIA LA LLAVE,https://www.aciertamax.com/property/bodega-en-renta-en-tlaquepaque-colinia-la-llave
EB-WA6261,RENTA,bodega industrial,Tlaquepaque,BODEGA EN RENTA COLONIA LA LLAVE TLAQUEPAQUE,https://www.aciertamax.com/property/bodega-en-renta-colonia-la-llave-tlaquepaque
EB-RG0291,RENTA,nave industrial,Tlaquepaque,NAVE EN RENTA EN PARQUE SAN IGNACIO,https://www.aciertamax.com/property/nave-en-renta-en-parque-san-ignacio-la-llave
EB-VF7004,RENTA,bodega industrial,Tlaquepaque,🏭 Ocho Bodegas Industriales juntas en Renta | Parque Ind. Elite 8 de Julio,https://www.aciertamax.com/property/ocho-bodegas-industriales-juntas-en-renta-parque-ind-elite-8-de-julio
EB-WT2276,RENTA,bodega industrial,Tlaquepaque,"BODEGA INDUSTRIAL  EN RENTA EN ÁLAMO INDUSTRIAL, TLAQUEPAQUE",https://www.aciertamax.com/property/bodega-industrial-en-renta-en-alamo-industrial-tlaquepaque-b
EB-VF6931,RENTA,bodega industrial,Tlaquepaque,Seis Bodegas Industriales juntas en Renta | Parque Ind. Elite 8 de Julio,https://www.aciertamax.com/property/seis-bodegas-industriales-juntas-en-renta-parque-ind-elite-8-de-julio
EB-VZ3787,RENTA,nave industrial,Tlaquepaque,NAVE EN RENTA EN AV. 8 DE JULIO,https://www.aciertamax.com/property/nave-en-renta-en-av-8-de-julio
EB-WX3272,RENTA,bodega industrial,Tlaquepaque,BODEGA EN RENTA SOBRE PERIFERICO SUR,https://www.aciertamax.com/property/bodega-en-renta-sobre-periferico-sur-tlaquepaque-centro-tlaquepaque
EB-VE5605,RENTA,bodega industrial,Tlaquepaque,🏭 Cuadruple Bodega Industrial en Renta | Parque Industrial Elite 8 de Julio,https://www.aciertamax.com/property/cuadruple-bodega-industrial-en-renta-parque-industrial-elite-8-de-julio
EB-VW9566,RENTA,bodega comercial,Tlaquepaque,"Bodega industrial en renta en Tlaquepaque, con patio de maniobras y báscula",https://www.aciertamax.com/property/bodega-industrial-en-renta-en-tlaquepaque-con-patio-de-maniobras-y-bascula
EB-VV8004,RENTA,bodega industrial,Tlaquepaque,RENTA DE BODEGA SAN IGNACIO TLAQUEPAQUE JALISCO,https://www.aciertamax.com/property/renta-de-bodega-san-ignacio-tlaquepaque-jalisco
EB-WI3783,RENTA,bodega industrial,Tlaquepaque,BODEGAS AAA EN RENTA EN LAS JUNTAS,https://www.aciertamax.com/property/bodegas-aaa-en-renta-en-las-juntas-las-juntas
EB-RH3857,RENTA,bodega industrial,Tlaquepaque,BODEGA INDUSTRIAL EN RENTA. SAN PEDRITO,https://www.aciertamax.com/property/bodega-industrial-en-renta-san-pedrito
EB-RG0272,RENTA,nave industrial,Tlaquepaque,NAVE EN RENTA EN PERIFERICO SUR,https://www.aciertamax.com/property/nave-en-renta-en-parque-san-ignacio
EB-UT9021,RENTA,bodega industrial,Tlaquepaque,BODEGA A 600 MTS DE PERIFERICO A LA ALTURA DE LECHE LALA,https://www.aciertamax.com/property/bodega-a-600-mts-de-periferico-a-la-altura-de-leche-lala
EB-UK1674,RENTA,bodega comercial,Tlaquepaque,Bodega en renta en Lomas del 4,https://www.aciertamax.com/property/bodega-en-renta-en-lomas-del-4-lomas-del-4
EB-WT2170,RENTA,bodega industrial,Tlaquepaque,"BODEGA INDUSTRIAL  EN RENTA EN ÁLAMO INDUSTRIAL, TLAQUEPAQUE A",https://www.aciertamax.com/property/bodega-industrial-en-renta-en-alamo-industrial-tlaquepaque
EB-WT2258,RENTA,bodega industrial,Tlaquepaque,"BODEGA INDUSTRIAL  EN RENTA EN ÁLAMO INDUSTRIAL, TLAQUEPAQUE B",https://www.aciertamax.com/property/bodega-industrial-en-renta-en-alamo-industrial-tlaquepaque-el-alamo
EB-WC9046,RENTA,nave industrial,Tlaquepaque,"NAVE DE 2,361 M2  A 650 M DE PERIFERICO SUR EN PARQUE I PERISUR",https://www.aciertamax.com/property/nave-de-2-361-m2-a-650-m-de-periferico-sur-en-parque-i-perisur
EB-WP5306,RENTA,bodega comercial,Tlaquepaque,Se renta excelente bodega,https://www.aciertamax.com/property/se-renta-excelente-bodega-parques-santa-cruz-del-valle
EB-VV9551,RENTA,bodega industrial,Tlaquepaque,"NAVE  INDUSTRIAL DE 1,844.45 M2 EN PERIFERICO SUR",https://www.aciertamax.com/property/nave-industrial-de-1-844-45-m2-en-periferico-sur-parques-santa-cruz-del-valle-tlaquepaque
EB-VV9542,RENTA,bodega industrial,Tlaquepaque,"NAVE  INDUSTRIAL DE 1,844.45 M2 EN PERIFERICO SUR",https://www.aciertamax.com/property/nave-industrial-de-1-844-45-m2-en-periferico-sur
EB-VE5503,RENTA,bodega industrial,Tlaquepaque,🏭 Doble Bodega Industrial en Renta | Parque Industrial Elite 8 de Julio,https://www.aciertamax.com/property/doblebodega-industrial-en-renta-parque-industrial-elite-8-de-julio
EB-VJ4366,RENTA,bodega industrial,Tlaquepaque,Bodega Industrial,https://www.aciertamax.com/property/bodega-industrial-santa-maria-tequepexpan
EB-RH9689,RENTA,oficina,Tlaquepaque,Oficinas en Renta Ocho de Julio y Periferico,https://www.aciertamax.com/property/oficinas-en-renta-ocho-de-julio-y-periferico
EB-MY5128,RENTA,oficina,Tlaquepaque,OFICINAS EN RENTA TOLUQUILLA 1er Y 2do. NIVEL,https://www.aciertamax.com/property/oficinas-en-renta-toluquilla-1er-y-2do-nivel
EB-VZ3868,RENTA,nave industrial,Tlaquepaque,NAVE EN RENTA EN AV. 8 DE JULIO,https://www.aciertamax.com/property/nave-en-renta-en-av-8-de-julio-toluquilla
EB-KT2048,RENTA,bodega industrial,Tlaquepaque,"EXCELENTE BODEGA DE 1,435 M2 EN PARQUE INDUSTRIAL PERIFERICO SUR",https://www.aciertamax.com/property/excelente-bodega-de-1-435-m2-en-parque-industrial-periferico-sur
EB-QX4975,RENTA,bodega industrial,Tlaquepaque,BODEGA INDUSTRIAL EN RENTA EN TLAQUEPAQUE,https://www.aciertamax.com/property/bodega-industrial-en-renta-en-tlaquepaque-san-sebastianito-tlaquepaque
EB-RD3848,RENTA,nave industrial,Tlaquepaque,BODEGAS Y LOTES EN ZONA TLAQUEPAQUE DE PRIMERA CLASE,https://www.aciertamax.com/property/bodegas-y-lotes-en-zona-tlaquepaque-de-primera-clase-san-sebastianito-tlaquepaque
EB-WI3711,RENTA,bodega industrial,Tlaquepaque,BODEGAS AAA EN RENTA EN LAS JUNTAS,https://www.aciertamax.com/property/bodegas-aaa-en-renta-en-las-juntas
EB-TB7858,RENTA,terreno,Tlaquepaque,Terreno en Periferico Sur con oficinas en renta,https://www.aciertamax.com/property/terreno-en-periferico-sur-con-oficinas-en-renta
EB-WX3161,RENTA,bodega industrial,Tlaquepaque,BODEGA EN RENTA SOBRE PERIFERICO SUR,https://www.aciertamax.com/property/bodega-en-renta-sobre-periferico-sur-tlaquepaque-centro
EB-WU2322,RENTA,bodega comercial,Tlaquepaque,Se renta bodega comercial con espacios para oficina,https://www.aciertamax.com/property/se-renta-bodega-comercial-con-espacios-para-oficina
EB-WH3951,RENTA,bodega industrial,Tlaquepaque,BODEGA EN RENTA A ESPALDAS DEL CLUB ATLAS,https://www.aciertamax.com/property/bodega-en-renta-a-espaldas-del-club-atlas
EB-WV3215,RENTA,terreno,Tlaquepaque,"Terreno en renta para uso comercial, Toluquilla, Tlaquepaque.",https://www.aciertamax.com/property/terreno-en-renta-para-uso-comercial-toluquilla-tlaquepaque
EB-UR6669,RENTA,bodega industrial,Tlaquepaque,BODEGA EN RENTA EN PERIFERICO SUR Y COLON,https://www.aciertamax.com/property/bodega-en-renta-en-periferico-sur-y-colon
EB-WZ9901,RENTA,terreno comercial,Tlaquepaque,"TERRENO EN RENTA | 3,000 m² | PERIFÉRICO SUR, TLAQUEPAQUE",https://www.aciertamax.com/property/terreno-en-renta-3-000-m-periferico-sur-tlaquepaque
EB-VE5455,RENTA,bodega industrial,Tlaquepaque,Bodega Industrial en Renta | Parque Industrial Elite 8 de Julio,https://www.aciertamax.com/property/bodega-industrial-en-renta-parque-industrial-elite-8-de-julio
EB-VX9452,RENTA,bodega industrial,Tlaquepaque,BODEGA 36 EN RENTA CERCA DEL CLUB ATLAS COLONIA LAS LIEBRES,https://www.aciertamax.com/property/bodega-36-en-renta-cerca-del-club-atlas-colonia-las-liebres
EB-WB2906,RENTA,bodega comercial,Tlaquepaque,Bodega en renta Periférico Sur,https://www.aciertamax.com/property/bodega-en-renta-periferico-sur-la-micailita
EB-VH1131,RENTA,nave industrial,Tlaquepaque,BODEGA EN RENTA EN LA LLAVE,https://www.aciertamax.com/property/bodega-en-renta-en-la-llave
EB-VA1175,RENTA,bodega comercial,Tlaquepaque,Bodega en renta con ubicación estratégica - Periférico Sur - 1000 m2,https://www.aciertamax.com/property/bodega-en-renta-con-ubicacion-estrategica-periferico-sur-1000-m2
EB-VU8087,RENTA,bodega industrial,Tlaquepaque,BODEGA EN RENTA GRUNPARK TLAQUEPAQUE JALISCO,https://www.aciertamax.com/property/bodega-en-renta-grunpark-tlaquepaque-jalisco
EB-MF8257,RENTA,oficina,Tlaquepaque,OFICINAS EN RENTA TOLUQUILLA 2do. NIVEL,https://www.aciertamax.com/property/renta-oficinas-en-toluquilla-2do-nivel-toluquilla
EB-MF8250,RENTA,oficina,Tlaquepaque,RENTA OFICINAS EN  TOLUQUILLA 1er. NIVEL,https://www.aciertamax.com/property/renta-oficinas-en-toluquilla-1er-nivel
EB-UZ5783,RENTA,local comercial,Tlaquepaque,LOCAL EN RENTA EN PLAZA CELTA,https://www.aciertamax.com/property/local-centro-comercial-celta
EB-WQ7863,RENTA,bodega comercial,Tlaquepaque,Bodega en RENTA 868 m2| Ubicación estratégica | La Duraznera,https://www.aciertamax.com/property/bodega-en-renta-868-m2-ubicacion-estrategica-la-duraznera
EB-WC6530,RENTA,bodega industrial,Tlaquepaque,BODEGA INDUSTRIAL EN RENTA EN TLAQUEPAQUE,https://www.aciertamax.com/property/bodega-industrial-en-renta-en-tlaquepaque-la-llave
EB-VP1377,RENTA,nave industrial,Tlaquepaque,NAVE EN RENTA SOBRE 8 DE JULIO,https://www.aciertamax.com/property/nave-en-renta-sobre-8-de-julio
EB-WQ8873,RENTA,nave industrial,Tlaquepaque,NAVE EN RENTA EN TLAQUEPAQUE,https://www.aciertamax.com/property/nave-en-renta-en-tlaquepaque-villa-fontana-tlaquepaque
EB-UP3360,RENTA,bodega comercial,Tlaquepaque,Bodega Nueva en Renta Sobre Carr. Chapala - Guadalajara a La Altura del Tapatío,https://www.aciertamax.com/property/bodega-nueva-en-renta-sobre-carr-chapala-guadalajara-a-la-altura-del-tapatio
EB-SM3672,RENTA,bodega comercial,Tlaquepaque,BODEGA EN RENTA EN LA DURAZNERA CON OFICINAS,https://www.aciertamax.com/property/bodega-en-renta-en-la-duraznera
EB-WW1205,RENTA,terreno,Tlaquepaque,TERRENO EN RENTA ZONA LÁZARO CÁRDENAS | TLAQUEPAQUE,https://www.aciertamax.com/property/terreno-en-renta-zona-lazaro-cardenas-tlaquepaque
EB-WM3835,RENTA,local comercial,Tlaquepaque,LOCAL EN RENTA UBIKA PERIFERICO SUR,https://www.aciertamax.com/property/local-en-renta-ubika-periferico-sur-santa-maria-tequepexpan
EB-RI1616,RENTA,bodega comercial,Tlaquepaque,BODEGA EN RENTA CERCA DEL CLUB ATLAS COLONIA LAS LIEBRES,https://www.aciertamax.com/property/bodega-en-renta-cerca-del-club-atlas-colonia-las-liebres-las-liebres-tlaquepaque
EB-UN4845,RENTA,bodega industrial,Tlaquepaque,Bodega Industrial en renta Grun Park Los Mezquites,https://www.aciertamax.com/property/bodega-industrial-en-renta-grun-park-los-mezquites
EB-RD3842,RENTA,nave industrial,Tlaquepaque,BODEGAS Y LOTES EN ZONA TLAQUEPAQUE DE PRIMERA CLASE,https://www.aciertamax.com/property/bodegas-y-lotes-en-zona-tlaquepaque-de-primera-clase-san-sebastianito
EB-QX4899,RENTA,bodega industrial,Tlaquepaque,BODEGA INDUSTRIAL EN RENTA EN TLAQUEPAQUE,https://www.aciertamax.com/property/bodega-industrial-en-renta-en-tlaquepaque-san-sebastianito
EB-RD3853,RENTA,nave industrial,Tlaquepaque,BODEGAS Y LOTES EN ZONA TLAQUEPAQUE DE PRIMERA CLASE,https://www.aciertamax.com/property/bodegas-y-lotes-en-zona-tlaquepaque-de-primera-clase-san-sebastianito-nave-industrial
EB-WD1440,RENTA,local comercial,Tlaquepaque,Renta de Locales en Loma Sur Plaza,https://www.aciertamax.com/property/renta-de-locales-en-loma-sur-plaza
EB-WR3945,RENTA,nave industrial,Tlaquepaque,Bodega en Renta La Pedrera,https://www.aciertamax.com/property/bodega-en-renta-la-pedrera
EB-SG7845,RENTA,bodega comercial,Tlaquepaque,Bodega en Renta Zona   cercana a la llave,https://www.aciertamax.com/property/bodega-en-renta-zona-la-llave
EB-SF8155,RENTA,local comercial,Tlaquepaque,Local en renta Tlaquepaque Cámaras de congelación,https://www.aciertamax.com/property/local-en-renta-tlaquepaque
EB-VR6260,RENTA,bodega comercial,Tlaquepaque,"BODEGA EN RENTA ""Oportunidad de Renta: Bodega Industrial en Esquina Estratégica""",https://www.aciertamax.com/property/bodega-en-renta-oportunidad-de-renta-bodega-industrial-en-esquina-estrategica-artesanos
EB-VR6177,RENTA,bodega industrial,Tlaquepaque,"BODEGA EN RENTA ""Oportunidad de Renta: Bodega Industrial en Esquina Estratégica""",https://www.aciertamax.com/property/bodega-en-renta-oportunidad-de-renta-bodega-industrial-en-esquina-estrategica
EB-RD3833,RENTA,nave industrial,Tlaquepaque,BODEGAS Y LOTES EN ZONA TLAQUEPAQUE DE PRIMERA CLASE,https://www.aciertamax.com/property/bodegas-y-lotes-en-zona-tlaquepaque-de-primera-clase
EB-WP1897,RENTA,bodega comercial,Tlaquepaque,BODEGA EN RENTA POR LA CENTRAL NUEVA,https://www.aciertamax.com/property/bodega-en-renta-por-la-central-nueva
EB-VX9544,RENTA,bodega comercial,Tlaquepaque,BODEGA 25 EN RENTA A ESPALDAS DEL CLUB ATLAS COL LAS LIEBRES,https://www.aciertamax.com/property/bodega-25-en-renta-a-espaldas-del-club-atlas-col-las-liebres
EB-VX9186,RENTA,bodega comercial,Tlaquepaque,BODEGA 26 EN RENTA A ESPALDAS DEL CLUB ATLAS COL LAS LIEBRES,https://www.aciertamax.com/property/bodega-26-en-renta-a-espaldas-del-club-atlas-col-las-liebres
EB-VX8983,RENTA,bodega comercial,Tlaquepaque,BODEGA 6 EN RENTA A ESPALDAS DEL CLUB ATLAS COL LAS LIEBRES,https://www.aciertamax.com/property/bodega-6-en-renta-a-espaldas-del-club-atlas-col-las-liebres
EB-VX8759,RENTA,bodega comercial,Tlaquepaque,BODEGA 30 EN RENTA A ESPALDAS DEL CLUB ATLAS,https://www.aciertamax.com/property/bodega-30-en-renta-a-espaldas-del-club-atlas
EB-RI1506,RENTA,bodega comercial,Tlaquepaque,BODEGA EN RENTA A ESPALDAS DEL CLUB ATLAS COL LAS LIEBRES,https://www.aciertamax.com/property/bodega-en-renta-a-espaldas-del-club-atlas-col-las-liebres-las-liebres-tlaquepaque
EB-SR4137,RENTA,bodega comercial,Tlaquepaque,"SE RENTA BODEGA, PRECIO MEJORADO,  ZONA AEROPUERTO.",https://www.aciertamax.com/property/estrena-bodega-zona-aeropuerto
EB-KE8612,RENTA,bodega industrial,Tlaquepaque,Nave industrial en periférico  y carretera a Chapala,https://www.aciertamax.com/property/amplia-nave-industrial-en-la-zona-sur
EB-WQ6154,RENTA,nave industrial,Tlaquepaque,NAVE EN RENTA EN TLAQUEPAQUE,https://www.aciertamax.com/property/nave-en-renta-en-tlaquepaque-villa-fontana
EB-WD1939,RENTA,local comercial,Tlaquepaque,Renta de Locales en Loma Sur Plaza en Planta Baja,https://www.aciertamax.com/property/renta-de-locales-en-loma-sur-plaza-en-planta-baja
EB-VT1244,RENTA,bodega comercial,Tlaquepaque,"Bodega en renta, Tlaquepaque Centro",https://www.aciertamax.com/property/bodega-en-renta-tlaquepaque-centro
EB-NF7210,RENTA,nave industrial,Tlaquepaque,NAVE INDUSTRIAL EN RENTA EN ELITE TOLUQUILLA,https://www.aciertamax.com/property/nave-industrial-en-renta-en-elite-toluquilla
EB-UR9760,RENTA,local comercial,Tlaquepaque,"LOCAL COMERCIAL EN VENTA Y RENTA EN TLAQUEPAQUE, JALISCO (RESTAURANTE)",https://www.aciertamax.com/property/local-comercial-en-venta-en-tlaquepaque-jalisco-restaurante
EB-UZ4575,RENTA,bodega comercial,Tlaquepaque,"Bodega en Renta Puerto Escondido, Lomas de San Pedrito. 		$57,000",https://www.aciertamax.com/property/bodega-en-renta-puerto-escondido-lomas-de-san-pedrito-64-500-lomas-de-san-pedrito
EB-SW4849,RENTA,bodega comercial,Tlaquepaque,Bodega en renta San Pedrito,https://www.aciertamax.com/property/bodega-en-renta-san-pedrito
EB-TW3567,RENTA,local en centro comercial,Tlaquepaque,Local en esquina en Plaza Tlaquepaque Río Nilo,https://www.aciertamax.com/property/local-en-esquina-en-plaza-tlaquepaque-rio-nilo
EB-WU4525,RENTA,local comercial,Tlaquepaque,Tlaquepaque RENTA  LOCAL COMERCIAL CON ESTACIONAMIENTO EN SAN PEDRO TLAQUEPAQUE,https://www.aciertamax.com/property/se-renta-en-esquina-local-comercial-con-estacionamiento-en-san-pedro-tlaquepaque
EB-WS5896,RENTA,casa,Tlaquepaque,SE RENTA CASA NUEVA  (CERRO DEL TESORO) TLAQUEPAQUE,https://www.aciertamax.com/property/se-renta-casa-hermosa-nueva-cerro-del-tesoro-43-ooo
EB-VB4635,RENTA,local comercial,Tlaquepaque,LOCALES EN RENTA en Santa María Tequepexpan,https://www.aciertamax.com/property/locales-en-renta-en-santa-maria-tequepexpan-7058793b-4265-4fa7-b6c9-49bc8c35fa87
EB-TW1487,RENTA,bodega comercial,Tlaquepaque,Bodega en venta a 1 cuadra de periférico sur,https://www.aciertamax.com/property/bodega-en-venta-a-1-cuadra-de-periferico-sur
EB-WV6326,RENTA,bodega comercial,Tlaquepaque,Bodega en Renta Las Pintas,https://www.aciertamax.com/property/bodega-en-renta-las-pintas-las-pintas-de-abajo
EB-RD3409,RENTA,local comercial,Tlaquepaque,Renta de locales en carretera Chapala,https://www.aciertamax.com/property/renta-de-locales-en-carretera-chapala
EB-XA6311,RENTA,bodega comercial,Tlaquepaque,"BODEGA EN RENTA COLONIA ARTESANOS, SAN PEDRO TLAQUEPAQUE",https://www.aciertamax.com/property/bodega-en-renta-colonia-artesanos-san-pedro-tlaquepaque
EB-WU7587,RENTA,local comercial,Tlaquepaque,Local de 335.86 m2,https://www.aciertamax.com/property/local-de-335-86-m2
EB-WP3161,RENTA,local comercial,Tlaquepaque,Local en renta sobre Periférico sur,https://www.aciertamax.com/property/local-en-renta-sobre-periferico-sur-los-olivos-de-tlaquepaque
EB-WO6303,RENTA,bodega comercial,Tlaquepaque,Bodega en renta en la Gigantera,https://www.aciertamax.com/property/bodega-en-renta-en-la-gigantera
EB-VP7120,RENTA,bodega comercial,Tlaquepaque,BODEGA EN RENTA EN LA DURAZNERA,https://www.aciertamax.com/property/bodega-en-renta-en-la-duraznera-la-duraznera-bodega-comercial
EB-VB1443,RENTA,bodega industrial,Tlaquepaque,SE RENTA BODEGA INDUSTRIAL EN CARRETERA A CHAPALA,https://www.aciertamax.com/property/se-renta-bodega-industrial-en-carretera-a-chapala
EB-NT1085,RENTA,bodega comercial,Tlaquepaque,BODEGA EN RENTA IDEAL PARA FABRICA,https://www.aciertamax.com/property/bodega-en-renta-ideal-para-fabrica
EB-WR1154,RENTA,bodega comercial,Tlaquepaque,"Bodega en Renta en La Gigantera, Tlaquepaque",https://www.aciertamax.com/property/bodega-en-renta-en-la-gigantera-tlaquepaque
EB-JQ0406,RENTA,local comercial,Tlaquepaque,Locales comerciales en renta en Plaza Ubika Periférico Sur,https://www.aciertamax.com/property/locales-comerciales-en-renta-en-plaza-ubika-periferico-sur
EB-WB7862,RENTA,bodega comercial,Tlaquepaque,Bodega comercial en Renta,https://www.aciertamax.com/property/bodega-comercial-en-renta-el-tapatio
EB-OH8405,RENTA,local comercial,Tlaquepaque,LOCAL EN RENTA UBIKA PERIF. SUR,https://www.aciertamax.com/property/local-en-renta-ubika-perif-sur
EB-WM3813,RENTA,local comercial,Tlaquepaque,LOCAL EN RENTA UBIKA PERIFERICO SUR,https://www.aciertamax.com/property/local-en-renta-ubika-periferico-sur
EB-WB8946,RENTA,terreno comercial,Tlaquepaque,PRE VENTA/RENTA BODEGA ÚLTIMA MILLA EN COLONIA ARTESANOS TLAQUEPAQUE,https://www.aciertamax.com/property/venta-terreno-comercial-en-artesanos-tlaquepaque
EB-UJ3919,RENTA,bodega comercial,Tlaquepaque,BODEGA COMERCIAL EN RENTA DENTRO DE PARQUE INDUSTRIAL,https://www.aciertamax.com/property/bodega-comercial-en-renta-dentro-de-parque-industrial-toluquilla
EB-WR1184,RENTA,bodega comercial,Tlaquepaque,"Bodega en Renta en La Duraznera, Tlaquepaque",https://www.aciertamax.com/property/bodega-en-renta-en-la-duraznera-tlaquepaque
EB-RD3423,RENTA,local comercial,Tlaquepaque,Renta de locales en carretera Chapala,https://www.aciertamax.com/property/renta-de-locales-en-carretera-chapala-las-pintas-de-abajo
EB-UQ4075,RENTA,bodega comercial,Tlaquepaque,"Bodega comercial en venta, Col. Cerro del cuatro, Tlaquepaque, Jal.",https://www.aciertamax.com/property/bodega-comercial-en-venta-col-cerro-del-cuatro-tlaquepaque-jal
EB-WZ5423,RENTA,casa en condominio,Tlaquepaque,Casa en renta en Tossá Residencial,https://www.aciertamax.com/property/casa-en-renta-en-tossa-residencial-tossa-residencial-ii-tlaquepaque
EB-WW5563,RENTA,casa,Tlaquepaque,Se Vende o Renta Casa en La Bella,https://www.aciertamax.com/property/se-vende-o-renta-casa-en-la-bella
EB-WW3585,RENTA,casa,Tlaquepaque,CASA EN  VALLE DE ZAPOTLÁN,https://www.aciertamax.com/property/casa-en-coto-valle-de-las-heras
EB-WR6659,RENTA,departamento,Tlaquepaque,"Departamento Amueblado en Renta, Escencia Resid. Tlaquepaque Jal.",https://www.aciertamax.com/property/departamento-amueblado-en-renta-escencia-resid-tlaquepaque-jal
EB-WS0124,RENTA,casa,Tlaquepaque,Casa en Venta o  Renta Geovillas con o sin muebles,https://www.aciertamax.com/property/casa-en-venta-y-renta-geovillas-del-real
EB-WV4282,RENTA,departamento,Tlaquepaque,Se renta loft a un costado del ITESO,https://www.aciertamax.com/property/se-renta-loft-a-un-costado-del-iteso
EB-WZ5772,RENTA,departamento,Tlaquepaque,Departamento en Renta en Planta Baja en Las Fuentes,https://www.aciertamax.com/property/departamento-en-renta-en-planta-baja-en-las-fuentes
EB-WU8547,RENTA,departamento,Tlaquepaque,RENTA DEPARTAMENTO NUEVO,https://www.aciertamax.com/property/renta-departamento-nuevo-lomas-de-la-victoria
EB-WV3380,RENTA,casa en condominio,Tlaquepaque,En Renta Casa amueblada Zona del ITESO,https://www.aciertamax.com/property/en-renta-casa-amueblada-zona-del-iteso
EB-WR7378,RENTA,departamento,Tlaquepaque,🏢Departamento amueblado en Renta en The Block Easy Living – Tipo Lock-Off | Ani,https://www.aciertamax.com/property/departamento-amueblado-en-renta-en-the-block-easy-living-tipo-lock-off-ani
EB-WV6455,RENTA,casa,Tlaquepaque,Casa Amueblada en Renta Cerca del ITESO | Parques del Bosque,https://www.aciertamax.com/property/casa-en-renta-en-parques-del-bosque-c4c6cdc8-07db-4f1c-b80c-0bf93abc55b1
EB-FY6593,RENTA,bodega comercial,Tlaquepaque,bodega Tlaquepaque  125 metros,https://www.aciertamax.com/property/bodega-tlaquepaque-125-metros
EB-XA5557,RENTA,departamento,Tlaquepaque,Departamento Amueblado | Zimaltá Residencial | TORRE VETTORE,https://www.aciertamax.com/property/departamento-amueblado-zimalta-residencial-torre-vettore
EB-XA8541,RENTA,casa en condominio,Tlaquepaque,"Se Renta Casa en Valle del Sur, a 5 min del ITESO!",https://www.aciertamax.com/property/se-renta-casa-en-valle-del-sur-a-5-min-del-iteso
EB-WZ3287,RENTA,departamento,Tlaquepaque,DEPA EN RENTA A 5 MIN DEL ITESO,https://www.aciertamax.com/property/depa-en-renta-a-5-min-del-iteso
EB-WV6307,RENTA,casa en condominio,Tlaquepaque,"Casa en Renta en Condominio en Parques del Bosque, Tlaquepaque",https://www.aciertamax.com/property/casa-en-renta-en-condominio-en-parques-del-bosque-tlaquepaque-parques-del-bosque-casa-en-condominio
EB-WZ3511,RENTA,casa,Tlaquepaque,"Casa en renta — $13,500 mensuales| Valle del Sur, Tlaquepaque",https://www.aciertamax.com/property/casa-en-renta-13-500-mensuales-valle-del-sur-tlaquepaque
EB-WR7390,RENTA,departamento,Tlaquepaque,🏢Departamento amueblado en Renta en The Block Easy Living – Tipo Lock-Off | Ani,https://www.aciertamax.com/property/departamento-amueblado-en-renta-en-the-block-easy-living-tipo-lock-off-ani-santa-maria-tequepexpan
EB-VP0719,RENTA,nave industrial,Tonalá,NAVE EN RENTA / VENTA EN PARQUE INDUSTRIAL INDUJAL,https://www.aciertamax.com/property/nave-en-renta-en-parque-industrial-indujal-haciendas-tonala
EB-VD6365,RENTA,bodega industrial,Tonalá,BODEGA EN RENTA EN PERIFERICO ORIENTE,https://www.aciertamax.com/property/bodega-en-renta-en-periferico-oriente-colinas-de-tonala-tonala
EB-UO0045,RENTA,nave industrial,Tonalá,NAVE EN RENTA  PARQUE INDUSTRIAL EN TONALA,https://www.aciertamax.com/property/nave-en-renta-parque-industrial-en-tonala
EB-VS8478,RENTA,terreno comercial,Tonalá,Terreno comercial sobre Av Malecón Tonala,https://www.aciertamax.com/property/terreno-comercial-sobre-av-malecon-tonala
EB-PO3443,RENTA,nave industrial,Tonalá,NAVE EN RENTA EN PARQUE INDUSTRIAL TONALA,https://www.aciertamax.com/property/nave-en-renta-en-parque-industrial-tonala-tonala-centro
EB-VI6277,RENTA,bodega comercial,Tonalá,BODEGA 64 EN RENTA EN PARQUE INDUSTRIAL,https://www.aciertamax.com/property/bodega-64-en-renta-en-parque-industrial
EB-VP0590,RENTA,nave industrial,Tonalá,NAVE EN RENTA / VENTA EN PARQUE INDUSTRIAL INDUJAL,https://www.aciertamax.com/property/nave-en-renta-en-parque-industrial-indujal
EB-WA8382,RENTA,nave industrial,Tonalá,NAVE EN RENTA EN PARQUE INDUSTRIAL,https://www.aciertamax.com/property/nave-en-renta-en-parque-industrial-fcebddec-b439-41c5-bee1-1bd262c4c09d
EB-VM8767,RENTA,bodega industrial,Tonalá,"Bodega en renta, Parque Elite Periferico Ote. I Industrial",https://www.aciertamax.com/property/bodega-en-renta-parque-elite-periferico-ote-i-industrial
EB-UV3126,RENTA,nave industrial,Tonalá,BODEGA EN RENTA SOBRE CARR. LIBRE A ZAPOTLANEJO,https://www.aciertamax.com/property/bodega-en-renta-sobre-carr-libre-a-zapotlanejo
EB-WX3733,RENTA,bodega industrial,Tonalá,BODEGA EN RENTA EN PERIFERICO ORIENTE,https://www.aciertamax.com/property/bodega-en-renta-en-periferico-oriente-colinas-de-tonala-bodega-industrial
EB-PZ9771,RENTA,bodega comercial,Tonalá,Amplia Bodega Axis Parque Industrial Axis Tonala,https://www.aciertamax.com/property/amplia-bodega-axis-parque-industrial-axis-tonala
EB-WS6464,RENTA,bodega industrial,Tonalá,BODEGA EN RENTA | PARQUE INDUSTRIAL INDUJAL | TONALÁ,https://www.aciertamax.com/property/bodega-en-renta-parque-industrial-indujal-tonala
EB-PO3385,RENTA,nave industrial,Tonalá,NAVE EN RENTA EN PARQUE INDUSTRIAL TONALA,https://www.aciertamax.com/property/nave-en-renta-en-parque-industrial-tonala
EB-VN3449,RENTA,bodega industrial,Tonalá,BODEGAS 58 Y 59 EN RENTA EN EL VALDO,https://www.aciertamax.com/property/bodegas-58-y-59-en-renta-en-el-valdo
EB-VA0528,RENTA,bodega comercial,Tonalá,Bodega en renta Parque Industrial,https://www.aciertamax.com/property/bodega-en-renta-parque-industrial-el-vado
EB-WU2660,RENTA,bodega comercial,Tonalá,"BODEGA industrial, comercial en RENTA en Axis Centro Logístico",https://www.aciertamax.com/property/bodega-industrial-comercial-en-renta-en-axis-centro-logistico
EB-VO0586,RENTA,bodega comercial,Tonalá,Bodega con gran terreno  en Cd Aztlan Tonala,https://www.aciertamax.com/property/bodega-con-gran-terreno-en-cd-aztlan-tonala
EB-WE5857,RENTA,bodega industrial,Tonalá,Bodega Nueva en Renta | A Estrenar | Elite Periférico Oriente | 724 m²,https://www.aciertamax.com/property/bodega-nueva-en-renta-a-estrenar-elite-periferico-oriente-724-m
EB-RJ5984,RENTA,terreno comercial,Tonalá,Terreno comercial con frente de 70 metros. Periférico Oriente y Tonaltecas,https://www.aciertamax.com/property/terreno-comercial-con-frente-de-70m2-ideal-para-terraza-de-eventos
EB-RB2992,RENTA,nave industrial,Tonalá,BODEGAS Y LOTES EN ZONA TONALÁ DE PRIMERA CLASE,https://www.aciertamax.com/property/bodegas-y-lotes-en-zona-tonala-de-primera-clase
EB-WI0487,RENTA,bodega industrial,Tonalá,Bodega en Renta en Tonalá,https://www.aciertamax.com/property/bodega-en-venta-en-tonala-ciudad-aztlan
EB-UV3995,RENTA,nave industrial,Tonalá,BODEGA EN RENTA SOBRE CARR. LIBRE A ZAPOTLANEJO,https://www.aciertamax.com/property/bodega-en-renta-sobre-carr-libre-a-zapotlanejo-jauja-tonala
EB-VN3515,RENTA,bodega industrial,Tonalá,BODEGAS 58 O 59 EN RENTA EN EL VALDO,https://www.aciertamax.com/property/bodegas-58-o-59-en-renta-en-el-valdo
EB-VM9349,RENTA,edificio,Tonalá,SE RENTA EDIFICIO PARA PROYECTO EN EL CENTRO TONALÁ,https://www.aciertamax.com/property/se-renta-casa-en-tonala
EB-QB7570,RENTA,bodega comercial,Tonalá,Bodegas en Tonala,https://www.aciertamax.com/property/bodegas-en-tonala
EB-LH9047,RENTA,bodega industrial,Tonalá,"Bodega en el Vado, Tonala",https://www.aciertamax.com/property/bodega-en-el-vado-tonala
EB-WZ4458,RENTA,local comercial,Tonalá,Magnífico local comercial en centro de Tonala,https://www.aciertamax.com/property/magnifico-local-comercial-en-centro-de-tonala
EB-WL3391,RENTA,bodega industrial,Tonalá,Bodega/taller en Tonalá,https://www.aciertamax.com/property/bodega-taller-en-tonala
EB-WZ6674,RENTA,bodega industrial,Tonalá,Bodega sobre Periferico Oriente renta,https://www.aciertamax.com/property/bodega-sobre-periferico-oriente-renta
